day,product,avg_tone,n
2015-02-19,GLD,3.2136610140633106,45
2015-02-19,SPY,-0.84783428467636957,5529
2015-02-19,TLT,0.51165505164554281,38
2015-02-19,USO,-1.7302345789486577,1140
2015-02-19,UUP,-1.2224260781777689,1583
2015-02-20,GLD,3.7488317486819818,57
2015-02-20,SPY,-0.85698603280417962,6132
2015-02-20,TLT,0.66272640192954135,56
2015-02-20,USO,-0.97829927154866214,916
2015-02-20,UUP,-1.1445524568035217,883
2015-02-21,GLD,2.750854910350979,8
2015-02-21,SPY,-1.0767887273670409,2286
2015-02-21,TLT,0.11945164252950033,17
2015-02-21,USO,-0.71239814843467575,432
2015-02-21,UUP,-1.3422643654220654,250
2015-02-22,GLD,0.99232605127776752,19
2015-02-22,SPY,-0.65760576453420183,1256
2015-02-22,TLT,-2.3511312662054666,19
2015-02-22,USO,-1.713436644296036,572
2015-02-22,UUP,-1.0006874388748324,190
2015-02-23,GLD,4.3858024577697527,33
2015-02-23,SPY,-0.59545034916351758,5950
2015-02-23,TLT,1.2597831220233391,55
2015-02-23,USO,-2.30678217617632,1063
2015-02-23,UUP,-0.81431612960702027,1290
2015-02-24,GLD,2.7195651229816211,40
2015-02-24,SPY,-0.32314371978561479,6996
2015-02-24,TLT,1.0454785431326554,70
2015-02-24,USO,-1.7984837585879889,1072
2015-02-24,UUP,-0.56655976582704137,2308
2015-02-25,GLD,3.3078599535109046,41
2015-02-25,SPY,-0.35376958769434436,7332
2015-02-25,TLT,1.1543105301604453,51
2015-02-25,USO,-1.2170906332261007,1064
2015-02-25,UUP,-0.5331359700992242,2229
2015-02-26,GLD,3.0992590530393294,54
2015-02-26,SPY,-0.44116540472992466,6687
2015-02-26,TLT,1.474031342074922,92
2015-02-26,USO,-1.3681864954460041,1114
2015-02-26,UUP,-0.70750415655060928,1797
2015-02-27,GLD,3.2958969713411665,52
2015-02-27,SPY,-0.59045024759994069,5895
2015-02-27,TLT,0.95418159966745519,157
2015-02-27,USO,-1.898727854721316,1143
2015-02-27,UUP,-0.61999146936892335,1344
2015-02-28,GLD,3.4587234678204264,18
2015-02-28,SPY,-0.70492147309617192,1953
2015-02-28,TLT,0.11849690044594971,57
2015-02-28,USO,-1.1157251740966112,466
2015-02-28,UUP,-0.71150280964740664,456
2015-03-01,GLD,1.4642297839595839,10
2015-03-01,SPY,-0.587086750113357,1517
2015-03-01,TLT,-0.031688639293003751,23
2015-03-01,USO,-1.3845141727856729,358
2015-03-01,UUP,-0.6998452695644497,268
2015-03-02,GLD,4.2280868040981607,47
2015-03-02,SPY,-0.53457072462024213,5574
2015-03-02,TLT,0.35192792507480847,57
2015-03-02,USO,-1.3484554250929051,893
2015-03-02,UUP,-0.72464216884148824,1031
2015-03-03,GLD,2.3634302544309964,50
2015-03-03,SPY,-0.43850093431442438,7144
2015-03-03,TLT,1.0932351879673019,71
2015-03-03,USO,-1.4295999650733273,1119
2015-03-03,UUP,-0.90659841896454962,921
2015-03-04,GLD,4.0519229527665974,35
2015-03-04,SPY,-1.060921572010457,6061
2015-03-04,TLT,0.34084647576780736,52
2015-03-04,USO,-1.4310803244243271,1268
2015-03-04,UUP,-1.39343512877187,1811
2015-03-05,GLD,3.3793131806435737,43
2015-03-05,SPY,-0.51644949778587446,6359
2015-03-05,TLT,0.98860761151935683,71
2015-03-05,USO,-1.2481206056744283,1054
2015-03-05,UUP,-1.1757940535680347,1505
2015-03-06,GLD,2.8411388141408356,75
2015-03-06,SPY,-0.78476918983987043,7296
2015-03-06,TLT,0.70295228187844128,94
2015-03-06,USO,-1.22501303214204,829
2015-03-06,UUP,-0.81913691483442008,3162
2015-03-07,GLD,1.7176215653897842,12
2015-03-07,SPY,-0.72221889582912768,2077
2015-03-07,TLT,-0.38504243746860306,32
2015-03-07,USO,-1.6074708218960889,456
2015-03-07,UUP,-1.0222631333548591,795
2015-03-08,GLD,1.1018417982971334,8
2015-03-08,SPY,-0.80190621345799529,1480
2015-03-08,TLT,-0.73355512329270045,14
2015-03-08,USO,-0.85677433638875611,366
2015-03-08,UUP,-0.99136044432658965,500
2015-03-09,GLD,3.0954370513693004,48
2015-03-09,SPY,-0.61009068812729794,7107
2015-03-09,TLT,0.1998329592623363,114
2015-03-09,USO,-1.6639984176114757,997
2015-03-09,UUP,-0.937146278991765,2811
2015-03-10,GLD,1.4144618737276438,54
2015-03-10,SPY,-0.808922197202716,5924
2015-03-10,TLT,0.42157090661150215,69
2015-03-10,USO,-1.7249855948236958,1017
2015-03-10,UUP,-1.565836385129133,2127
2015-03-11,GLD,3.7197401792436651,52
2015-03-11,SPY,-0.954883715278058,7251
2015-03-11,TLT,1.2350333912164229,98
2015-03-11,USO,-2.5431707656716793,1194
2015-03-11,UUP,-1.5730788140075054,2315
2015-03-12,GLD,4.4441228503399621,47
2015-03-12,SPY,-0.94304428198449641,6071
2015-03-12,TLT,1.860673334503127,138
2015-03-12,USO,-1.7688938612915186,1659
2015-03-12,UUP,-1.3901319851151142,2648
2015-03-13,GLD,5.3743302067590353,32
2015-03-13,SPY,-1.195678282683206,5630
2015-03-13,TLT,0.597441884816042,65
2015-03-13,USO,-1.5365910602376258,1564
2015-03-13,UUP,-1.360891527482077,2361
2015-03-14,GLD,5.2929272693919192,8
2015-03-14,SPY,-1.2125326750266361,1547
2015-03-14,TLT,-0.26793998183903706,40
2015-03-14,USO,-1.3712017930195972,429
2015-03-14,UUP,-0.83519931969386,454
2015-03-15,GLD,0.77639431862634811,9
2015-03-15,SPY,-1.0311419662339882,1277
2015-03-15,TLT,-0.11673008164068896,14
2015-03-15,USO,-1.1475401854145026,402
2015-03-15,UUP,-1.2390560625157336,457
2015-03-16,GLD,3.3854314348075265,35
2015-03-16,SPY,-0.53585924628763926,5294
2015-03-16,TLT,0.59113473667799776,72
2015-03-16,USO,-1.1211367822584273,1232
2015-03-16,UUP,-1.2206670654779042,2524
2015-03-17,GLD,3.5131859207503129,35
2015-03-17,SPY,-0.72263347618933582,6434
2015-03-17,TLT,0.38663776308544684,64
2015-03-17,USO,-1.4089426797610716,1462
2015-03-17,UUP,-1.0644212278986243,2627
2015-03-18,GLD,4.6488622253311771,31
2015-03-18,SPY,-0.83371077375559755,6342
2015-03-18,TLT,-0.39306864075732911,77
2015-03-18,USO,-1.7557506560001841,1370
2015-03-18,UUP,-1.0500783496279615,3511
2015-03-19,GLD,4.1630455912898077,37
2015-03-19,SPY,-0.95021180660880722,6242
2015-03-19,TLT,-0.32848421573267017,66
2015-03-19,USO,-1.6781029738954056,1230
2015-03-19,UUP,-1.1570909761814787,3786
2015-03-20,GLD,4.0359454859604815,57
2015-03-20,SPY,-0.78266620785553009,6105
2015-03-20,TLT,0.88535244025090987,47
2015-03-20,USO,-1.5130832104859488,1154
2015-03-20,UUP,-0.98405240434151353,2088
2015-03-21,GLD,4.2335760587636262,32
2015-03-21,SPY,-0.74305178649439019,1841
2015-03-21,TLT,-1.6453325411286444,10
2015-03-21,USO,-1.1488357816439929,554
2015-03-21,UUP,-0.63247689850858768,426
2015-03-22,GLD,1.7998937734933644,5
2015-03-22,SPY,-0.86824899054931515,1493
2015-03-22,TLT,-0.73021569905445227,11
2015-03-22,USO,0.53898523480268778,594
2015-03-22,UUP,-1.1193907239801639,548
2015-03-23,GLD,4.0392884628182868,41
2015-03-23,SPY,-0.629771271833392,5751
2015-03-23,TLT,0.63299316260701011,39
2015-03-23,USO,-1.0307292043420924,1211
2015-03-23,UUP,-0.88843366365108978,1967
2015-03-24,GLD,4.7052473459941186,29
2015-03-24,SPY,-1.0753325609855409,7196
2015-03-24,TLT,1.3559848125410443,80
2015-03-24,USO,-0.94053209837480434,993
2015-03-24,UUP,-0.99242745260445686,2081
2015-03-25,GLD,5.60943306053418,22
2015-03-25,SPY,-1.1364767918622904,6915
2015-03-25,TLT,0.26079818705743135,47
2015-03-25,USO,-1.4607891652427505,1091
2015-03-25,UUP,-0.55051780624930757,1242
2015-03-26,GLD,5.6002637386784482,55
2015-03-26,SPY,-1.5526479864456442,6714
2015-03-26,TLT,0.53293007950435922,85
2015-03-26,USO,-2.336200005935646,1342
2015-03-26,UUP,-1.3221807673187245,1467
2015-03-27,GLD,6.8077567064314621,25
2015-03-27,SPY,-1.4314480824547784,6289
2015-03-27,TLT,-0.23892958019284444,65
2015-03-27,USO,-1.4466079219569088,1162
2015-03-27,UUP,-1.4849191343591004,1573
2015-03-28,GLD,6.2930112131041831,4
2015-03-28,SPY,-1.0769923359475875,2042
2015-03-28,TLT,-0.48005284972949847,21
2015-03-28,USO,-1.2954322564431258,345
2015-03-28,UUP,-1.3456840448399661,408
2015-03-29,GLD,5.2924300980084071,14
2015-03-29,SPY,-1.0658249748230169,1577
2015-03-29,TLT,2.2481837692406,5
2015-03-29,USO,-1.4537679189650365,374
2015-03-29,UUP,-1.004011897007643,314
2015-03-30,GLD,5.224847907830001,40
2015-03-30,SPY,-0.70132045959520506,6008
2015-03-30,TLT,1.6692357467284071,85
2015-03-30,USO,-1.643651972046803,885
2015-03-30,UUP,-0.55118678712185376,1475
2015-03-31,GLD,4.3779438360836309,44
2015-03-31,SPY,-0.59766818366306418,6718
2015-03-31,TLT,0.72359456197286343,69
2015-03-31,USO,-1.8027558072905749,1253
2015-03-31,UUP,-0.63898509277694693,1059
2015-04-01,GLD,3.3726161501824237,36
2015-04-01,SPY,-0.91053835662918781,5525
2015-04-01,TLT,0.17699465453118363,60
2015-04-01,USO,-1.1966172504901451,1096
2015-04-01,UUP,-1.0339187569817556,1095
2015-04-02,GLD,4.73256453773946,46
2015-04-02,SPY,-0.86564761561726944,5372
2015-04-02,TLT,0.24994194558239335,58
2015-04-02,USO,-1.9242812530165363,1104
2015-04-02,UUP,-1.3380649773418374,1336
2015-04-03,GLD,4.4340283653430177,23
2015-04-03,SPY,-1.0704315727241502,2930
2015-04-03,TLT,0.040829569339960084,7
2015-04-03,USO,-1.8909296639099928,777
2015-04-03,UUP,-1.6792563824433941,1951
2015-04-04,GLD,6.6984512649134231,13
2015-04-04,SPY,-1.1263081631032936,1418
2015-04-04,TLT,-1.6703112496186747,18
2015-04-04,USO,-0.85368393701504786,396
2015-04-04,UUP,-1.8106912239497768,538
2015-04-05,GLD,5.10780254562744,11
2015-04-05,SPY,-1.2882576066766049,1246
2015-04-05,TLT,-0.37444909756144151,6
2015-04-05,USO,-0.13430456444712863,442
2015-04-05,UUP,-1.4857007585382214,383
2015-04-06,GLD,2.9977170110357223,37
2015-04-06,SPY,-0.90927100019784968,3369
2015-04-06,TLT,-0.48494097178261247,20
2015-04-06,USO,-1.1216002886885854,796
2015-04-06,UUP,-0.97283863370242307,1516
2015-04-07,GLD,3.80032158911866,33
2015-04-07,SPY,-0.39156932069272254,5706
2015-04-07,TLT,-0.1812791168318314,56
2015-04-07,USO,-1.3683788010203564,1177
2015-04-07,UUP,-0.73022930761402494,2115
2015-04-08,GLD,2.818832296602086,37
2015-04-08,SPY,-0.45639892995651421,6014
2015-04-08,TLT,-0.037629974736476,55
2015-04-08,USO,-1.0282031948729142,1299
2015-04-08,UUP,-0.47004367564653377,1797
2015-04-09,GLD,2.747689141720338,38
2015-04-09,SPY,-0.38297761542277164,5387
2015-04-09,TLT,-0.10652424354699355,58
2015-04-09,USO,-0.94788677634540086,1001
2015-04-09,UUP,-0.87142022690675369,1417
2015-04-10,GLD,3.3576252011112362,32
2015-04-10,SPY,-0.59192257158311457,5252
2015-04-10,TLT,1.5716008193803639,58
2015-04-10,USO,-1.2524186056902284,915
2015-04-10,UUP,-0.76599615291486733,960
2015-04-11,GLD,4.7308814849919383,14
2015-04-11,SPY,-0.554174334771237,1395
2015-04-11,TLT,-0.4622393153309593,15
2015-04-11,USO,-1.3187173647489172,410
2015-04-11,UUP,-0.52571951382209547,311
2015-04-12,GLD,5.72928093426208,8
2015-04-12,SPY,-0.66962269848009714,1802
2015-04-12,TLT,-0.57992719337238674,12
2015-04-12,USO,-0.4972825771374626,282
2015-04-12,UUP,-0.97079212469468634,289
2015-04-13,GLD,3.034858806545893,67
2015-04-13,SPY,-0.48637912140934697,5807
2015-04-13,TLT,1.9867395024844763,93
2015-04-13,USO,-1.9490499340752321,1155
2015-04-13,UUP,-0.49497506820512105,970
2015-04-14,GLD,3.883071663763765,54
2015-04-14,SPY,-0.68219606952801393,6377
2015-04-14,TLT,0.64404589389430666,64
2015-04-14,USO,-1.376399384712413,900
2015-04-14,UUP,-0.9583306914641363,1323
2015-04-15,GLD,3.3115107408065128,39
2015-04-15,SPY,-0.89156101869592164,6531
2015-04-15,TLT,1.1084974219633177,45
2015-04-15,USO,-1.0872510049086788,1070
2015-04-15,UUP,-1.175051235497339,1395
2015-04-16,GLD,3.370764448311518,36
2015-04-16,SPY,-0.33843117345406715,6271
2015-04-16,TLT,-0.018908665726658353,81
2015-04-16,USO,-1.3570243141750296,1065
2015-04-16,UUP,-0.93933485322177057,1811
2015-04-17,GLD,3.2838799766221412,42
2015-04-17,SPY,-1.5521804153054375,6487
2015-04-17,TLT,-0.7384385776244593,136
2015-04-17,USO,-1.6830055623848645,909
2015-04-17,UUP,-1.1303430885128638,1609
2015-04-18,GLD,3.7302233057841212,9
2015-04-18,SPY,-1.292735245312471,1877
2015-04-18,TLT,-1.15152295882088,20
2015-04-18,USO,-1.0845469560943914,334
2015-04-18,UUP,-1.2566766500803805,386
2015-04-19,GLD,3.2511542120950638,14
2015-04-19,SPY,-1.4781055750097674,1432
2015-04-19,TLT,-0.59924642415175633,21
2015-04-19,USO,-1.02345054752083,380
2015-04-19,UUP,-1.146075790566822,305
2015-04-20,GLD,5.5839440064138595,21
2015-04-20,SPY,-0.47478386506659809,5750
2015-04-20,TLT,0.26562183460948158,69
2015-04-20,USO,-1.4334127771062044,787
2015-04-20,UUP,-0.942758254846065,677
2015-04-21,GLD,3.9670532499493891,24
2015-04-21,SPY,-0.79439725622699886,6407
2015-04-21,TLT,-0.024115321033926981,60
2015-04-21,USO,-1.4929085260316148,814
2015-04-21,UUP,-0.57085579485624649,623
2015-04-22,GLD,3.1186723227296009,28
2015-04-22,SPY,-0.82798743675451558,7569
2015-04-22,TLT,-0.58763230139227751,56
2015-04-22,USO,-1.4963269568613582,1092
2015-04-22,UUP,-1.6114317744309765,665
2015-04-23,GLD,3.7785669829642043,14
2015-04-23,SPY,-0.91257507606070642,8444
2015-04-23,TLT,-0.76236987986927707,45
2015-04-23,USO,-0.840568257122655,1365
2015-04-23,UUP,-0.85368975471260022,835
2015-04-24,GLD,3.3575990096521422,14
2015-04-24,SPY,-0.6005834065302923,7281
2015-04-24,TLT,0.88302422365398914,43
2015-04-24,USO,-0.245134079062036,1153
2015-04-24,UUP,-0.597860366208491,860
2015-04-25,GLD,4.9572124291971464,7
2015-04-25,SPY,-1.0502564264853009,1830
2015-04-25,TLT,-0.6313186713227581,11
2015-04-25,USO,0.5097069946969095,735
2015-04-25,UUP,-1.0946404456640368,186
2015-04-26,GLD,5.0436883075359269,6
2015-04-26,SPY,-0.69533537946908541,1826
2015-04-26,TLT,-2.088998003283947,5
2015-04-26,USO,0.72297434828573781,543
2015-04-26,UUP,-0.26858982683439592,200
2015-04-27,GLD,1.6585218257227954,22
2015-04-27,SPY,-0.58905839791843162,6251
2015-04-27,TLT,0.469398344904142,77
2015-04-27,USO,-0.61350080129983842,1428
2015-04-27,UUP,-0.94018183108342546,1409
2015-04-28,GLD,0.74025759306786654,55
2015-04-28,SPY,-0.25827023183695824,7955
2015-04-28,TLT,0.24519894462736277,40
2015-04-28,USO,-0.37010501759268322,1351
2015-04-28,UUP,-0.99691583830416175,1616
2015-04-29,GLD,1.9046751165986042,28
2015-04-29,SPY,-0.69223529608812617,7136
2015-04-29,TLT,0.36948275185850848,58
2015-04-29,USO,-0.028864136548439757,1047
2015-04-29,UUP,-1.455407942284757,3055
2015-04-30,GLD,-0.44501792236371263,29
2015-04-30,SPY,-1.0159908893559246,8455
2015-04-30,TLT,0.44626486207910682,37
2015-04-30,USO,-0.43778461756183118,1173
2015-04-30,UUP,-1.5502053442392851,1869
2015-05-01,GLD,3.0258872909583325,16
2015-05-01,SPY,-1.3119806088466941,5685
2015-05-01,TLT,-0.19812526652865198,16
2015-05-01,USO,0.066262927238008543,959
2015-05-01,UUP,-1.1399321821857225,993
2015-05-02,GLD,5.4052837747505524,12
2015-05-02,SPY,-1.4004257755284311,1392
2015-05-02,TLT,-1.6833496283758225,8
2015-05-02,USO,-0.28271760186660927,668
2015-05-02,UUP,-1.4177252615801186,280
2015-05-03,GLD,4.8595105622482428,6
2015-05-03,SPY,-1.2223715879943926,1233
2015-05-03,TLT,0.57179025618568113,9
2015-05-03,USO,1.2158314358339002,547
2015-05-03,UUP,-1.3890018782664626,314
2015-05-04,GLD,2.0717508063948284,25
2015-05-04,SPY,-0.63764784658857987,5279
2015-05-04,TLT,-0.14642708520255571,48
2015-05-04,USO,-0.57956792509238764,1074
2015-05-04,UUP,-0.48788320699407717,898
2015-05-05,GLD,4.2749368265261367,24
2015-05-05,SPY,-0.791750801966387,6453
2015-05-05,TLT,-0.85840911174596135,72
2015-05-05,USO,-0.33669300831269744,1159
2015-05-05,UUP,-0.67826835098559712,964
2015-05-06,GLD,2.0113218065733882,21
2015-05-06,SPY,-0.92182100037239656,6815
2015-05-06,TLT,-0.24974716027834909,114
2015-05-06,USO,-0.84022036514373122,1249
2015-05-06,UUP,-1.770175595861105,1884
2015-05-07,GLD,2.07023044797315,33
2015-05-07,SPY,-0.73476323210113759,5930
2015-05-07,TLT,-0.62894054332858784,79
2015-05-07,USO,-0.998430421800716,1423
2015-05-07,UUP,-1.5150136799246956,1804
2015-05-08,GLD,2.9430979749042727,26
2015-05-08,SPY,-0.53808850568288447,5894
2015-05-08,TLT,0.82902934432558706,56
2015-05-08,USO,-0.55156874512752252,1497
2015-05-08,UUP,-0.80724850694993755,2383
2015-05-09,GLD,3.0690249839620005,11
2015-05-09,SPY,-0.652148748709149,1352
2015-05-09,TLT,1.3216176526508228,10
2015-05-09,USO,0.76242525089357072,808
2015-05-09,UUP,-0.44084537518946809,329
2015-05-10,GLD,4.6443000554292366,6
2015-05-10,SPY,-1.0478655455813284,1505
2015-05-10,TLT,-0.53857499994639524,8
2015-05-10,USO,1.0535024571496414,772
2015-05-10,UUP,-0.977505479294988,272
2015-05-11,GLD,3.5657141340196983,10
2015-05-11,SPY,-1.0097936824181317,6108
2015-05-11,TLT,-0.23847726924224477,52
2015-05-11,USO,-0.61558052935029273,1004
2015-05-11,UUP,-0.71459395248448765,992
2015-05-12,GLD,2.503556152116273,29
2015-05-12,SPY,-1.2436729231075039,5764
2015-05-12,TLT,0.54039041785746988,61
2015-05-12,USO,-1.5271018051774183,1222
2015-05-12,UUP,-1.2476310987131751,1320
2015-05-13,GLD,2.1203029370219717,23
2015-05-13,SPY,-1.1909805993319942,6871
2015-05-13,TLT,0.56867067058014542,65
2015-05-13,USO,-0.17362052640009384,1327
2015-05-13,UUP,-1.2760620385652048,1266
2015-05-14,GLD,2.7413520159887694,14
2015-05-14,SPY,-0.98289940897803441,5439
2015-05-14,TLT,-0.29346721756458038,48
2015-05-14,USO,-0.7077452514467083,1008
2015-05-14,UUP,-1.0657595736187988,1285
2015-05-15,GLD,4.8319439737838321,17
2015-05-15,SPY,-1.1049822557758484,5294
2015-05-15,TLT,0.32256176104366013,61
2015-05-15,USO,1.0906947125551443,2428
2015-05-15,UUP,-1.5305089325191623,1766
2015-05-16,GLD,1.03237745541479,90
2015-05-16,SPY,-1.1010947630198236,1840
2015-05-16,TLT,-1.6113435638083726,8
2015-05-16,USO,-0.27828133688869716,453
2015-05-16,UUP,-1.1449941234505376,321
2015-05-17,GLD,0.53010901596691518,36
2015-05-17,SPY,-0.74545553096508976,1268
2015-05-17,TLT,-0.40547991273223616,6
2015-05-17,USO,-0.1653387188223624,294
2015-05-17,UUP,-1.1842150944618342,237
2015-05-18,GLD,3.0865013714907339,25
2015-05-18,SPY,-0.63013743562083491,4934
2015-05-18,TLT,0.35811571296092115,43
2015-05-18,USO,-1.6046390315487582,1073
2015-05-18,UUP,-0.60896457435885021,1153
2015-05-19,GLD,1.107348088247631,23
2015-05-19,SPY,-0.73615475917379,6135
2015-05-19,TLT,0.091373813615521909,52
2015-05-19,USO,-1.8134035357039184,1057
2015-05-19,UUP,-1.0062600254908205,1101
2015-05-20,GLD,0.38883949430902032,47
2015-05-20,SPY,-1.0002086037046791,6849
2015-05-20,TLT,-0.31952696277718873,44
2015-05-20,USO,-1.0413189666453591,1136
2015-05-20,UUP,-2.4345659195716092,3300
2015-05-21,GLD,1.3119793093952603,34
2015-05-21,SPY,-0.86990509509166214,5880
2015-05-21,TLT,0.29446738643091475,56
2015-05-21,USO,-2.2108101446202326,945
2015-05-21,UUP,-1.600101161944107,1885
2015-05-22,GLD,3.5729228967348048,17
2015-05-22,SPY,-0.62055189332356941,5542
2015-05-22,TLT,0.10739268819777452,50
2015-05-22,USO,-1.7821330035831602,954
2015-05-22,UUP,-0.95786646682049736,2488
2015-05-23,GLD,1.0738511933896466,4
2015-05-23,SPY,-0.98633693101322817,1323
2015-05-23,TLT,-1.5570129734252176,14
2015-05-23,USO,-0.10787874876014746,424
2015-05-23,UUP,-1.0989484597453458,526
2015-05-24,GLD,2.58699649229159,5
2015-05-24,SPY,-1.0433795755499069,965
2015-05-24,TLT,-0.91559338589598016,7
2015-05-24,USO,0.012892921700709837,351
2015-05-24,UUP,-0.75630439180230469,375
2015-05-25,GLD,4.4569575048828476,11
2015-05-25,SPY,-1.0609873567723258,3246
2015-05-25,TLT,-1.2018953329099717,69
2015-05-25,USO,-1.8770409832645654,825
2015-05-25,UUP,-1.0386351131355558,1065
2015-05-26,GLD,2.9745823763540153,31
2015-05-26,SPY,-0.80775125454237384,5462
2015-05-26,TLT,0.09235482195943992,73
2015-05-26,USO,-2.2718934162646121,1517
2015-05-26,UUP,-0.31405739626381213,1374
2015-05-27,GLD,3.8465646869860723,34
2015-05-27,SPY,-0.921585983989083,5851
2015-05-27,TLT,1.7268443367704021,67
2015-05-27,USO,-2.1268923447178372,1027
2015-05-27,UUP,-0.98094168950739191,1936
2015-05-28,GLD,4.6478828137869135,13
2015-05-28,SPY,-1.5321437767380228,6154
2015-05-28,TLT,1.0280855426153448,57
2015-05-28,USO,-1.6352265962478594,935
2015-05-28,UUP,-1.2409359469920132,1222
2015-05-29,GLD,3.1750270836426986,16
2015-05-29,SPY,-1.4002294017075785,5982
2015-05-29,TLT,0.13851795916693707,46
2015-05-29,USO,-1.9804098938625108,1376
2015-05-29,UUP,-1.7296262044598236,1034
2015-05-30,GLD,1.8436661930618816,7
2015-05-30,SPY,-1.1336508270244108,2000
2015-05-30,TLT,-0.69946376974650926,13
2015-05-30,USO,-2.1212481241454064,674
2015-05-30,UUP,-1.4134834720389962,315
2015-05-31,GLD,-0.39841317015146166,6
2015-05-31,SPY,-1.4357940040789545,1717
2015-05-31,TLT,1.0668094789443221,11
2015-05-31,USO,-0.35606731838430833,404
2015-05-31,UUP,-1.4585356608517839,305
2015-06-01,GLD,3.9528361546026836,20
2015-06-01,SPY,-0.96212105049235352,5115
2015-06-01,TLT,-0.21787774233004045,47
2015-06-01,USO,-0.93319388010443283,767
2015-06-01,UUP,-0.9696558909685421,1082
2015-06-02,GLD,3.4932536742778728,29
2015-06-02,SPY,-1.003942806776694,5912
2015-06-02,TLT,0.0057012416712496593,69
2015-06-02,USO,-0.58269855752457345,967
2015-06-02,UUP,-1.1233337295169019,1172
2015-06-03,GLD,4.2974903445684918,16
2015-06-03,SPY,-0.81222873190091638,5329
2015-06-03,TLT,0.51487419907768,65
2015-06-03,USO,-1.5518624609347953,1079
2015-06-03,UUP,-0.79112489636943784,1263
2015-06-04,GLD,3.78376683189747,22
2015-06-04,SPY,-1.1729383236890905,5466
2015-06-04,TLT,-0.96478775656949922,69
2015-06-04,USO,-1.0224258466397553,1184
2015-06-04,UUP,-1.4843899845942969,1388
2015-06-05,GLD,4.6849501929789623,20
2015-06-05,SPY,-1.7376671724894523,5170
2015-06-05,TLT,-1.0839490918846424,67
2015-06-05,USO,-1.3601428300846032,1390
2015-06-05,UUP,-1.547894080300652,2656
2015-06-06,GLD,4.1404709596182734,7
2015-06-06,SPY,-0.99243757993560544,1378
2015-06-06,TLT,-0.16574152532662104,10
2015-06-06,USO,-0.80121906989004343,449
2015-06-06,UUP,-1.0536435384590945,364
2015-06-07,GLD,2.4659196668387469,6
2015-06-07,SPY,-0.71903868181534236,1299
2015-06-07,TLT,0.71982591588124478,9
2015-06-07,USO,-1.1688889939017488,796
2015-06-07,UUP,-1.0883209019856062,263
2015-06-08,GLD,2.063969450399461,15
2015-06-08,SPY,-1.3222860502680496,5420
2015-06-08,TLT,-0.43245836045656688,44
2015-06-08,USO,-1.4770782671453153,718
2015-06-08,UUP,-1.433211967071593,1429
2015-06-09,GLD,3.6001175912079839,20
2015-06-09,SPY,-1.5824027080939149,6258
2015-06-09,TLT,-0.2405897543179116,47
2015-06-09,USO,-4.3917387935474714,2059
2015-06-09,UUP,-1.7283804638834315,1337
2015-06-10,GLD,2.4287008797195124,24
2015-06-10,SPY,-0.93966287154259343,6166
2015-06-10,TLT,-0.24264690155863572,52
2015-06-10,USO,-2.5098325782150805,1186
2015-06-10,UUP,-1.1125739197471198,958
2015-06-11,GLD,2.1115379112865358,32
2015-06-11,SPY,-0.7118093427692449,6952
2015-06-11,TLT,0.6499451495751668,49
2015-06-11,USO,-1.7732139276131083,1225
2015-06-11,UUP,-0.56661845493476626,1162
2015-06-12,GLD,2.8085437076429982,28
2015-06-12,SPY,-1.1523482841673802,6502
2015-06-12,TLT,-1.0348593394439698,50
2015-06-12,USO,-4.4073081127485754,2153
2015-06-12,UUP,-1.1785071528016924,1128
2015-06-13,GLD,0.83278634160681786,31
2015-06-13,SPY,-0.82434370968090376,2405
2015-06-13,TLT,-0.880843528099357,9
2015-06-13,USO,-2.9923426199121912,717
2015-06-13,UUP,-0.8926585151682862,280
2015-06-14,GLD,1.2312923102273166,24
2015-06-14,SPY,-0.59994417751876927,1961
2015-06-14,TLT,-1.1070699491113967,4
2015-06-14,USO,-0.78913815070435256,242
2015-06-14,UUP,-1.402100623832824,201
2015-06-15,GLD,2.4616691187863537,26
2015-06-15,SPY,-1.6814354160455687,5930
2015-06-15,TLT,-1.2873913216163511,75
2015-06-15,USO,-2.2556702190626829,706
2015-06-15,UUP,-1.670933248551185,1663
2015-06-16,GLD,2.3793382391004663,21
2015-06-16,SPY,-1.0379931051225855,5504
2015-06-16,TLT,-0.41622507499388056,76
2015-06-16,USO,-0.91938372583433969,882
2015-06-16,UUP,-1.6261136150025732,1515
2015-06-17,GLD,2.9113677166444543,26
2015-06-17,SPY,-0.85079958656578414,5388
2015-06-17,TLT,-0.43189535552482261,50
2015-06-17,USO,-0.67373835095825352,976
2015-06-17,UUP,-1.140330429563694,2432
2015-06-18,GLD,0.953716752166908,27
2015-06-18,SPY,-0.877705260008681,5855
2015-06-18,TLT,-0.79810866912636491,39
2015-06-18,USO,-0.48766621212188049,861
2015-06-18,UUP,-1.0903214101098753,3008
2015-06-19,GLD,3.5193211024207138,20
2015-06-19,SPY,-1.409733344855939,5651
2015-06-19,TLT,0.12893730292521541,47
2015-06-19,USO,-2.5008676850998333,727
2015-06-19,UUP,-1.5997316853983805,1683
2015-06-20,GLD,2.2979377976480579,7
2015-06-20,SPY,-1.3582661495385486,1617
2015-06-20,TLT,0.37713583754243551,26
2015-06-20,USO,-0.38317296674249363,351
2015-06-20,UUP,-1.1080498904323528,277
2015-06-21,GLD,6.4270909872063324,12
2015-06-21,SPY,-1.0028096450074164,1284
2015-06-21,TLT,-0.36247311621457712,25
2015-06-21,USO,-0.66198680269806587,213
2015-06-21,UUP,-1.1891130309869038,192
2015-06-22,GLD,5.8437733024968326,23
2015-06-22,SPY,-0.47070544925742958,5145
2015-06-22,TLT,1.112657669904223,90
2015-06-22,USO,-1.5339149722384688,650
2015-06-22,UUP,-0.60129518295977635,1105
2015-06-23,GLD,2.3652718223748614,17
2015-06-23,SPY,-0.41341060995844958,5466
2015-06-23,TLT,0.50305825567128648,67
2015-06-23,USO,-0.892087066208807,797
2015-06-23,UUP,-0.25428172579478819,1294
2015-06-24,GLD,2.0981296064076269,19
2015-06-24,SPY,-0.710726054648082,5481
2015-06-24,TLT,-0.30051549056039228,64
2015-06-24,USO,-1.4033986116891413,1021
2015-06-24,UUP,-0.66987213160332293,940
2015-06-25,GLD,3.6307307680604186,17
2015-06-25,SPY,-0.83473341590467465,5534
2015-06-25,TLT,0.63106897467604117,69
2015-06-25,USO,-3.1953991081064328,1832
2015-06-25,UUP,-0.54933765228774711,825
2015-06-26,GLD,2.0172229721535517,20
2015-06-26,SPY,-1.357476595925952,5097
2015-06-26,TLT,0.15199121951112293,42
2015-06-26,USO,-1.9359381969448937,854
2015-06-26,UUP,-1.0670546216879706,616
2015-06-27,GLD,3.5692177797234081,9
2015-06-27,SPY,-0.88773651791608177,1192
2015-06-27,TLT,-1.4678027827674893,7
2015-06-27,USO,-1.7537813700940392,319
2015-06-27,UUP,-1.0948244501926114,174
2015-06-28,GLD,6.2598739201797455,7
2015-06-28,SPY,-1.5743016018108027,1521
2015-06-28,TLT,-0.37757224771766468,14
2015-06-28,USO,-2.7990713919709438,452
2015-06-28,UUP,-2.1199954671907384,219
2015-06-29,GLD,2.5108082553402813,32
2015-06-29,SPY,-2.4282470359395631,6993
2015-06-29,TLT,-1.912196485137962,200
2015-06-29,USO,-2.2105943435149147,957
2015-06-29,UUP,-1.3702301705621172,672
2015-06-30,GLD,3.0734188346005213,17
2015-06-30,SPY,-1.8750329089044977,7597
2015-06-30,TLT,-0.25494242029921477,140
2015-06-30,USO,-1.7791473793867323,842
2015-06-30,UUP,-1.9058791254168468,635
2015-07-01,GLD,1.20121542665998,25
2015-07-01,SPY,-0.89500040847307227,5620
2015-07-01,TLT,0.21793368567371466,84
2015-07-01,USO,-1.1809609407223203,749
2015-07-01,UUP,-0.811660863703669,854
2015-07-02,GLD,1.2776422158229463,24
2015-07-02,SPY,-1.1292743395205367,5993
2015-07-02,TLT,-0.9450071742117524,57
2015-07-02,USO,-1.3403205594695355,842
2015-07-02,UUP,-1.0040027513949374,2649
2015-07-03,GLD,1.9041005956776451,24
2015-07-03,SPY,-1.6106945867299776,5059
2015-07-03,TLT,-0.752579894913227,57
2015-07-03,USO,-0.97797809787840828,757
2015-07-03,UUP,-1.0579151334102039,884
2015-07-04,GLD,3.793109659475344,11
2015-07-04,SPY,-1.487927055538484,2252
2015-07-04,TLT,-0.70317563338603839,13
2015-07-04,USO,-0.85985145957374631,666
2015-07-04,UUP,-0.11852275784210416,482
2015-07-05,GLD,3.0486238318782624,15
2015-07-05,SPY,-2.5363386677033679,2830
2015-07-05,TLT,-1.5309395219523025,23
2015-07-05,USO,-0.46403247472189252,524
2015-07-05,UUP,-1.0349210760882137,426
2015-07-06,GLD,3.696277691055696,45
2015-07-06,SPY,-1.6551638067323273,8173
2015-07-06,TLT,-1.6293054829248548,175
2015-07-06,USO,-1.1934871874334949,1542
2015-07-06,UUP,-1.6264610879315833,865
2015-07-07,GLD,4.1256855915127124,42
2015-07-07,SPY,-1.8232978058060241,8785
2015-07-07,TLT,-0.82230872239999053,133
2015-07-07,USO,-1.6290237570380492,1328
2015-07-07,UUP,-2.1851155343616226,1190
2015-07-08,GLD,3.1104569122886296,56
2015-07-08,SPY,-2.428907597662453,12622
2015-07-08,TLT,0.020610370638206907,80
2015-07-08,USO,-1.5905890151864404,1418
2015-07-08,UUP,-1.9336448102949011,1533
2015-07-09,GLD,3.3828534263042265,46
2015-07-09,SPY,-1.7733182698264132,11489
2015-07-09,TLT,0.63298773938827357,76
2015-07-09,USO,-1.0785529304935542,1614
2015-07-09,UUP,-2.0137236994229561,1513
2015-07-10,GLD,4.0725726604190884,30
2015-07-10,SPY,-0.65562447582346917,9122
2015-07-10,TLT,0.62924234252314748,70
2015-07-10,USO,-0.75044849872003094,1214
2015-07-10,UUP,-0.88576059646043892,1774
2015-07-11,GLD,2.664972317986682,11
2015-07-11,SPY,-1.0274925013514344,2565
2015-07-11,TLT,-0.62041783533717776,13
2015-07-11,USO,-2.2521718130040131,761
2015-07-11,UUP,-1.8880412114543454,492
2015-07-12,GLD,5.7827234410817727,12
2015-07-12,SPY,-1.2167943758042423,2031
2015-07-12,TLT,-1.3268476842240948,19
2015-07-12,USO,-2.6689497620853397,795
2015-07-12,UUP,-1.4210007567101721,367
2015-07-13,GLD,4.2493069090255755,33
2015-07-13,SPY,-0.81150428534523922,8369
2015-07-13,TLT,2.092948019029643,147
2015-07-13,USO,-0.95366203440442088,1100
2015-07-13,UUP,-1.5341394036177236,1249
2015-07-14,GLD,2.6414800994094692,51
2015-07-14,SPY,-0.6935053505232246,8571
2015-07-14,TLT,0.31524472155311778,78
2015-07-14,USO,-1.8680799186012573,1696
2015-07-14,UUP,-1.1614022996663718,1315
2015-07-15,GLD,3.3133488211784461,39
2015-07-15,SPY,-0.95066056965135048,7058
2015-07-15,TLT,0.56028107677429773,60
2015-07-15,USO,-1.1135200452245377,1447
2015-07-15,UUP,-1.6690360385686711,3299
2015-07-16,GLD,3.5079544999278358,28
2015-07-16,SPY,-0.38796390851770679,6924
2015-07-16,TLT,0.66193967222269223,57
2015-07-16,USO,-1.2850183492372049,1281
2015-07-16,UUP,-1.5970145531561422,2387
2015-07-17,GLD,1.9034062993917626,17
2015-07-17,SPY,-0.46071123709253708,6916
2015-07-17,TLT,0.86028268669978836,62
2015-07-17,USO,-1.0358347550825246,1306
2015-07-17,UUP,-0.96839907340890852,1483
2015-07-18,GLD,2.8942810365657676,10
2015-07-18,SPY,-1.2157330354251128,2477
2015-07-18,TLT,-0.85429821176980292,9
2015-07-18,USO,-0.85862419770349663,631
2015-07-18,UUP,-0.8308447439193104,434
2015-07-19,GLD,3.1677652068344075,10
2015-07-19,SPY,-1.058291294708831,1667
2015-07-19,TLT,-1.6885651838391396,12
2015-07-19,USO,-1.3557235458554351,454
2015-07-19,UUP,-1.2345871097665746,314
2015-07-20,GLD,2.2423604423700745,206
2015-07-20,SPY,-0.72901230126258065,6488
2015-07-20,TLT,0.81333238827781529,50
2015-07-20,USO,-0.90884518694975513,1331
2015-07-20,UUP,-0.30034104157747643,1690
2015-07-21,GLD,1.7376574898607411,87
2015-07-21,SPY,-0.7740336002066257,8627
2015-07-21,TLT,0.64745456453448069,72
2015-07-21,USO,-1.1772168936392324,1370
2015-07-21,UUP,-0.66865127561107007,1694
2015-07-22,GLD,2.8991437567837215,83
2015-07-22,SPY,-0.90711852163974971,7903
2015-07-22,TLT,-0.49702347748435122,63
2015-07-22,USO,-0.80664081919347241,1363
2015-07-22,UUP,-0.82770528578440006,1570
2015-07-23,GLD,2.626218107167634,45
2015-07-23,SPY,-0.52321675681542545,8376
2015-07-23,TLT,0.93096003314758524,58
2015-07-23,USO,-0.628836298207459,1385
2015-07-23,UUP,-0.87475451768009482,1220
2015-07-24,GLD,3.2391449182915095,81
2015-07-24,SPY,-0.80241066142931106,8010
2015-07-24,TLT,-0.0561612966389264,58
2015-07-24,USO,-1.3313287559381448,1278
2015-07-24,UUP,-1.0143859325960178,1345
2015-07-25,GLD,5.0434011183213041,29
2015-07-25,SPY,-1.1258805153856566,2870
2015-07-25,TLT,-0.7303373862436997,13
2015-07-25,USO,-0.93109738406630782,781
2015-07-25,UUP,-1.0883601819318938,382
2015-07-26,GLD,2.6164150643244524,8
2015-07-26,SPY,-1.5432871372901185,2612
2015-07-26,TLT,0.064949407664733422,13
2015-07-26,USO,-1.6396171039782383,502
2015-07-26,UUP,-1.01741709017222,350
2015-07-27,GLD,2.6287129204678066,84
2015-07-27,SPY,-1.4067150091183236,7551
2015-07-27,TLT,-0.44665119098972689,75
2015-07-27,USO,-1.5083583833537035,1212
2015-07-27,UUP,-1.4804396624997824,1646
2015-07-28,GLD,3.0237416825669983,65
2015-07-28,SPY,-0.99715356243084552,9300
2015-07-28,TLT,0.51879755787312165,77
2015-07-28,USO,-0.53547527354581015,1889
2015-07-28,UUP,-1.0576595462221323,1529
2015-07-29,GLD,3.0525509580663304,58
2015-07-29,SPY,-0.542420870841161,8060
2015-07-29,TLT,0.75855184570080669,48
2015-07-29,USO,-1.2006722860202392,1314
2015-07-29,UUP,-0.82488430875531815,2284
2015-07-30,GLD,3.4595324717194851,53
2015-07-30,SPY,-0.61277811967788287,8567
2015-07-30,TLT,0.70121256628590756,74
2015-07-30,USO,-1.1884571352757904,1287
2015-07-30,UUP,-0.56617797221716482,2312
2015-07-31,GLD,2.9265432831056155,48
2015-07-31,SPY,-0.58457922131804674,7163
2015-07-31,TLT,0.37233227409301467,48
2015-07-31,USO,-1.0912189330861473,1179
2015-07-31,UUP,-0.87427423916792923,2210
2015-08-01,GLD,1.5594880660817352,20
2015-08-01,SPY,-1.1894670218214649,2769
2015-08-01,TLT,-1.2682262458919964,12
2015-08-01,USO,-3.0689689761193137,1243
2015-08-01,UUP,-0.68188877251697755,645
2015-08-02,GLD,4.747220720081673,13
2015-08-02,SPY,-1.1939625601018264,2557
2015-08-02,TLT,-1.3983573578999047,8
2015-08-02,USO,-2.1376632700071343,1286
2015-08-02,UUP,-0.77966003900725145,488
2015-08-03,GLD,3.3464409736844494,56
2015-08-03,SPY,-1.5010254478385128,8593
2015-08-03,TLT,0.55212429059422119,74
2015-08-03,USO,-1.8142615718817177,1549
2015-08-03,UUP,-1.2679685951506128,1582
2015-08-04,GLD,3.4770050515337596,42
2015-08-04,SPY,-1.0674558164660795,8265
2015-08-04,TLT,-0.803619592606023,69
2015-08-04,USO,-1.7938667847212175,1682
2015-08-04,UUP,-1.1720252211151496,1331
2015-08-05,GLD,4.1641486196539264,32
2015-08-05,SPY,-0.5543620517035539,8192
2015-08-05,TLT,0.56347514958744349,48
2015-08-05,USO,-1.1422510450446841,1252
2015-08-05,UUP,-0.74873366480522474,1956
2015-08-06,GLD,3.0308137461982163,61
2015-08-06,SPY,-0.80212545488807,7442
2015-08-06,TLT,-0.094432392539433571,38
2015-08-06,USO,-1.7453223066912373,1427
2015-08-06,UUP,-0.84363479614715975,1860
2015-08-07,GLD,2.514744708342493,40
2015-08-07,SPY,-0.96944462960189781,6300
2015-08-07,TLT,0.20059515738671846,69
2015-08-07,USO,-1.6520276015328279,1433
2015-08-07,UUP,-0.78741157279205987,3007
2015-08-08,GLD,2.602587395573714,18
2015-08-08,SPY,-1.296132561785974,1794
2015-08-08,TLT,0.25185716381352,12
2015-08-08,USO,-1.4258293384622742,777
2015-08-08,UUP,-1.1792369552489519,660
2015-08-09,GLD,3.7989077669109803,15
2015-08-09,SPY,-1.0048335255977858,1460
2015-08-09,TLT,1.0766501751161202,3
2015-08-09,USO,-1.1086181006066744,667
2015-08-09,UUP,-1.1935581441367882,408
2015-08-10,GLD,3.9718969858819211,34
2015-08-10,SPY,-0.55938931653646229,5900
2015-08-10,TLT,1.6962483133018322,56
2015-08-10,USO,-1.6237727970443721,1147
2015-08-10,UUP,-0.97822144729592386,1428
2015-08-11,GLD,3.4198817641176333,31
2015-08-11,SPY,-1.1503585969772376,8716
2015-08-11,TLT,-0.14930165173838914,43
2015-08-11,USO,-1.9707803561659594,1573
2015-08-11,UUP,-1.1811142571420536,1500
2015-08-12,GLD,2.0193866786864461,46
2015-08-12,SPY,-1.7532117730813925,8268
2015-08-12,TLT,2.2592896247214758,166
2015-08-12,USO,-1.5579240012447293,1423
2015-08-12,UUP,-1.9341686842042161,1548
2015-08-13,GLD,2.9059408300933334,73
2015-08-13,SPY,-1.1558735121724122,7332
2015-08-13,TLT,-0.010402946310094311,68
2015-08-13,USO,-1.6641859682257287,1528
2015-08-13,UUP,-1.3276150511354903,1381
2015-08-14,GLD,3.1635372043335961,46
2015-08-14,SPY,-1.6207818955927891,7014
2015-08-14,TLT,-0.22658663179151284,47
2015-08-14,USO,-1.8661142506204584,1586
2015-08-14,UUP,-1.0934761687299051,1535
2015-08-15,GLD,6.6178786737253983,37
2015-08-15,SPY,-0.95121992557838086,2430
2015-08-15,TLT,-1.5700294486930448,13
2015-08-15,USO,-1.4407763891526637,688
2015-08-15,UUP,-1.3262402262046622,443
2015-08-16,GLD,6.5563537181409091,33
2015-08-16,SPY,-1.1751357083388352,1642
2015-08-16,TLT,-1.0020947538434108,10
2015-08-16,USO,-1.5302357307585865,665
2015-08-16,UUP,-1.3390506469054091,347
2015-08-17,GLD,5.1798786258152161,70
2015-08-17,SPY,-0.99567602580460568,5921
2015-08-17,TLT,0.2985146486095398,51
2015-08-17,USO,-1.8944267974266407,1416
2015-08-17,UUP,-1.1306473991205981,1906
2015-08-18,GLD,6.6411044366293011,57
2015-08-18,SPY,-1.1543400929996224,6890
2015-08-18,TLT,-0.83777789401644909,49
2015-08-18,USO,-2.1111038189702924,1248
2015-08-18,UUP,-1.4308123348592181,1451
2015-08-19,GLD,5.2555409395246535,61
2015-08-19,SPY,-1.4327457544319144,6690
2015-08-19,TLT,-0.56291430620801675,46
2015-08-19,USO,-1.4653031457144368,1626
2015-08-19,UUP,-1.8459262685408848,2371
2015-08-20,GLD,4.4587846793111554,109
2015-08-20,SPY,-1.5958692447515608,7026
2015-08-20,TLT,-0.33991296105435681,46
2015-08-20,USO,-1.5324953635595489,1998
2015-08-20,UUP,-2.1362489181791324,2554
2015-08-21,GLD,3.6781497160764807,107
2015-08-21,SPY,-2.3713874115356512,8880
2015-08-21,TLT,-0.99124352339597765,72
2015-08-21,USO,-2.4360166555728457,1737
2015-08-21,UUP,-2.2317927572684035,2096
2015-08-22,GLD,5.4654670977564672,57
2015-08-22,SPY,-2.3395917178361341,3428
2015-08-22,TLT,-1.6027048442909133,20
2015-08-22,USO,-2.4486687428022478,777
2015-08-22,UUP,-2.8928507741704919,982
2015-08-23,GLD,5.6706095182450156,49
2015-08-23,SPY,-1.6330063930535927,2674
2015-08-23,TLT,-1.4205261157877733,64
2015-08-23,USO,-1.2851385950254366,837
2015-08-23,UUP,-2.1737643709017616,629
2015-08-24,GLD,4.8867741826749738,80
2015-08-24,SPY,-2.9001404068057024,14410
2015-08-24,TLT,-2.1548124482877289,141
2015-08-24,USO,-2.7127212920639141,1916
2015-08-24,UUP,-2.5425830013696591,2466
2015-08-25,GLD,5.2912578879078653,78
2015-08-25,SPY,-2.0446238970892487,15740
2015-08-25,TLT,-0.17444801361276197,121
2015-08-25,USO,-2.1000916065332236,1836
2015-08-25,UUP,-2.0868202741119886,2504
2015-08-26,GLD,4.5566038766232309,81
2015-08-26,SPY,-1.736804043263861,11299
2015-08-26,TLT,-0.6068949354057428,88
2015-08-26,USO,-1.8725812169775473,1634
2015-08-26,UUP,-2.1176266705359672,2432
2015-08-27,GLD,6.1904766590096605,62
2015-08-27,SPY,-1.1398435195837742,11040
2015-08-27,TLT,0.34057185224731695,92
2015-08-27,USO,-1.4867119251327168,1493
2015-08-27,UUP,-1.5170804984613062,2893
2015-08-28,GLD,5.5772512452308218,63
2015-08-28,SPY,-1.149451553902872,9109
2015-08-28,TLT,0.987772144085767,95
2015-08-28,USO,-1.0941769781119,1531
2015-08-28,UUP,-1.3312670462460774,2630
2015-08-29,GLD,5.7301194322139066,36
2015-08-29,SPY,-1.5012765045318412,3226
2015-08-29,TLT,0.059339776393312629,44
2015-08-29,USO,-1.7508594984781911,851
2015-08-29,UUP,-1.6909022755439713,1116
2015-08-30,GLD,6.8472091114762526,48
2015-08-30,SPY,-1.9273640567375343,2325
2015-08-30,TLT,-0.046507456776558459,12
2015-08-30,USO,-0.88588011190247373,435
2015-08-30,UUP,-1.4686946158193719,834
2015-08-31,GLD,4.6366306893244031,89
2015-08-31,SPY,-1.8933633685601376,7401
2015-08-31,TLT,-0.58727367125012409,56
2015-08-31,USO,-1.3423003462757417,1406
2015-08-31,UUP,-1.935395824284037,1982
2015-09-01,GLD,5.1147927517969425,71
2015-09-01,SPY,-1.9621916758649911,8359
2015-09-01,TLT,-1.4198640967921718,60
2015-09-01,USO,-1.615039982719104,1723
2015-09-01,UUP,-2.3869855952179022,2150
2015-09-02,GLD,5.7806146227736432,68
2015-09-02,SPY,-1.5665733732146072,7985
2015-09-02,TLT,0.08945669343762043,57
2015-09-02,USO,-2.0865602838738231,2151
2015-09-02,UUP,-1.7289157811021791,2581
2015-09-03,GLD,6.5957304748412469,71
2015-09-03,SPY,-0.84418987179783622,6871
2015-09-03,TLT,0.67038105082691024,50
2015-09-03,USO,-1.1101508979947063,1116
2015-09-03,UUP,-1.2809216152353049,2235
2015-09-04,GLD,5.6455399392884944,62
2015-09-04,SPY,-1.4586917337326422,6173
2015-09-04,TLT,1.1871608766431569,129
2015-09-04,USO,-1.4385994377756139,1525
2015-09-04,UUP,-1.6206833165631507,4008
2015-09-05,GLD,6.3526882929033217,45
2015-09-05,SPY,-1.5082344852648704,2175
2015-09-05,TLT,2.8812903681845343,324
2015-09-05,USO,-1.1732189503350399,689
2015-09-05,UUP,-1.6448026018520074,959
2015-09-06,GLD,4.3730226278692212,78
2015-09-06,SPY,-1.278504805114977,1913
2015-09-06,TLT,1.8662145984815528,34
2015-09-06,USO,-0.6187444670418133,525
2015-09-06,UUP,-1.5198355090016327,667
2015-09-07,GLD,6.0191642197617128,63
2015-09-07,SPY,-1.2398349821862844,4908
2015-09-07,TLT,2.2896724248163554,136
2015-09-07,USO,-1.4484308504911589,810
2015-09-07,UUP,-1.7386732996262209,1380
2015-09-08,GLD,5.0819933683777734,63
2015-09-08,SPY,-0.81726896856838,6664
2015-09-08,TLT,1.2939044039811491,56
2015-09-08,USO,-1.1534138383910719,1144
2015-09-08,UUP,-1.0356473787703977,1425
2015-09-09,GLD,5.5024766933148763,66
2015-09-09,SPY,-0.75008818342701666,8147
2015-09-09,TLT,0.98764913936817289,57
2015-09-09,USO,-1.0761516901563739,1405
2015-09-09,UUP,-0.975564961547165,1496
2015-09-10,GLD,5.5617089789571965,65
2015-09-10,SPY,-1.2654605046038767,7164
2015-09-10,TLT,0.54233530363520366,71
2015-09-10,USO,-1.0201314289934746,1383
2015-09-10,UUP,-1.5311927087226282,1987
2015-09-11,GLD,5.7001836199887466,62
2015-09-11,SPY,-1.6204060004612362,7523
2015-09-11,TLT,0.6092845923678557,73
2015-09-11,USO,-1.649221928501974,1731
2015-09-11,UUP,-1.5953428746716511,2223
2015-09-12,GLD,5.5258293333065591,27
2015-09-12,SPY,-1.3910144068834696,2268
2015-09-12,TLT,-1.1535683942108952,23
2015-09-12,USO,-1.1736605043287736,654
2015-09-12,UUP,-1.3672595171848172,604
2015-09-13,GLD,7.5522906856648282,11
2015-09-13,SPY,-1.20264589305408,1779
2015-09-13,TLT,-1.0842820016049939,14
2015-09-13,USO,0.067430296127141381,579
2015-09-13,UUP,-1.8704056798527557,556
2015-09-14,GLD,3.0139802172253574,49
2015-09-14,SPY,-1.1671578168313437,6247
2015-09-14,TLT,0.26147777469976591,47
2015-09-14,USO,-1.3350738618419504,1080
2015-09-14,UUP,-1.7865252620941534,2435
2015-09-15,GLD,4.2791556224451268,35
2015-09-15,SPY,-1.1748822712964446,7264
2015-09-15,TLT,0.597804780576485,79
2015-09-15,USO,-1.6134752928585108,1673
2015-09-15,UUP,-1.3929803830502856,2662
2015-09-16,GLD,3.8046687351539252,61
2015-09-16,SPY,-0.77958240443691262,7497
2015-09-16,TLT,0.65455126506426686,70
2015-09-16,USO,-0.96511388050583224,1266
2015-09-16,UUP,-1.5543799027219318,3480
2015-09-17,GLD,4.4561587245557908,69
2015-09-17,SPY,-1.338538091328674,8117
2015-09-17,TLT,0.40756089731623896,69
2015-09-17,USO,-1.1731266058860572,1274
2015-09-17,UUP,-1.6199936700635229,5189
2015-09-18,GLD,4.8452303035691981,57
2015-09-18,SPY,-1.5778648894390872,6955
2015-09-18,TLT,-0.64542910508788265,63
2015-09-18,USO,-2.5130603791068187,1449
2015-09-18,UUP,-1.7717666032313684,4294
2015-09-19,GLD,5.5834762487598342,26
2015-09-19,SPY,-1.538073551761469,2618
2015-09-19,TLT,-1.8383264173973239,9
2015-09-19,USO,-2.938453036185309,779
2015-09-19,UUP,-1.6560345517049013,983
2015-09-20,GLD,6.2747432179585481,34
2015-09-20,SPY,-1.3748646627472756,1823
2015-09-20,TLT,0.22451557864813942,15
2015-09-20,USO,-0.80770879193145773,384
2015-09-20,UUP,-1.6728204476010387,616
2015-09-21,GLD,5.0087165749767717,67
2015-09-21,SPY,-1.2335808304999205,7130
2015-09-21,TLT,0.21981236389253231,45
2015-09-21,USO,-1.4519332138126302,1311
2015-09-21,UUP,-1.3961232746269949,2416
2015-09-22,GLD,5.247106190166817,55
2015-09-22,SPY,-1.4524724304852983,9422
2015-09-22,TLT,-1.3676211095834845,75
2015-09-22,USO,-1.7582016354306691,1364
2015-09-22,UUP,-1.5141502728499208,2055
2015-09-23,GLD,5.5092957242050433,58
2015-09-23,SPY,-1.5688116706283146,7657
2015-09-23,TLT,-0.86366140175232531,60
2015-09-23,USO,-1.5544417127793224,1125
2015-09-23,UUP,-1.9297981566430737,1573
2015-09-24,GLD,1.9078961642062073,72
2015-09-24,SPY,-1.4518803893408661,6731
2015-09-24,TLT,0.28175845747530992,101
2015-09-24,USO,-1.6582967325770104,1169
2015-09-24,UUP,-1.5626593654659928,1857
2015-09-25,GLD,3.4178186680678961,36
2015-09-25,SPY,-0.87702107672012275,7013
2015-09-25,TLT,0.51916411772777371,72
2015-09-25,USO,-0.88864505689744666,1056
2015-09-25,UUP,-1.3716656811126251,2682
2015-09-26,GLD,4.9588164144412463,34
2015-09-26,SPY,-1.0646157851165319,2266
2015-09-26,TLT,-0.83194359793482775,11
2015-09-26,USO,-0.77507440291358709,459
2015-09-26,UUP,-1.1956862523208538,484
2015-09-27,GLD,5.5867706256970413,17
2015-09-27,SPY,-1.1405033069556267,1906
2015-09-27,TLT,-0.80719614488703417,5
2015-09-27,USO,-0.66091022967693547,325
2015-09-27,UUP,-1.5822791171929358,382
2015-09-28,GLD,4.1208037298790234,63
2015-09-28,SPY,-1.6390315613444966,7898
2015-09-28,TLT,-1.1071201011365321,60
2015-09-28,USO,-2.5004097973332864,1062
2015-09-28,UUP,-1.5064513659418017,1852
2015-09-29,GLD,4.9302119239963416,54
2015-09-29,SPY,-1.3951908343884516,8116
2015-09-29,TLT,-0.032146335885070952,99
2015-09-29,USO,-1.6211609213260469,1656
2015-09-29,UUP,-1.6606762996581665,1727
2015-09-30,GLD,4.4214888531539325,61
2015-09-30,SPY,-1.1109435728452342,7029
2015-09-30,TLT,-0.13359196820505662,43
2015-09-30,USO,-2.0610963286403368,1396
2015-09-30,UUP,-1.8111395877646068,2138
2015-10-01,GLD,5.1310874589926039,36
2015-10-01,SPY,-1.1958291155225376,7194
2015-10-01,TLT,0.38081197877863687,66
2015-10-01,USO,-1.4933941901900474,1151
2015-10-01,UUP,-1.7306798628403604,2010
2015-10-02,GLD,3.3070133149379775,55
2015-10-02,SPY,-1.2835596181261746,6722
2015-10-02,TLT,-0.36079137942547523,71
2015-10-02,USO,-1.6554628723343094,1057
2015-10-02,UUP,-1.719897007330722,2983
2015-10-03,GLD,7.1668529860409418,32
2015-10-03,SPY,-1.3502538792524446,2109
2015-10-03,TLT,-1.8532117280835656,11
2015-10-03,USO,-0.517392088418314,552
2015-10-03,UUP,-1.9804037063158486,839
2015-10-04,GLD,5.242030411881446,28
2015-10-04,SPY,-0.93882103869766931,1583
2015-10-04,TLT,-1.0342175283449344,13
2015-10-04,USO,-1.3083660050193076,522
2015-10-04,UUP,-2.0605516187856603,511
2015-10-05,GLD,3.4762337103098826,43
2015-10-05,SPY,-0.88076940254371983,6965
2015-10-05,TLT,0.61336889336319789,74
2015-10-05,USO,-1.179126240143854,1037
2015-10-05,UUP,-1.4527115283485246,2409
2015-10-06,GLD,5.376215015175541,46
2015-10-06,SPY,-0.678850672474829,7122
2015-10-06,TLT,0.5629253501138336,66
2015-10-06,USO,-0.9896676874330026,1510
2015-10-06,UUP,-1.1217383063153443,2131
2015-10-07,GLD,5.218441055775406,46
2015-10-07,SPY,-0.85832695790391222,6822
2015-10-07,TLT,0.10896501321304412,62
2015-10-07,USO,-0.970086029730637,1631
2015-10-07,UUP,-0.9895878023270922,1697
2015-10-08,GLD,4.241292819509952,54
2015-10-08,SPY,-0.885766095174723,7712
2015-10-08,TLT,1.0140983431679689,45
2015-10-08,USO,-0.89236326637371566,1551
2015-10-08,UUP,-1.3514669849591496,2175
2015-10-09,GLD,4.4325227800379663,62
2015-10-09,SPY,-0.94631912441402766,7423
2015-10-09,TLT,1.5483430715196351,53
2015-10-09,USO,-0.79496738354857721,1309
2015-10-09,UUP,-1.1206243021647906,2589
2015-10-10,GLD,5.4404831698934792,33
2015-10-10,SPY,-0.81589624416502915,2593
2015-10-10,TLT,-0.69248056228854837,18
2015-10-10,USO,-2.3180615187492322,762
2015-10-10,UUP,-1.2809724037088785,554
2015-10-11,GLD,5.5897087998861492,33
2015-10-11,SPY,-1.2954308860845933,2157
2015-10-11,TLT,-1.5812462207518576,11
2015-10-11,USO,-0.88694419180118955,559
2015-10-11,UUP,-1.7153798968230507,707
2015-10-12,GLD,4.2317170135265272,70
2015-10-12,SPY,-0.73590017963607457,6760
2015-10-12,TLT,0.62143313226880159,62
2015-10-12,USO,-1.0128114427216623,1287
2015-10-12,UUP,-0.77278355199712156,1882
2015-10-13,GLD,5.6346053800268763,54
2015-10-13,SPY,-1.0357293853425869,7574
2015-10-13,TLT,1.1672565802666572,71
2015-10-13,USO,-0.96233986801940918,1156
2015-10-13,UUP,-1.129381987610325,1385
2015-10-14,GLD,2.4270591598038433,100
2015-10-14,SPY,-1.3347731631736368,9216
2015-10-14,TLT,-0.21427399156709356,54
2015-10-14,USO,-1.7692588616720026,1190
2015-10-14,UUP,-1.6829169354604576,1714
2015-10-15,GLD,4.9325972657630226,67
2015-10-15,SPY,-0.69919421062693776,7484
2015-10-15,TLT,0.4792477970940705,68
2015-10-15,USO,-1.5664070080963517,1228
2015-10-15,UUP,-1.4247013865687137,2508
2015-10-16,GLD,5.2843548156160844,53
2015-10-16,SPY,-0.82076542787588125,7808
2015-10-16,TLT,0.85002989645833449,67
2015-10-16,USO,-1.1831796645041741,1070
2015-10-16,UUP,-0.98690995205918342,2040
2015-10-17,GLD,5.5744019189855694,40
2015-10-17,SPY,-1.1611972187725195,2453
2015-10-17,TLT,-1.3438633875420429,12
2015-10-17,USO,-1.56139372390218,542
2015-10-17,UUP,-0.67397785515976838,550
2015-10-18,GLD,5.3307791228949686,34
2015-10-18,SPY,-0.73755913558214836,1664
2015-10-18,TLT,-2.8973568596902552,9
2015-10-18,USO,-0.89407278592539474,483
2015-10-18,UUP,-1.0062677606037738,299
2015-10-19,GLD,4.8517591251399059,56
2015-10-19,SPY,-0.785181981841095,7423
2015-10-19,TLT,0.77986557737645756,55
2015-10-19,USO,-1.9676752235800263,1239
2015-10-19,UUP,-1.2625005707208854,1103
2015-10-20,GLD,4.1562907409031951,56
2015-10-20,SPY,-0.64260051129188445,8523
2015-10-20,TLT,0.74954049305565662,52
2015-10-20,USO,-1.3899720118977434,1118
2015-10-20,UUP,-1.3012682963266229,1548
2015-10-21,GLD,7.77777777777778,3
2015-10-21,SPY,-0.38643553950071036,870
2015-10-21,TLT,-4.28861788617886,2
2015-10-21,USO,-0.96859260060538555,228
2015-10-21,UUP,-1.4220227765003175,102
2015-10-22,GLD,8.69731800766282,3
2015-10-22,SPY,-0.35646948344748219,270
2015-10-22,USO,-1.5197648113447237,70
2015-10-22,UUP,-0.73093071021324185,47
2015-10-23,GLD,4.9472660453902035,46
2015-10-23,SPY,-0.20507092416246947,7752
2015-10-23,TLT,0.45356699182277183,79
2015-10-23,USO,-1.09086445081821,1209
2015-10-23,UUP,-0.580403580534437,1172
2015-10-24,GLD,6.447896708156275,30
2015-10-24,SPY,-0.94674929801051844,2554
2015-10-24,TLT,0.4796498704905901,14
2015-10-24,USO,-1.6074757486403366,567
2015-10-24,UUP,-0.49221768733910587,602
2015-10-25,GLD,7.7383502705795939,10
2015-10-25,SPY,-0.67049219553227,1829
2015-10-25,TLT,-0.011826077321967443,7
2015-10-25,USO,-0.87347971963599691,549
2015-10-25,UUP,-0.6344424378551371,306
2015-10-26,GLD,5.2995916091030342,55
2015-10-26,SPY,-0.61812062235163345,6795
2015-10-26,TLT,0.59942505331336582,71
2015-10-26,USO,-0.97230937911348025,1141
2015-10-26,UUP,-0.98120338661382578,1735
2015-10-27,GLD,4.31628220983457,68
2015-10-27,SPY,-0.66454316266787661,8815
2015-10-27,TLT,0.074728509813945312,53
2015-10-27,USO,-1.3476485316004725,1564
2015-10-27,UUP,-1.2894941231983301,1791
2015-10-28,GLD,3.29969760755969,60
2015-10-28,SPY,-0.41843870789410087,9365
2015-10-28,TLT,0.83268667162167342,49
2015-10-28,USO,-0.89972948987994184,1222
2015-10-28,UUP,-1.5966416651190103,3110
2015-10-29,GLD,3.7696884302505347,56
2015-10-29,SPY,-0.77745984150774639,9654
2015-10-29,TLT,0.57854720033537588,85
2015-10-29,USO,-1.1810679816228511,1190
2015-10-29,UUP,-1.5540154604495473,2982
2015-10-30,GLD,4.0375608862593744,65
2015-10-30,SPY,-0.70983486992645151,9248
2015-10-30,TLT,0.47506906202762206,42
2015-10-30,USO,-1.1090315920352551,1410
2015-10-30,UUP,-1.0987952088491304,2004
2015-10-31,GLD,5.7183154686648274,23
2015-10-31,SPY,-0.847788364911435,2705
2015-10-31,TLT,1.0699719666971277,22
2015-10-31,USO,-1.0540792762888118,499
2015-10-31,UUP,-1.7431057082119643,469
2015-11-01,GLD,5.077411540098673,35
2015-11-01,SPY,-1.0805268072464076,1986
2015-11-01,TLT,-1.09977594745089,9
2015-11-01,USO,-0.57960661583820061,435
2015-11-01,UUP,-1.4766361524753422,366
2015-11-02,GLD,4.6480637890453265,68
2015-11-02,SPY,-0.48199467286622427,6944
2015-11-02,TLT,0.8336271754639456,52
2015-11-02,USO,-0.69192362832476961,970
2015-11-02,UUP,-0.83936348243743131,1312
2015-11-03,GLD,3.3775101997980475,82
2015-11-03,SPY,-0.598924438540271,8107
2015-11-03,TLT,1.2192518472299883,62
2015-11-03,USO,-0.73014429174224427,1043
2015-11-03,UUP,-0.82562325533398129,1611
2015-11-04,GLD,4.9824697980170338,71
2015-11-04,SPY,-0.74275261767048473,8113
2015-11-04,TLT,1.5116343021303265,99
2015-11-04,USO,-0.89005131869253551,1235
2015-11-04,UUP,-1.0884635101990274,1835
2015-11-05,GLD,2.7393892749766144,68
2015-11-05,SPY,-0.72322124014868339,7924
2015-11-05,TLT,0.078205900077834054,51
2015-11-05,USO,-1.0138862447055896,1021
2015-11-05,UUP,-0.99103674317064128,2750
2015-11-06,GLD,2.9238883360964905,41
2015-11-06,SPY,-0.62710622479123246,7692
2015-11-06,TLT,0.6858168865680494,35
2015-11-06,USO,-1.3118862324810163,1205
2015-11-06,UUP,-0.751613974811495,3712
2015-11-07,GLD,5.7398493784755349,28
2015-11-07,SPY,-0.8826404560065777,2287
2015-11-07,TLT,-1.9682739279882953,18
2015-11-07,USO,-1.2808573389320197,398
2015-11-07,UUP,-0.61783604666495118,695
2015-11-08,GLD,5.1178270148012892,24
2015-11-08,SPY,-0.87102566434568618,2253
2015-11-08,TLT,-0.26010366851565414,7
2015-11-08,USO,-0.73445088233486266,390
2015-11-08,UUP,-0.995318921887362,458
2015-11-09,GLD,4.1933930947749634,49
2015-11-09,SPY,-0.95522806871215826,7325
2015-11-09,TLT,0.17463975606045073,65
2015-11-09,USO,-0.50062443839173287,1104
2015-11-09,UUP,-1.0495411421580081,1586
2015-11-10,GLD,4.420469614421493,51
2015-11-10,SPY,-1.5540577417001615,8333
2015-11-10,TLT,0.2300564839926611,47
2015-11-10,USO,-1.2463761186560147,1082
2015-11-10,UUP,-1.7726247774783779,1881
2015-11-11,GLD,4.490570266416,41
2015-11-11,SPY,-1.2603691825043868,7524
2015-11-11,TLT,0.16852110100264395,48
2015-11-11,USO,-0.67273100211086023,1184
2015-11-11,UUP,-1.7546028539505771,1443
2015-11-12,GLD,3.9069025387992293,42
2015-11-12,SPY,-1.2962620177330804,8208
2015-11-12,TLT,0.13596989133752888,70
2015-11-12,USO,-1.0893947519227949,1319
2015-11-12,UUP,-1.0145729883207881,2045
2015-11-13,GLD,2.8281541632600771,45
2015-11-13,SPY,-1.4121570942955317,7311
2015-11-13,TLT,-0.04572871986386115,42
2015-11-13,USO,-1.7841724448823242,1523
2015-11-13,UUP,-1.7856241739503185,2154
2015-11-14,GLD,4.2201673809583919,29
2015-11-14,SPY,-2.2691891077770734,2420
2015-11-14,TLT,0.6397777121282634,6
2015-11-14,USO,-3.3331922674868797,888
2015-11-14,UUP,-1.7743920501575108,569
2015-11-15,GLD,2.9957921663001703,22
2015-11-15,SPY,-3.7484303604924416,5609
2015-11-15,TLT,0.66462333079384561,5
2015-11-15,USO,-3.0625703110766,741
2015-11-15,UUP,-2.1043401206215986,554
2015-11-16,GLD,2.4706751223142946,48
2015-11-16,SPY,-2.05988453549416,6820
2015-11-16,TLT,-0.90846823558388,45
2015-11-16,USO,-2.34183058071581,1113
2015-11-16,UUP,-2.0531607198800592,1392
2015-11-17,GLD,2.0719036873364032,29
2015-11-17,SPY,-1.286250068924766,5572
2015-11-17,TLT,-0.077661523522738307,26
2015-11-17,USO,-1.1364593045080074,929
2015-11-17,UUP,-1.3798234802522793,1645
2015-11-18,GLD,2.8357965662005387,62
2015-11-18,SPY,-1.2181464571276777,6929
2015-11-18,TLT,-1.1369060831542612,79
2015-11-18,USO,-1.1453748792318148,1155
2015-11-18,UUP,-1.8079546663407324,2407
2015-11-19,GLD,1.9560695899344034,60
2015-11-19,SPY,-0.70712071037250612,6577
2015-11-19,TLT,-0.59974242907206365,66
2015-11-19,USO,-1.4129843288918542,1041
2015-11-19,UUP,-0.94910510686731475,2262
2015-11-20,GLD,2.7892373509133526,54
2015-11-20,SPY,-0.56078008679344282,5929
2015-11-20,TLT,0.056583281399073926,52
2015-11-20,USO,-1.7221018158394483,896
2015-11-20,UUP,-0.77928905095330081,1689
2015-11-21,GLD,3.8085028803226812,13
2015-11-21,SPY,-0.86603577272298293,2566
2015-11-21,TLT,-1.6499031571882352,23
2015-11-21,USO,-1.3350353760566187,461
2015-11-21,UUP,-0.84684276749323018,467
2015-11-22,GLD,4.5666238599698845,15
2015-11-22,SPY,-0.85664215645344766,1768
2015-11-22,TLT,-0.42800073811607503,12
2015-11-22,USO,0.00011737647090908493,523
2015-11-22,UUP,-0.854269291350219,389
2015-11-23,GLD,4.0116237909430881,47
2015-11-23,SPY,-1.0289869443167434,6270
2015-11-23,TLT,0.712924729802953,39
2015-11-23,USO,-1.6016462337629145,1814
2015-11-23,UUP,-0.78377057180394583,1451
2015-11-24,GLD,2.785407185133236,62
2015-11-24,SPY,-1.2995560720507402,6568
2015-11-24,TLT,0.024312539435848476,43
2015-11-24,USO,-1.5407064570512983,1276
2015-11-24,UUP,-1.1451498155815778,1714
2015-11-25,GLD,2.9918194491990269,53
2015-11-25,SPY,-1.09715793192316,6457
2015-11-25,TLT,0.35968840455853085,59
2015-11-25,USO,-1.657570640888492,1521
2015-11-25,UUP,-0.85150203432759364,1653
2015-11-26,GLD,4.2937847485718628,46
2015-11-26,SPY,-0.69225087809390407,4034
2015-11-26,TLT,-2.7063027839822693,68
2015-11-26,USO,-1.052606510493165,940
2015-11-26,UUP,-0.878387723758555,699
2015-11-27,GLD,3.3768800814101096,70
2015-11-27,SPY,-1.1667823684464111,4932
2015-11-27,TLT,0.38264900352036729,69
2015-11-27,USO,-1.6721216262322445,929
2015-11-27,UUP,-1.1477183288369739,763
2015-11-28,GLD,6.4809584005279719,17
2015-11-28,SPY,-1.2541880576481805,1888
2015-11-28,TLT,-0.38296926945179932,11
2015-11-28,USO,-0.70467748898613281,504
2015-11-28,UUP,-0.48435857122106424,318
2015-11-29,GLD,5.6546766966527136,12
2015-11-29,SPY,-0.99828259834974264,1386
2015-11-29,TLT,-0.48490963738266735,11
2015-11-29,USO,-0.46035730344811204,631
2015-11-29,UUP,-1.1346180150736767,314
2015-11-30,GLD,3.4883149725102407,50
2015-11-30,SPY,-0.77975193118514319,5391
2015-11-30,TLT,0.39404698295692525,56
2015-11-30,USO,-1.9642570229787211,1033
2015-11-30,UUP,-1.2326262719595977,1552
2015-12-01,GLD,4.3335243066390259,36
2015-12-01,SPY,-0.55777967061701328,5488
2015-12-01,TLT,1.2597882823052737,47
2015-12-01,USO,-1.5546350054068074,1116
2015-12-01,UUP,-1.1351958326082812,1670
2015-12-02,GLD,3.6635548369321698,64
2015-12-02,SPY,-1.0913814390354279,6648
2015-12-02,TLT,1.1489090627182932,41
2015-12-02,USO,-1.6385924550382294,1297
2015-12-02,UUP,-0.9757776106112982,2373
2015-12-03,GLD,3.3041028567449398,51
2015-12-03,SPY,-1.0488704882740958,6700
2015-12-03,TLT,-0.22623227106348076,106
2015-12-03,USO,-1.1720381985172321,1187
2015-12-03,UUP,-1.3268460733400331,2324
2015-12-04,GLD,2.6228307253085612,34
2015-12-04,SPY,-0.54190734019648978,6864
2015-12-04,TLT,0.44890028253745379,74
2015-12-04,USO,-1.3372521102122912,1343
2015-12-04,UUP,-0.95675374268203106,3062
2015-12-05,GLD,4.3267536835904261,30
2015-12-05,SPY,-2.199630294199038,2520
2015-12-05,TLT,0.45507159586058643,13
2015-12-05,USO,-1.0978259109046202,556
2015-12-05,UUP,-0.71792328678641482,862
2015-12-06,GLD,5.3530205465886347,24
2015-12-06,SPY,-1.5048165782195124,1471
2015-12-06,TLT,0.268619673826039,14
2015-12-06,USO,-0.84221006436859347,448
2015-12-06,UUP,-1.0105081832603653,515
2015-12-07,GLD,4.0001669772156712,47
2015-12-07,SPY,-1.1712799697090936,6027
2015-12-07,TLT,0.61555619485846147,56
2015-12-07,USO,-1.8503791407529493,1519
2015-12-07,UUP,-0.89986628042854633,1972
2015-12-08,GLD,4.8501151262489435,35
2015-12-08,SPY,-1.6798346992392126,5403
2015-12-08,TLT,-0.35130112598118757,38
2015-12-08,USO,-2.2043146592498375,1715
2015-12-08,UUP,-1.3837911298456438,1052
2015-12-09,GLD,4.643675673463143,52
2015-12-09,SPY,-1.1522093250460459,7325
2015-12-09,TLT,0.0595407125454505,59
2015-12-09,USO,-1.7024782167265169,1645
2015-12-09,UUP,-1.5051645163209968,1040
2015-12-10,GLD,4.181263651920422,47
2015-12-10,SPY,-1.160906149032789,6639
2015-12-10,TLT,0.93814758625411909,57
2015-12-10,USO,-1.3589146937019008,1723
2015-12-10,UUP,-1.3570234468070859,2075
2015-12-11,GLD,3.5008842649436924,50
2015-12-11,SPY,-1.4627506595197326,7475
2015-12-11,TLT,-0.47935906494814434,62
2015-12-11,USO,-2.068967854318768,1673
2015-12-11,UUP,-1.5910199767324789,1776
2015-12-12,GLD,5.5864845557017953,23
2015-12-12,SPY,-1.541450964277125,2568
2015-12-12,TLT,-2.0173395859413157,29
2015-12-12,USO,-2.0549951564011408,721
2015-12-12,UUP,-1.6028912974433089,845
2015-12-13,GLD,4.0297202904622988,24
2015-12-13,SPY,-1.1696713733871054,2096
2015-12-13,TLT,0.40102083907511088,16
2015-12-13,USO,-1.4472946682522643,607
2015-12-13,UUP,-1.7472336488265374,516
2015-12-14,GLD,3.3769349867200047,49
2015-12-14,SPY,-1.1964318342671936,7118
2015-12-14,TLT,-0.3230494200004978,58
2015-12-14,USO,-2.0705239303076253,1734
2015-12-14,UUP,-1.8912843630322576,2187
2015-12-15,GLD,3.1992841161318677,33
2015-12-15,SPY,-0.95958807558402281,6968
2015-12-15,TLT,-0.23784564736011707,64
2015-12-15,USO,-1.8318841823573233,1785
2015-12-15,UUP,-1.3141786717746411,3194
2015-12-16,GLD,3.6695761994921625,29
2015-12-16,SPY,-0.57295572195562128,8011
2015-12-16,TLT,0.33809953459210917,68
2015-12-16,USO,-1.0312909990625068,1628
2015-12-16,UUP,-0.71102224425019422,5529
2015-12-17,GLD,2.7354510067952615,60
2015-12-17,SPY,-0.56103148005313119,7722
2015-12-17,TLT,0.608033138902241,87
2015-12-17,USO,-1.3567406369525998,1451
2015-12-17,UUP,-0.66377627603732181,5600
2015-12-18,GLD,4.4765130595586005,33
2015-12-18,SPY,-1.2683136695308483,7155
2015-12-18,TLT,-0.70364742273203951,89
2015-12-18,USO,-1.8180941217249127,1621
2015-12-18,UUP,-1.180134068556052,2313
2015-12-19,GLD,5.0800292105558995,27
2015-12-19,SPY,-1.6530806985728881,2942
2015-12-19,TLT,-2.7245817058761612,17
2015-12-19,USO,-1.7210213628500419,610
2015-12-19,UUP,-1.6029098970825328,967
2015-12-20,GLD,3.2622136333648104,18
2015-12-20,SPY,-2.1615067059699768,3269
2015-12-20,TLT,-0.064580135507622316,10
2015-12-20,USO,-0.12093954627913334,666
2015-12-20,UUP,-1.2871956481662017,587
2015-12-21,GLD,5.4124011545264388,47
2015-12-21,SPY,-1.3954852120071159,6225
2015-12-21,TLT,0.08634130255993791,47
2015-12-21,USO,-1.9862468423858812,1661
2015-12-21,UUP,-1.2542912641589603,1459
2015-12-22,GLD,3.9883865401890204,34
2015-12-22,SPY,-0.89816192757947655,6605
2015-12-22,TLT,0.3439300974499867,37
2015-12-22,USO,-1.507751514907909,1465
2015-12-22,UUP,-0.91408698139548183,1628
2015-12-23,GLD,1.104436357377905,59
2015-12-23,SPY,-0.45049083621009844,6724
2015-12-23,TLT,0.47437344893244571,64
2015-12-23,USO,-1.1086589140148919,1464
2015-12-23,UUP,-0.499552883118752,1550
2015-12-24,GLD,4.4889588293275322,29
2015-12-24,SPY,-0.84949286017992787,4599
2015-12-24,TLT,-0.51720909714476015,39
2015-12-24,USO,-1.0880229541871758,1125
2015-12-24,UUP,-0.73273405998915553,1111
2015-12-25,GLD,5.3504360897892784,22
2015-12-25,SPY,-1.0027475117113112,2160
2015-12-25,TLT,-0.56140110023408329,9
2015-12-25,USO,-1.0818519335590395,718
2015-12-25,UUP,-1.0438037758893601,404
2015-12-26,GLD,5.1898980408446169,22
2015-12-26,SPY,-0.89964307797008136,1296
2015-12-26,TLT,-0.74686180142376468,9
2015-12-26,USO,-1.389350807708928,369
2015-12-26,UUP,-1.6585813792098625,284
2015-12-27,GLD,5.7741791807582805,13
2015-12-27,SPY,-1.0014506837185639,1252
2015-12-27,TLT,-0.22653151316441997,10
2015-12-27,USO,-1.3299618207330757,378
2015-12-27,UUP,-1.4383086556647269,350
2015-12-28,GLD,3.92752664009417,27
2015-12-28,SPY,-1.27978651181814,4856
2015-12-28,TLT,0.042300481630556913,52
2015-12-28,USO,-1.8175445119928977,1240
2015-12-28,UUP,-0.88875429894232194,945
2015-12-29,GLD,3.6494334044799861,32
2015-12-29,SPY,-0.85381735705271344,5225
2015-12-29,TLT,0.6221667381189423,68
2015-12-29,USO,-0.96562514656763077,1401
2015-12-29,UUP,-0.84483077202150092,1426
2015-12-30,GLD,3.0115521675280519,42
2015-12-30,SPY,-1.0647499433358232,5945
2015-12-30,TLT,1.2450173093273251,62
2015-12-30,USO,-1.7114169034149183,1243
2015-12-30,UUP,-1.1661066432843825,844
2015-12-31,GLD,4.8620418640448424,18
2015-12-31,SPY,-1.9286277011978676,5619
2015-12-31,TLT,-0.036367586045609038,21
2015-12-31,USO,-1.6527071261644075,1147
2015-12-31,UUP,-1.3946632875020462,1280
2016-01-01,GLD,5.5910318505381476,20
2016-01-01,SPY,-1.9657472283969795,2940
2016-01-01,TLT,-1.2232359975047464,6
2016-01-01,USO,-1.6059966071742806,521
2016-01-01,UUP,-1.2147900357563943,699
2016-01-02,GLD,4.9258607025916987,24
2016-01-02,SPY,-1.7351876889811841,1839
2016-01-02,TLT,-0.34893870374503894,5
2016-01-02,USO,-1.5526243036286551,524
2016-01-02,UUP,-1.172333629581801,313
2016-01-03,GLD,4.4551837381566877,9
2016-01-03,SPY,-1.0171821959378706,1451
2016-01-03,TLT,-0.55244486397095927,3
2016-01-03,USO,-1.2105064875395803,398
2016-01-03,UUP,-1.3642559432236336,330
2016-01-04,GLD,3.2385735098635187,42
2016-01-04,SPY,-2.2816684856697322,8069
2016-01-04,TLT,-1.4467002628483123,63
2016-01-04,USO,-2.3138498524869098,1420
2016-01-04,UUP,-1.3994313812882018,951
2016-01-05,GLD,3.6845379157056919,50
2016-01-05,SPY,-2.1807506035182294,8466
2016-01-05,TLT,-0.24830391781489514,46
2016-01-05,USO,-2.6414892395528482,1694
2016-01-05,UUP,-1.4102953814814876,1119
2016-01-06,GLD,2.4058225708018637,58
2016-01-06,SPY,-1.7972338316777421,6891
2016-01-06,TLT,-3.1345448524818043,56
2016-01-06,USO,-1.9041472504092263,1835
2016-01-06,UUP,-1.7126019997262625,1413
2016-01-07,GLD,1.831346734802384,45
2016-01-07,SPY,-2.3838400679066054,8832
2016-01-07,TLT,-2.3054344203050614,46
2016-01-07,USO,-2.984887087854541,1998
2016-01-07,UUP,-2.1603658344968912,1270
2016-01-08,GLD,4.3007309597576606,48
2016-01-08,SPY,-2.0360562302476373,8870
2016-01-08,TLT,-1.1561393626526555,49
2016-01-08,USO,-1.7438744015858547,1511
2016-01-08,UUP,-1.1738108367664701,2029
2016-01-09,GLD,4.4128298930234884,24
2016-01-09,SPY,-1.9418494241277813,3363
2016-01-09,TLT,-1.4006421324479512,16
2016-01-09,USO,-1.2238240933916096,733
2016-01-09,UUP,-1.2004806561808479,754
2016-01-10,GLD,4.405311704760023,21
2016-01-10,SPY,-1.444537453768663,3048
2016-01-10,TLT,-0.70328210104685707,10
2016-01-10,USO,-1.036452376530252,715
2016-01-10,UUP,-1.0291714462948403,689
2016-01-11,GLD,4.088481654839244,66
2016-01-11,SPY,-1.4566198951902183,8410
2016-01-11,TLT,-0.43088845769877732,49
2016-01-11,USO,-1.9658829670204674,1670
2016-01-11,UUP,-1.4818905849165593,956
2016-01-12,GLD,3.8452418284132848,45
2016-01-12,SPY,-1.1288429852283217,8609
2016-01-12,TLT,1.460145174262206,83
2016-01-12,USO,-2.2495102819607218,2526
2016-01-12,UUP,-1.5080001694325162,1537
2016-01-13,GLD,3.6753639254653407,63
2016-01-13,SPY,-1.1887565804361242,8388
2016-01-13,TLT,1.565985694970726,77
2016-01-13,USO,-2.1651638873808747,2448
2016-01-13,UUP,-2.0073340477551547,1463
2016-01-14,GLD,4.3826570905674851,49
2016-01-14,SPY,-1.7556170063477159,9093
2016-01-14,TLT,-1.0067073242062068,71
2016-01-14,USO,-2.2839530172227369,1990
2016-01-14,UUP,-1.4390825410503643,1385
2016-01-15,GLD,2.3759513725846442,45
2016-01-15,SPY,-2.0675012933766226,10600
2016-01-15,TLT,-0.541588033779852,60
2016-01-15,USO,-2.6558908899714448,2308
2016-01-15,UUP,-2.6221433092535191,2203
2016-01-16,GLD,4.7973687062490482,30
2016-01-16,SPY,-1.8429757261533646,3753
2016-01-16,TLT,-0.99900719437063068,18
2016-01-16,USO,-2.54114807840443,1034
2016-01-16,UUP,-2.2315233362483768,701
2016-01-17,GLD,7.1440471417923668,27
2016-01-17,SPY,-1.6283451162740714,3584
2016-01-17,TLT,0.14654922936353729,18
2016-01-17,USO,-1.7097424489356015,900
2016-01-17,UUP,-2.0973285709574725,529
2016-01-18,GLD,6.0366333811739157,62
2016-01-18,SPY,-1.480284112291959,9269
2016-01-18,TLT,-1.1918999600105611,74
2016-01-18,USO,-2.2243289126675303,2508
2016-01-18,UUP,-2.0125026205406735,935
2016-01-19,GLD,5.7155967364959315,44
2016-01-19,SPY,-1.131284518397818,8267
2016-01-19,TLT,0.16505729556397553,54
2016-01-19,USO,-1.7631720566083209,1967
2016-01-19,UUP,-1.325281704796555,781
2016-01-20,GLD,3.9020239492943114,73
2016-01-20,SPY,-2.0480652035242097,9734
2016-01-20,TLT,-0.80082276152697984,82
2016-01-20,USO,-2.6676050620860541,2613
2016-01-20,UUP,-1.9885584433482963,1482
2016-01-21,GLD,4.8853804972105017,47
2016-01-21,SPY,-1.3826749586969715,10082
2016-01-21,TLT,-0.089625854760550211,96
2016-01-21,USO,-2.2091334058967691,2339
2016-01-21,UUP,-2.1400253653084609,1410
2016-01-22,GLD,3.1043806298575385,34
2016-01-22,SPY,-0.8883250288683765,8165
2016-01-22,TLT,0.51915938868034961,57
2016-01-22,USO,-1.5768856371946651,2044
2016-01-22,UUP,-1.3370508123825275,899
2016-01-23,GLD,6.0282703613076905,35
2016-01-23,SPY,-0.83902546252471,3403
2016-01-23,TLT,-2.2969965146265472,14
2016-01-23,USO,-1.082061536669277,733
2016-01-23,UUP,-1.0380871510260152,481
2016-01-24,GLD,6.9245037927616195,30
2016-01-24,SPY,-1.0848547423424137,2491
2016-01-24,TLT,-0.42281263599445496,12
2016-01-24,USO,-0.784278316268286,588
2016-01-24,UUP,-1.0586218627946282,326
2016-01-25,GLD,4.5114293767863334,54
2016-01-25,SPY,-1.1501900165971091,7307
2016-01-25,TLT,-0.59452076041182167,39
2016-01-25,USO,-1.171709208564772,1613
2016-01-25,UUP,-1.4703504290379563,1081
2016-01-26,GLD,4.4699270999071139,64
2016-01-26,SPY,-1.029479963717967,9170
2016-01-26,TLT,-0.22341968276724808,57
2016-01-26,USO,-1.6343533687459979,1785
2016-01-26,UUP,-1.1622322807130498,1615
2016-01-27,GLD,3.4081394660942617,63
2016-01-27,SPY,-1.0682736725160757,9012
2016-01-27,TLT,0.16413391910621608,50
2016-01-27,USO,-1.3483325809940181,1912
2016-01-27,UUP,-1.9005966838447781,2396
2016-01-28,GLD,5.2527750503937831,53
2016-01-28,SPY,-0.69507123538192961,9011
2016-01-28,TLT,0.071013114870423374,65
2016-01-28,USO,-1.7713917815922913,2060
2016-01-28,UUP,-1.7505637331478934,2025
2016-01-29,GLD,4.590992879359419,55
2016-01-29,SPY,-0.8619970094221604,9276
2016-01-29,TLT,0.60524900179009589,71
2016-01-29,USO,-1.0648390052309837,1596
2016-01-29,UUP,-2.0389144295660535,1720
2016-01-30,GLD,4.9814004674812846,46
2016-01-30,SPY,-1.447940502833774,3288
2016-01-30,TLT,-0.98482900337087642,42
2016-01-30,USO,-0.763822386807486,682
2016-01-30,UUP,-2.1068651662755769,650
2016-01-31,GLD,6.9238849326948486,42
2016-01-31,SPY,-1.0864969259045358,2549
2016-01-31,TLT,-0.67863993468416028,16
2016-01-31,USO,-0.0866051061163891,576
2016-01-31,UUP,-1.676084420523982,360
2016-02-01,GLD,4.7000372094272107,80
2016-02-01,SPY,-1.0856743756600209,7648
2016-02-01,TLT,0.013084120564440301,72
2016-02-01,USO,-1.5240299826420711,1395
2016-02-01,UUP,-1.5762434121627911,1438
2016-02-02,GLD,3.853405343646898,62
2016-02-02,SPY,-0.70555041420095621,10122
2016-02-02,TLT,-0.45861790872187169,65
2016-02-02,USO,-2.09091571989983,1786
2016-02-02,UUP,-1.4185493330390728,1001
2016-02-03,GLD,5.0615253526784345,62
2016-02-03,SPY,-0.87816459046743123,8395
2016-02-03,TLT,-1.5465174605707128,95
2016-02-03,USO,-1.4790099314059924,1594
2016-02-03,UUP,-1.6166690547139626,863
2016-02-04,GLD,4.0680806613724361,93
2016-02-04,SPY,-0.84810744593579879,8890
2016-02-04,TLT,0.035894339874284968,61
2016-02-04,USO,-1.0060238924626623,1769
2016-02-04,UUP,-1.6415828880357968,1723
2016-02-05,GLD,5.26110573272796,80
2016-02-05,SPY,-1.4677098866747786,11349
2016-02-05,TLT,-1.3325958941242837,117
2016-02-05,USO,-1.4146601801038738,1200
2016-02-05,UUP,-1.6730153285782208,2393
2016-02-06,GLD,5.576424564301977,89
2016-02-06,SPY,-1.633413937078765,4363
2016-02-06,TLT,-1.6663499023951232,22
2016-02-06,USO,-1.1654482692405272,555
2016-02-06,UUP,-1.8476273510785648,668
2016-02-07,GLD,5.6191192462606745,70
2016-02-07,SPY,-1.6200957607166322,2517
2016-02-07,TLT,-0.35235488647752422,6
2016-02-07,USO,-0.49571549396974046,541
2016-02-07,UUP,-1.774678547959238,358
2016-02-08,GLD,3.50858468842954,79
2016-02-08,SPY,-1.6518340817798536,8388
2016-02-08,TLT,-1.0747272414008684,150
2016-02-08,USO,-1.0281257743584651,1139
2016-02-08,UUP,-1.8262585868414523,1514
2016-02-09,GLD,2.9784531391283138,84
2016-02-09,SPY,-1.5362885741717511,9900
2016-02-09,TLT,-1.6324089578087646,183
2016-02-09,USO,-1.8377175390179075,1329
2016-02-09,UUP,-2.3141238302883043,1816
2016-02-10,GLD,3.5590175565690343,53
2016-02-10,SPY,-0.86270302288728351,11655
2016-02-10,TLT,-0.948713824621424,137
2016-02-10,USO,-1.6036560737329881,1328
2016-02-10,UUP,-2.0130490142688608,2791
2016-02-11,GLD,3.6117342510050494,63
2016-02-11,SPY,-1.2430748165464309,9979
2016-02-11,TLT,-0.71580725851218763,125
2016-02-11,USO,-1.7389938422940798,1528
2016-02-11,UUP,-2.3504379108544042,2619
2016-02-12,GLD,3.27786471415868,94
2016-02-12,SPY,-1.5524474296150215,10746
2016-02-12,TLT,-0.37538519656177149,90
2016-02-12,USO,-1.4546031812149731,1310
2016-02-12,UUP,-2.0813976706805639,1821
2016-02-13,GLD,4.2577958221955576,50
2016-02-13,SPY,-1.524760224466537,3638
2016-02-13,TLT,-2.1586455381024878,34
2016-02-13,USO,-1.0848447492636764,891
2016-02-13,UUP,-1.7724192317470759,508
2016-02-14,GLD,4.3487404231614528,22
2016-02-14,SPY,-1.4388375748736026,2698
2016-02-14,TLT,-0.51077869856374292,15
2016-02-14,USO,-0.50295314221038323,558
2016-02-14,UUP,-2.1771740403900171,596
2016-02-15,GLD,3.5707296685753223,43
2016-02-15,SPY,-0.89969347418102763,5862
2016-02-15,TLT,-0.12077085665474989,73
2016-02-15,USO,-1.4642821610920085,1021
2016-02-15,UUP,-1.6412813161343394,435
2016-02-16,GLD,2.9378392218160121,47
2016-02-16,SPY,-0.67167261702471392,6435
2016-02-16,TLT,0.324796830572628,64
2016-02-16,USO,-1.2959488596732891,2044
2016-02-16,UUP,-2.1352420033476207,1193
2016-02-17,GLD,3.9100451175159381,39
2016-02-17,SPY,-0.53991014347076594,6808
2016-02-17,TLT,0.875582163705149,70
2016-02-17,USO,-1.2630794435162265,1795
2016-02-17,UUP,-1.1644176052719064,2069
2016-02-18,GLD,2.2307196838375818,48
2016-02-18,SPY,-0.625561761938482,7837
2016-02-18,TLT,0.16770970840466026,63
2016-02-18,USO,-0.76965064420378582,1990
2016-02-18,UUP,-1.2693465268504931,1736
2016-02-19,GLD,4.1857439513515233,35
2016-02-19,SPY,-1.0244596186515715,6858
2016-02-19,TLT,-1.1050001401309142,53
2016-02-19,USO,-1.7141861954529132,1329
2016-02-19,UUP,-1.2376199463172914,1189
2016-02-20,GLD,3.3437412846394845,20
2016-02-20,SPY,-0.72707185735481461,3440
2016-02-20,TLT,-1.4969773072604711,19
2016-02-20,USO,-3.2667756898913773,894
2016-02-20,UUP,-1.3670344041575859,339
2016-02-21,GLD,5.125263656829385,24
2016-02-21,SPY,-0.42592218601812393,2375
2016-02-21,TLT,-0.1059050328572488,13
2016-02-21,USO,-1.5866946814388039,597
2016-02-21,UUP,-1.9237625111859704,246
2016-02-22,GLD,2.8813903770598683,50
2016-02-22,SPY,-0.75363333044967007,6248
2016-02-22,TLT,0.26677967597678093,48
2016-02-22,USO,-1.0318336426515011,1593
2016-02-22,UUP,-1.2522278171155814,576
2016-02-23,GLD,3.6510779082197971,188
2016-02-23,SPY,-0.97218873158101571,8307
2016-02-23,TLT,0.084523612592405484,44
2016-02-23,USO,-1.4148800086132225,1651
2016-02-23,UUP,-1.048512421520329,696
2016-02-24,GLD,2.5271384335704226,40
2016-02-24,SPY,-1.1494733307868275,7983
2016-02-24,TLT,-1.5140368239887971,74
2016-02-24,USO,-1.521048078588858,1800
2016-02-24,UUP,-1.5854099403234936,759
2016-02-25,GLD,3.3949021177532028,48
2016-02-25,SPY,-0.73395846691477429,8254
2016-02-25,TLT,0.88336320049173944,59
2016-02-25,USO,-1.1881877473665747,1843
2016-02-25,UUP,-1.2523646271878077,855
2016-02-26,GLD,2.4500273936071775,44
2016-02-26,SPY,-0.61097570474495577,7588
2016-02-26,TLT,1.4444898042274692,63
2016-02-26,USO,-0.66449899768204868,1604
2016-02-26,UUP,-0.49489432984163789,1194
2016-02-27,GLD,4.8981661547055833,32
2016-02-27,SPY,-0.87752367354999539,3019
2016-02-27,TLT,-0.21740856422948246,9
2016-02-27,USO,-1.5351142807468985,737
2016-02-27,UUP,-1.2548160740936083,368
2016-02-28,GLD,5.6339557030398577,25
2016-02-28,SPY,-0.2446281029336525,3755
2016-02-28,TLT,-1.9066122993410186,15
2016-02-28,USO,-0.060927270396508082,545
2016-02-28,UUP,-1.4256676275592806,288
2016-02-29,GLD,2.6606766960808765,70
2016-02-29,SPY,-0.37883933171404449,7390
2016-02-29,TLT,0.0515489262905009,69
2016-02-29,USO,-0.24150536531134681,1291
2016-02-29,UUP,-0.89088979695459125,789
2016-03-01,GLD,3.3181463998348861,44
2016-03-01,SPY,-0.64868234607021025,7587
2016-03-01,TLT,0.31470686470909709,51
2016-03-01,USO,-0.92355491831223713,1421
2016-03-01,UUP,-1.2070374484453055,814
2016-03-02,GLD,2.7871458827547113,52
2016-03-02,SPY,-0.46413287704738843,7199
2016-03-02,TLT,-0.42331112737446791,56
2016-03-02,USO,-0.75345095352408364,1460
2016-03-02,UUP,-0.83220937921823279,1075
2016-03-03,GLD,4.7102108796273416,53
2016-03-03,SPY,-0.755191343586403,6710
2016-03-03,TLT,0.5773161617164364,51
2016-03-03,USO,-0.68174458427843021,1468
2016-03-03,UUP,-0.93252025879211276,1281
2016-03-04,GLD,2.5971606211417693,137
2016-03-04,SPY,-0.99514446067232221,7527
2016-03-04,TLT,0.33531896041686737,61
2016-03-04,USO,-0.80448218398551707,1537
2016-03-04,UUP,-1.2494118934781757,2129
2016-03-05,GLD,3.7417272727900404,18
2016-03-05,SPY,-1.3111318703975055,2513
2016-03-05,TLT,-0.14627589754202372,10
2016-03-05,USO,-0.73288957670052812,751
2016-03-05,UUP,-1.360077758109085,530
2016-03-06,GLD,4.6165761521873554,29
2016-03-06,SPY,-1.2881769428679892,2122
2016-03-06,TLT,0.11698946572342783,10
2016-03-06,USO,-0.091830066741425742,957
2016-03-06,UUP,-1.4045236220881663,379
2016-03-07,GLD,1.7799071334367333,29
2016-03-07,SPY,-1.5541534929849103,8952
2016-03-07,TLT,0.56520867915516626,48
2016-03-07,USO,-1.0274140551925504,1768
2016-03-07,UUP,-0.93323587362339966,1388
2016-03-08,GLD,3.9956977900687547,30
2016-03-08,SPY,-1.0789115188473271,8357
2016-03-08,TLT,-0.23516839699273315,61
2016-03-08,USO,-1.3035145788466882,1697
2016-03-08,UUP,-2.2116359333375968,1107
2016-03-09,GLD,0.65426282687725534,42
2016-03-09,SPY,-0.96901002299020655,8710
2016-03-09,TLT,-0.75336478603437007,64
2016-03-09,USO,-1.003055408324353,1305
2016-03-09,UUP,-1.6825821532155854,1072
2016-03-10,GLD,1.5801590082697972,45
2016-03-10,SPY,-1.1036045324754891,8781
2016-03-10,TLT,-0.30992696467014996,101
2016-03-10,USO,-0.89664152505173411,1329
2016-03-10,UUP,-1.8925926477351849,1190
2016-03-11,GLD,2.9939841385110348,47
2016-03-11,SPY,-0.57771867006623712,7754
2016-03-11,TLT,1.2758252459238353,166
2016-03-11,USO,-0.94222834157813251,1384
2016-03-11,UUP,-2.30326904276907,1459
2016-03-12,GLD,0.82811619718915375,16
2016-03-12,SPY,-0.80595363400148889,2725
2016-03-12,TLT,0.12088871709109757,28
2016-03-12,USO,-1.0660822714401272,702
2016-03-12,UUP,-2.5267276609552076,586
2016-03-13,GLD,0.57694101006670384,9
2016-03-13,SPY,-0.81476930340820886,2464
2016-03-13,TLT,-0.66984215286254367,10
2016-03-13,USO,-1.8298220684181765,853
2016-03-13,UUP,-1.849381431491087,390
2016-03-14,GLD,2.0249591532490747,33
2016-03-14,SPY,-0.68475744841219666,6962
2016-03-14,TLT,0.42866232633865758,84
2016-03-14,USO,-1.0715398046975828,1496
2016-03-14,UUP,-1.4022113198073265,1471
2016-03-15,GLD,1.3740684188639116,26
2016-03-15,SPY,-0.9888432738782087,7261
2016-03-15,TLT,-0.13076574109068459,105
2016-03-15,USO,-1.4704244920277711,1394
2016-03-15,UUP,-2.217922748197966,2568
2016-03-16,GLD,2.1687154052240531,28
2016-03-16,SPY,-0.71321447120993176,8161
2016-03-16,TLT,-0.30529659614549431,60
2016-03-16,USO,-1.1597074130359111,1252
2016-03-16,UUP,-1.7502727702458436,3156
2016-03-17,GLD,2.4795975600332438,27
2016-03-17,SPY,-0.73967607639281052,7384
2016-03-17,TLT,-1.8695257147520927,128
2016-03-17,USO,-0.78813780684093926,1421
2016-03-17,UUP,-1.2638715963690963,2992
2016-03-18,GLD,2.431329630737983,42
2016-03-18,SPY,-0.612048610855359,7018
2016-03-18,TLT,-0.38284606708245583,57
2016-03-18,USO,-1.0093408820912901,1564
2016-03-18,UUP,-1.1958539684437841,2175
2016-03-19,GLD,3.9347193756632741,14
2016-03-19,SPY,-0.9627346987965042,2065
2016-03-19,TLT,-0.44166817198516678,10
2016-03-19,USO,-0.95948664938563144,495
2016-03-19,UUP,-1.7625651711617354,679
2016-03-20,GLD,4.8048009150928372,4
2016-03-20,SPY,-0.88076585577387789,1654
2016-03-20,TLT,-0.85856979263913169,10
2016-03-20,USO,-1.0403361503525095,516
2016-03-20,UUP,-1.7393258938401146,559
2016-03-21,GLD,1.9332837942975709,54
2016-03-21,SPY,-0.72289967306780878,6473
2016-03-21,TLT,0.26676114486523328,55
2016-03-21,USO,-0.9086234263477988,1362
2016-03-21,UUP,-1.4179302770144209,1379
2016-03-22,GLD,2.3307844530832726,42
2016-03-22,SPY,-1.752708905028912,6856
2016-03-22,TLT,0.2460000900889312,53
2016-03-22,USO,-1.1386979375872353,1162
2016-03-22,UUP,-1.5647897461874705,1266
2016-03-23,GLD,2.1807765631109222,50
2016-03-23,SPY,-1.6673757621796474,6929
2016-03-23,TLT,0.15942691400341891,66
2016-03-23,USO,-1.3522794662338742,1327
2016-03-23,UUP,-1.9192920856932003,1367
2016-03-24,GLD,3.9586530427902233,40
2016-03-24,SPY,-1.46278964400297,7183
2016-03-24,TLT,-1.2201216978870781,50
2016-03-24,USO,-1.3431016464583805,1286
2016-03-24,UUP,-1.5625533305118904,1599
2016-03-25,GLD,3.8152590895801932,25
2016-03-25,SPY,-1.239402866436875,3758
2016-03-25,TLT,0.57425344595213534,14
2016-03-25,USO,-0.99036064368802412,687
2016-03-25,UUP,-1.2256665805858769,1117
2016-03-26,GLD,3.2447930805786327,12
2016-03-26,SPY,-1.3912617474672266,2435
2016-03-26,TLT,-1.362662317471435,4
2016-03-26,USO,-0.65162489319110428,392
2016-03-26,UUP,-1.2597984448667,350
2016-03-27,GLD,2.9453540079961495,13
2016-03-27,SPY,-1.866885217011194,2137
2016-03-27,TLT,0.56768039446934027,4
2016-03-27,USO,-0.60916157865819065,310
2016-03-27,UUP,-1.0240843753791669,327
2016-03-28,GLD,3.2781056450452768,44
2016-03-28,SPY,-1.1707749237399079,4878
2016-03-28,TLT,0.61160542963522391,27
2016-03-28,USO,-1.0931066453485558,802
2016-03-28,UUP,-0.7390780342812413,1484
2016-03-29,GLD,3.2278805019073586,44
2016-03-29,SPY,-1.3248451664533714,7519
2016-03-29,TLT,0.713638187996991,68
2016-03-29,USO,-2.21077823375824,1432
2016-03-29,UUP,-1.674418277894157,2358
2016-03-30,GLD,1.7891662518713263,44
2016-03-30,SPY,-0.92139827957469456,7201
2016-03-30,TLT,1.1905267875975631,110
2016-03-30,USO,-0.90871647742006623,1313
2016-03-30,UUP,-1.1412436597003526,2298
2016-03-31,GLD,1.8370787897036294,37
2016-03-31,SPY,-1.0115997676406607,6973
2016-03-31,TLT,0.13477574267005743,43
2016-03-31,USO,-1.1746656437449647,1267
2016-03-31,UUP,-1.5875447129949671,2018
2016-04-01,GLD,2.6492723801728708,37
2016-04-01,SPY,-1.1657522177377873,6916
2016-04-01,TLT,0.735754811886666,91
2016-04-01,USO,-1.0080707882793274,1306
2016-04-01,UUP,-1.3161163924876726,1802
2016-04-02,GLD,4.8468715374060558,22
2016-04-02,SPY,-1.2386559447703369,2872
2016-04-02,TLT,0.6563698661181846,21
2016-04-02,USO,-0.77584749699588262,1112
2016-04-02,UUP,-1.1679064686949308,550
2016-04-03,GLD,4.5618889953854751,12
2016-04-03,SPY,-1.2321555344521893,2231
2016-04-03,TLT,0.20291211225774766,34
2016-04-03,USO,-0.98779576741859487,535
2016-04-03,UUP,-1.0894409475210856,410
2016-04-04,GLD,1.5205364907093768,62
2016-04-04,SPY,-0.88833702455348518,6623
2016-04-04,TLT,0.86471247387415739,108
2016-04-04,USO,-2.3060182291559026,2142
2016-04-04,UUP,-1.0487386147275211,1445
2016-04-05,GLD,2.5829627602033041,38
2016-04-05,SPY,-1.2364549498274138,6743
2016-04-05,TLT,0.3038481358834661,74
2016-04-05,USO,-1.3555825500531709,1514
2016-04-05,UUP,-1.6120211024785784,1073
2016-04-06,GLD,2.3445547702443186,48
2016-04-06,SPY,-1.0215305738362577,7373
2016-04-06,TLT,1.2381129906031696,66
2016-04-06,USO,-1.3704196852654345,2076
2016-04-06,UUP,-1.5954853945830643,1529
2016-04-07,GLD,2.0830088807446154,54
2016-04-07,SPY,-1.3579351746996635,8032
2016-04-07,TLT,0.53506747365078933,92
2016-04-07,USO,-0.44128842576024896,1530
2016-04-07,UUP,-1.786443797003834,1944
2016-04-08,GLD,2.7078352160570742,33
2016-04-08,SPY,-1.4463553176813093,7274
2016-04-08,TLT,1.3070398390171007,86
2016-04-08,USO,-0.886262330411103,1250
2016-04-08,UUP,-1.868371766279926,1569
2016-04-09,GLD,2.0255776687880056,14
2016-04-09,SPY,-1.3295603148515678,2841
2016-04-09,TLT,-1.2122503361344192,19
2016-04-09,USO,-0.62475496943963027,576
2016-04-09,UUP,-1.833427102607734,429
2016-04-10,GLD,-0.11487567676505189,13
2016-04-10,SPY,-1.2528638527058882,2532
2016-04-10,TLT,-0.66276905672929975,12
2016-04-10,USO,-0.39022354681757282,589
2016-04-10,UUP,-1.3135999696771972,297
2016-04-11,GLD,2.1548807890411434,48
2016-04-11,SPY,-0.76923216504330272,7643
2016-04-11,TLT,0.98690944248934376,72
2016-04-11,USO,-1.1102419554679073,1210
2016-04-11,UUP,-1.3187990123975808,1371
2016-04-12,GLD,2.5015993616931373,73
2016-04-12,SPY,-0.87446253859126588,7271
2016-04-12,TLT,0.014035010612828282,76
2016-04-12,USO,-0.74431153070818057,1611
2016-04-12,UUP,-1.2211221959448872,1234
2016-04-13,GLD,3.075259514870313,100
2016-04-13,SPY,-0.83485606488333253,7470
2016-04-13,TLT,1.1080563849260014,100
2016-04-13,USO,-0.94004539112316421,1749
2016-04-13,UUP,-1.9990317043703427,1805
2016-04-14,GLD,3.4198718653745894,41
2016-04-14,SPY,-0.86162369780079151,6053
2016-04-14,TLT,0.56190508867352207,83
2016-04-14,USO,-1.5914670060144316,1093
2016-04-14,UUP,-2.0215394737802903,1113
2016-04-15,GLD,3.1594720026027066,44
2016-04-15,SPY,-1.2879987501937216,4945
2016-04-15,TLT,0.095611985562470192,49
2016-04-15,USO,-1.0353099873139757,712
2016-04-15,UUP,-1.7913557316137632,351
2016-04-16,GLD,-0.13667941418874818,7
2016-04-16,SPY,-1.217615596891247,1288
2016-04-16,TLT,-1.4272423058821075,6
2016-04-16,USO,-1.6667617023787196,370
2016-04-16,UUP,-2.902701606540449,250
2016-04-17,GLD,2.8825088752601244,10
2016-04-17,SPY,-1.439639683975231,1363
2016-04-17,TLT,-1.2835295785589731,9
2016-04-17,USO,-1.0185514134947737,542
2016-04-17,UUP,-1.4595993518848922,120
2016-04-18,GLD,2.1142427504092627,54
2016-04-18,SPY,-0.99340104534647833,6946
2016-04-18,TLT,0.74715802663184383,59
2016-04-18,USO,-1.8126525871916788,1908
2016-04-18,UUP,-1.6759379146124409,1051
2016-04-19,GLD,3.5140910808832779,64
2016-04-19,SPY,-0.3840450345997985,10180
2016-04-19,TLT,1.8363377945478114,120
2016-04-19,USO,-1.1838507153017004,1472
2016-04-19,UUP,-1.4231830336555455,1196
2016-04-20,GLD,2.7700427247353434,50
2016-04-20,SPY,-0.49494332960770737,10802
2016-04-20,TLT,0.86015207949071348,115
2016-04-20,USO,-1.6655679555320404,2128
2016-04-20,UUP,-0.61918111623692651,1069
2016-04-21,GLD,3.1656020087328107,55
2016-04-21,SPY,-0.33550183715317911,10997
2016-04-21,TLT,0.88527729281427425,111
2016-04-21,USO,-0.65955856802391,1792
2016-04-21,UUP,-0.48747906426504478,1371
2016-04-22,GLD,3.7614657076589655,60
2016-04-22,SPY,-0.74050411137309835,10751
2016-04-22,TLT,0.38921811162880615,95
2016-04-22,USO,-0.37481123329568355,1871
2016-04-22,UUP,-1.8402808020304171,1117
2016-04-23,GLD,1.2623050666705349,16
2016-04-23,SPY,-1.0903309413418283,2996
2016-04-23,TLT,-0.78852918970516539,15
2016-04-23,USO,-1.090518975328,899
2016-04-23,UUP,-1.1748848974611565,486
2016-04-24,GLD,0.20211284981393518,15
2016-04-24,SPY,-0.52597537811281825,2662
2016-04-24,TLT,-0.48005758851766445,12
2016-04-24,USO,-1.1160139185889619,619
2016-04-24,UUP,-1.0414372029541186,412
2016-04-25,GLD,3.1172299460858346,64
2016-04-25,SPY,-0.7739514849949769,10764
2016-04-25,TLT,0.091255535683156475,79
2016-04-25,USO,-0.98942832269289882,1523
2016-04-25,UUP,-1.271810614572576,1988
2016-04-26,GLD,2.5046994008347885,53
2016-04-26,SPY,-0.34661179498694533,11819
2016-04-26,TLT,0.78420551459153043,108
2016-04-26,USO,-0.3329749013416648,2133
2016-04-26,UUP,-1.3263303291365642,2455
2016-04-27,GLD,1.6455906410680181,57
2016-04-27,SPY,-0.39316239625899241,13802
2016-04-27,TLT,1.1767487498158142,86
2016-04-27,USO,-0.63720941685759591,2163
2016-04-27,UUP,-1.4210984617849163,3133
2016-04-28,GLD,2.3259623290764679,68
2016-04-28,SPY,-0.52388244826922059,12439
2016-04-28,TLT,0.33849344676333676,101
2016-04-28,USO,-0.46410176962363642,1617
2016-04-28,UUP,-1.4229170845835188,2589
2016-04-29,GLD,2.1618053346011168,62
2016-04-29,SPY,-0.62011551860588265,9832
2016-04-29,TLT,0.36899956101478643,67
2016-04-29,USO,-0.9961165502249848,1722
2016-04-29,UUP,-0.96113526526584292,1517
2016-04-30,GLD,4.6532230684778888,24
2016-04-30,SPY,-0.36971185774017346,3475
2016-04-30,TLT,-1.4819009290444802,26
2016-04-30,USO,-0.644575996201399,805
2016-04-30,UUP,-1.3022448610023347,537
2016-05-01,GLD,2.1956793160886008,23
2016-05-01,SPY,0.098131974601177244,4276
2016-05-01,TLT,-0.13602480887870577,13
2016-05-01,USO,-0.979653753129177,565
2016-05-01,UUP,-1.612265085455364,388
2016-05-02,GLD,2.4213164411267956,122
2016-05-02,SPY,-0.62632303229249187,10055
2016-05-02,TLT,1.2583918821847146,97
2016-05-02,USO,-1.7305295207412204,1626
2016-05-02,UUP,-1.1737177248740562,1266
2016-05-03,GLD,1.959456356776081,85
2016-05-03,SPY,-0.74820849333261374,11726
2016-05-03,TLT,0.63461001751537438,85
2016-05-03,USO,-1.7109302759973162,1962
2016-05-03,UUP,-1.2075069899391047,1075
2016-05-04,GLD,1.9249189351490561,58
2016-05-04,SPY,-0.85356559546836819,9290
2016-05-04,TLT,0.49422779086914609,62
2016-05-04,USO,-1.4703614727287955,1514
2016-05-04,UUP,-1.1357422815392866,1013
2016-05-05,GLD,2.4927367600583881,84
2016-05-05,SPY,-0.54796971530510508,10370
2016-05-05,TLT,0.81574236162764835,55
2016-05-05,USO,-1.2241609899673846,1393
2016-05-05,UUP,-1.3101967265246537,1827
2016-05-06,GLD,3.179924295245129,55
2016-05-06,SPY,-0.75383627180811486,8359
2016-05-06,TLT,-1.1731755219136566,114
2016-05-06,USO,-1.4205241011422884,1546
2016-05-06,UUP,-1.6198797342303082,3081
2016-05-07,GLD,3.9993197670878153,20
2016-05-07,SPY,-1.1078384121352003,2815
2016-05-07,TLT,-0.92994130558475407,22
2016-05-07,USO,-1.3337315331006387,575
2016-05-07,UUP,-2.1642291392599504,1012
2016-05-08,GLD,4.3444419812880426,20
2016-05-08,SPY,-1.1288240811766466,1986
2016-05-08,TLT,-0.42454956923666515,17
2016-05-08,USO,0.13247542360646208,515
2016-05-08,UUP,-1.7383823080356757,476
2016-05-09,GLD,3.2963076497514141,39
2016-05-09,SPY,-0.711497013175876,8365
2016-05-09,TLT,1.3800185500796185,80
2016-05-09,USO,-0.99611892989657658,1579
2016-05-09,UUP,-1.5864363230511545,2062
2016-05-10,GLD,3.1245767378007825,52
2016-05-10,SPY,-0.55635577282954074,9043
2016-05-10,TLT,1.130028586511169,94
2016-05-10,USO,-1.0831710150880369,1914
2016-05-10,UUP,-1.7475689667868546,1550
2016-05-11,GLD,2.5537490151976128,59
2016-05-11,SPY,-0.84450804624216158,10683
2016-05-11,TLT,0.27226916137853224,110
2016-05-11,USO,-1.0199408897679954,1923
2016-05-11,UUP,-1.4122770633016475,1172
2016-05-12,GLD,2.5604311460452998,57
2016-05-12,SPY,-0.79896627146157329,9085
2016-05-12,TLT,0.73544267290360721,83
2016-05-12,USO,-1.1559076284444805,1925
2016-05-12,UUP,-1.3481885297935186,1461
2016-05-13,GLD,3.0198887152975513,57
2016-05-13,SPY,-0.86268412476467338,8354
2016-05-13,TLT,0.63414700063934326,70
2016-05-13,USO,-1.8859071011813244,1786
2016-05-13,UUP,-1.9250515301619131,1755
2016-05-14,GLD,3.6426394965082611,10
2016-05-14,SPY,-1.0724346731628767,2738
2016-05-14,TLT,-1.2725448141016102,14
2016-05-14,USO,-1.4751428742379697,666
2016-05-14,UUP,-2.0092996763309978,714
2016-05-15,GLD,8.16415125928802,9
2016-05-15,SPY,-0.9980273977391021,2168
2016-05-15,TLT,-0.52985909147929477,7
2016-05-15,USO,-0.30115303620751327,518
2016-05-15,UUP,-2.4479737005159854,469
2016-05-16,GLD,3.9805060344945424,52
2016-05-16,SPY,-0.920421872982267,7217
2016-05-16,TLT,1.1167358985632156,52
2016-05-16,USO,-1.0806364799996522,1390
2016-05-16,UUP,-1.602320156391283,1087
2016-05-17,GLD,3.5911540157379829,66
2016-05-17,SPY,-0.583754954426689,8847
2016-05-17,TLT,0.62774489637917652,55
2016-05-17,USO,-1.1646973959423697,1978
2016-05-17,UUP,-0.92686930306461712,2211
2016-05-18,GLD,2.189096941870293,72
2016-05-18,SPY,-0.79086681117672775,9378
2016-05-18,TLT,-0.4514837517405027,103
2016-05-18,USO,-1.2698140511037255,1948
2016-05-18,UUP,-0.94518843222732918,2779
2016-05-19,GLD,1.0942693390827123,90
2016-05-19,SPY,-0.692165275008726,8385
2016-05-19,TLT,-0.17571644337833126,55
2016-05-19,USO,-1.2768932875092873,1604
2016-05-19,UUP,-1.1057252786744018,3193
2016-05-20,GLD,1.4928208174496016,69
2016-05-20,SPY,-0.66601356894199981,7730
2016-05-20,TLT,1.0406560659046831,68
2016-05-20,USO,-1.1773520362665251,1258
2016-05-20,UUP,-0.96521817673749544,2127
2016-05-21,GLD,1.9537576681642448,14
2016-05-21,SPY,-1.2783056134506603,3078
2016-05-21,TLT,0.59305997996791993,16
2016-05-21,USO,-2.7506288180537344,821
2016-05-21,UUP,-1.2873241595355092,863
2016-05-22,GLD,3.0830160511827849,20
2016-05-22,SPY,-1.0315349023507812,2794
2016-05-22,TLT,-0.086441142913380217,13
2016-05-22,USO,-0.7149777440527415,563
2016-05-22,UUP,-1.3766023491501962,477
2016-05-23,GLD,1.9621643928646884,66
2016-05-23,SPY,-1.0619838681608391,8086
2016-05-23,TLT,-1.3330230490479669,138
2016-05-23,USO,-1.0181628292290865,1208
2016-05-23,UUP,-1.1314718614067529,1731
2016-05-24,GLD,1.741330572955774,59
2016-05-24,SPY,-0.68418842426397419,9844
2016-05-24,TLT,-1.3797632229884753,234
2016-05-24,USO,-0.6420230638665162,1568
2016-05-24,UUP,-1.1142253528068955,1987
2016-05-25,GLD,2.7948745849626211,60
2016-05-25,SPY,-0.64405801432899479,8889
2016-05-25,TLT,-0.29238000467728809,209
2016-05-25,USO,-0.36626850304917813,1605
2016-05-25,UUP,-1.2335782519575329,2195
2016-05-26,GLD,2.288380814972931,64
2016-05-26,SPY,-0.65826301994495928,8780
2016-05-26,TLT,-0.42626097411876473,219
2016-05-26,USO,-0.91626022699997756,2696
2016-05-26,UUP,-0.784006856414531,1774
2016-05-27,GLD,2.8695724087215373,58
2016-05-27,SPY,-0.46110825861828048,8031
2016-05-27,TLT,0.57441838651856758,100
2016-05-27,USO,-1.5062130669299436,1757
2016-05-27,UUP,-1.0640364082791951,3018
2016-05-28,GLD,0.98574471863720947,13
2016-05-28,SPY,-1.0880333465666983,2948
2016-05-28,TLT,-2.0180292102612554,7
2016-05-28,USO,-0.9100949853372704,681
2016-05-28,UUP,-0.97621559467075514,828
2016-05-29,GLD,0.53040982222397581,18
2016-05-29,SPY,-0.84899901335907013,2146
2016-05-29,TLT,0.14215039652964831,13
2016-05-29,USO,-0.75660549582690761,484
2016-05-29,UUP,-1.4237813961663899,440
2016-05-30,GLD,2.4375831525708933,47
2016-05-30,SPY,-0.39333296656034356,4601
2016-05-30,TLT,1.6066560965899437,94
2016-05-30,USO,-0.27328210321457891,1180
2016-05-30,UUP,-0.87545196391136615,1420
2016-05-31,GLD,1.6202697826115564,123
2016-05-31,SPY,-0.64511638922715731,7148
2016-05-31,TLT,0.28257516617924705,96
2016-05-31,USO,-0.909408998414025,1650
2016-05-31,UUP,-0.53130220898740987,1790
2016-06-01,GLD,1.7520190392897785,94
2016-06-01,SPY,-0.96289637751358814,8917
2016-06-01,TLT,0.17324051375393923,103
2016-06-01,USO,-1.0468772233018939,1779
2016-06-01,UUP,-1.5238968367586478,2256
2016-06-02,GLD,2.6828849214080748,51
2016-06-02,SPY,-1.1027612894840471,9145
2016-06-02,TLT,0.44061559348508611,66
2016-06-02,USO,-1.1594183980229908,2322
2016-06-02,UUP,-1.9118171286211207,2227
2016-06-03,GLD,1.2343726055959352,87
2016-06-03,SPY,-1.1367089111104371,9735
2016-06-03,TLT,0.80945306884053558,90
2016-06-03,USO,-1.43953327970944,2004
2016-06-03,UUP,-1.8368525003762224,4052
2016-06-04,GLD,2.7597310322256989,19
2016-06-04,SPY,-1.2465009561331111,4161
2016-06-04,TLT,-0.445428134563402,22
2016-06-04,USO,-0.96404497210006668,846
2016-06-04,UUP,-1.8741980489132304,1289
2016-06-05,GLD,0.63729135064666165,6
2016-06-05,SPY,-0.94731399726785892,2441
2016-06-05,TLT,-0.65567067830233794,8
2016-06-05,USO,-0.60426636020838209,903
2016-06-05,UUP,-1.7658002990763388,684
2016-06-06,GLD,2.6140032103904316,54
2016-06-06,SPY,-0.5462802087904115,8066
2016-06-06,TLT,0.41008389122181121,89
2016-06-06,USO,-1.1925831167337064,1493
2016-06-06,UUP,-1.4606623169757345,3019
2016-06-07,GLD,2.24241265296251,57
2016-06-07,SPY,-0.53130736045442706,9728
2016-06-07,TLT,2.0261953581523442,79
2016-06-07,USO,-0.72805676790542151,1737
2016-06-07,UUP,-1.3152021500032225,2750
2016-06-08,GLD,1.971615121146465,62
2016-06-08,SPY,-0.75304828053235318,8951
2016-06-08,TLT,0.13525948259473894,73
2016-06-08,USO,-1.2980862080951356,1862
2016-06-08,UUP,-1.1924641665904783,1476
2016-06-09,GLD,3.3409771542671383,42
2016-06-09,SPY,-1.0758159210381952,9287
2016-06-09,TLT,-0.21564064066647715,77
2016-06-09,USO,-1.2074581078489104,1398
2016-06-09,UUP,-1.4973318067605168,2050
2016-06-10,GLD,2.5970663745579956,52
2016-06-10,SPY,-1.4983806877402059,9398
2016-06-10,TLT,-0.26109287954742166,120
2016-06-10,USO,-1.2894598076981532,1908
2016-06-10,UUP,-1.7218206683740214,1645
2016-06-11,GLD,2.2836906463825493,10
2016-06-11,SPY,-1.1814781102596525,3289
2016-06-11,TLT,-1.8356922540344573,19
2016-06-11,USO,-1.425049131554649,618
2016-06-11,UUP,-1.6288672662805153,639
2016-06-12,GLD,0.34057502569092285,11
2016-06-12,SPY,-0.74317020007842116,2398
2016-06-12,TLT,-0.72091762309188379,14
2016-06-12,USO,-0.66820372897282476,589
2016-06-12,UUP,-1.7530528845187374,460
2016-06-13,GLD,2.3663712354861075,50
2016-06-13,SPY,-1.0677936970581463,7650
2016-06-13,TLT,0.1831885217365643,140
2016-06-13,USO,-0.99562657818299638,1410
2016-06-13,UUP,-1.6370988558137722,1434
2016-06-14,GLD,2.8906685018715752,62
2016-06-14,SPY,-1.3337269521474944,8993
2016-06-14,TLT,-0.14455274003946897,122
2016-06-14,USO,-1.7176361927374026,1634
2016-06-14,UUP,-1.5468224062192686,2244
2016-06-15,GLD,2.5662385637656211,58
2016-06-15,SPY,-1.2980140439164798,9185
2016-06-15,TLT,0.15465894383289444,96
2016-06-15,USO,-1.3057658869597746,1672
2016-06-15,UUP,-1.6148132093936218,3927
2016-06-16,GLD,2.4358661088808398,118
2016-06-16,SPY,-0.96537486572996423,9510
2016-06-16,TLT,-0.45418747646687874,118
2016-06-16,USO,-1.390945181680014,1418
2016-06-16,UUP,-1.5821802861460335,2922
2016-06-17,GLD,2.0951114753467506,72
2016-06-17,SPY,-1.42043261622724,9432
2016-06-17,TLT,-0.0704642465523287,113
2016-06-17,USO,-1.3103849671618086,1543
2016-06-17,UUP,-1.7284928683850049,1388
2016-06-18,GLD,0.555245596358857,13
2016-06-18,SPY,-1.5599388602742172,3258
2016-06-18,TLT,-0.55711986204217223,14
2016-06-18,USO,-0.90227217244152857,605
2016-06-18,UUP,-1.2946812490010091,475
2016-06-19,GLD,2.0367296479204948,14
2016-06-19,SPY,-1.2980450156626782,2490
2016-06-19,TLT,-1.2471149776822545,10
2016-06-19,USO,-0.20311369716631678,706
2016-06-19,UUP,-1.3503353901278292,405
2016-06-20,GLD,2.444039169368001,58
2016-06-20,SPY,-0.70797335467032385,7655
2016-06-20,TLT,0.66887797994797626,98
2016-06-20,USO,-0.96153143597604629,1495
2016-06-20,UUP,-1.2992259353902749,985
2016-06-21,GLD,1.9298784677075245,30
2016-06-21,SPY,-0.75409407330389766,8981
2016-06-21,TLT,0.28208239573623228,86
2016-06-21,USO,-0.44793840492778492,1695
2016-06-21,UUP,-1.2745213828869375,2449
2016-06-22,GLD,1.6654360338284442,74
2016-06-22,SPY,-0.783504628990731,9482
2016-06-22,TLT,0.12723375283615224,75
2016-06-22,USO,-1.2380972888917723,1599
2016-06-22,UUP,-1.5741363321662423,2468
2016-06-23,GLD,3.0412600561929857,52
2016-06-23,SPY,-0.45822411840729921,8668
2016-06-23,TLT,0.57783268483718053,120
2016-06-23,USO,-0.2974141018637585,1611
2016-06-23,UUP,-1.7962260341113518,1465
2016-06-24,GLD,1.0806694632535285,119
2016-06-24,SPY,-1.944609690940591,15277
2016-06-24,TLT,-0.74046282993333334,232
2016-06-24,USO,-1.1708165894146667,2540
2016-06-24,UUP,-1.9283760358542419,2929
2016-06-25,GLD,-1.7021386154428177,32
2016-06-25,SPY,-1.714972310149719,5411
2016-06-25,TLT,-0.16132660969831056,71
2016-06-25,USO,-0.99954355474858381,832
2016-06-25,UUP,-2.0444180387742965,1178
2016-06-26,GLD,2.5298398880022313,19
2016-06-26,SPY,-1.6326874662557371,3363
2016-06-26,TLT,0.29184539471513771,20
2016-06-26,USO,-0.78699987910434155,616
2016-06-26,UUP,-1.9109084514280423,410
2016-06-27,GLD,1.9478969121425111,74
2016-06-27,SPY,-1.8888545933680994,11010
2016-06-27,TLT,0.049285735348014816,156
2016-06-27,USO,-1.1928755210341191,1373
2016-06-27,UUP,-1.8453586975165559,1341
2016-06-28,GLD,1.7864121493641119,65
2016-06-28,SPY,-1.0021446098093405,10036
2016-06-28,TLT,0.754463427808038,133
2016-06-28,USO,-0.84607723673320867,1531
2016-06-28,UUP,-1.8532407443821941,1161
2016-06-29,GLD,1.6295882705455011,75
2016-06-29,SPY,-1.2206999993103007,9020
2016-06-29,TLT,0.937573128765811,103
2016-06-29,USO,-1.3260025100310062,1708
2016-06-29,UUP,-1.16406180756222,1620
2016-06-30,GLD,3.188382214284327,72
2016-06-30,SPY,-0.71995781516709978,9572
2016-06-30,TLT,1.3041746945979469,142
2016-06-30,USO,-1.5624144714220758,2238
2016-06-30,UUP,-1.5726514137353982,1785
2016-07-01,GLD,2.387608645578104,57
2016-07-01,SPY,-0.48874861780436,7986
2016-07-01,TLT,0.67135101014386367,112
2016-07-01,USO,-1.1576062297503265,1501
2016-07-01,UUP,-1.1597485369536216,983
2016-07-02,GLD,0.54801801662255312,11
2016-07-02,SPY,-2.0183750683145405,2611
2016-07-02,TLT,-0.49480680256618936,26
2016-07-02,USO,-1.1049942532945347,493
2016-07-02,UUP,-0.90539550004251335,323
2016-07-03,GLD,2.8897604016184144,13
2016-07-03,SPY,-0.9821835787784613,1901
2016-07-03,TLT,0.56207040534025809,17
2016-07-03,USO,-1.1639766937416538,479
2016-07-03,UUP,-1.6358980091309419,408
2016-07-04,GLD,4.1329334539798914,53
2016-07-04,SPY,-0.87690013237445141,5417
2016-07-04,TLT,0.34721671468551335,72
2016-07-04,USO,-0.1631672705931225,1270
2016-07-04,UUP,-1.4530354780390249,525
2016-07-05,GLD,2.7490459300133003,48
2016-07-05,SPY,-1.2068650593194745,6432
2016-07-05,TLT,-0.18295712260328459,119
2016-07-05,USO,-1.7887618872547302,1347
2016-07-05,UUP,-1.452604829850334,819
2016-07-06,GLD,1.1760472709907921,49
2016-07-06,SPY,-1.3921264748330604,7676
2016-07-06,TLT,-0.44111175471166825,170
2016-07-06,USO,-1.4854013420030354,1485
2016-07-06,UUP,-1.6571903098725715,1238
2016-07-07,GLD,2.1341243524373823,31
2016-07-07,SPY,-0.8230003055575752,8019
2016-07-07,TLT,0.23360000411354254,150
2016-07-07,USO,-1.1342817987463136,1610
2016-07-07,UUP,-1.581006904257491,1690
2016-07-08,GLD,3.1712562540022162,56
2016-07-08,SPY,-0.92347127095865622,7850
2016-07-08,TLT,0.65209509120111353,113
2016-07-08,USO,-6.0234279763192493,7087
2016-07-08,UUP,-0.890037530133607,2369
2016-07-09,GLD,3.5100697106924166,11
2016-07-09,SPY,-0.891242455197135,2669
2016-07-09,TLT,-0.24900032717985929,16
2016-07-09,USO,-4.9168375914752493,2548
2016-07-09,UUP,-0.66215207590779557,500
2016-07-10,GLD,3.7552943111311419,11
2016-07-10,SPY,-0.70788632222557535,2010
2016-07-10,TLT,-0.47897521179903635,17
2016-07-10,USO,-1.6259015925641664,859
2016-07-10,UUP,-1.4213374817951534,365
2016-07-11,GLD,2.915927868004534,52
2016-07-11,SPY,-0.2930139268458784,8062
2016-07-11,TLT,0.154746849404518,100
2016-07-11,USO,-2.0112715424301477,1898
2016-07-11,UUP,-0.74909981087340494,1302
2016-07-12,GLD,2.1586146672629796,65
2016-07-12,SPY,-0.49679735203007552,10841
2016-07-12,TLT,0.34903887233680209,85
2016-07-12,USO,-2.1229953155519721,2453
2016-07-12,UUP,-1.002138655211336,1384
2016-07-13,GLD,2.87475714032518,62
2016-07-13,SPY,-0.47013182358422639,10316
2016-07-13,TLT,0.92219570387435656,139
2016-07-13,USO,-2.7929819617227971,3281
2016-07-13,UUP,-0.73430660888296917,1310
2016-07-14,GLD,3.0759200214306466,71
2016-07-14,SPY,-0.25115048555320141,9209
2016-07-14,TLT,1.1965865876694377,91
2016-07-14,USO,-1.763684800699439,1880
2016-07-14,UUP,-0.73482423178335488,1303
2016-07-15,GLD,2.9344970599876183,59
2016-07-15,SPY,-0.99355635673526466,8394
2016-07-15,TLT,0.23820598708223586,85
2016-07-15,USO,-0.96409996749522986,1266
2016-07-15,UUP,-0.86218619886650794,1520
2016-07-16,GLD,0.098295978026332789,22
2016-07-16,SPY,-0.84058048368248373,2488
2016-07-16,TLT,-0.27767636069668694,23
2016-07-16,USO,-1.7711454822630239,786
2016-07-16,UUP,-0.433885126979323,431
2016-07-17,GLD,0.73710067451088779,14
2016-07-17,SPY,-0.93562745990358831,2098
2016-07-17,TLT,0.50421740818874494,9
2016-07-17,USO,-1.9558486866901947,661
2016-07-17,UUP,-1.8028375717042293,278
2016-07-18,GLD,0.284646315645641,65
2016-07-18,SPY,-1.0686130851168258,8144
2016-07-18,TLT,0.3816793938878143,95
2016-07-18,USO,-1.0353670890418623,1084
2016-07-18,UUP,-0.77919529152424116,1019
2016-07-19,GLD,1.7953021624741758,54
2016-07-19,SPY,-0.81820726268700394,8792
2016-07-19,TLT,-0.46292671583746353,107
2016-07-19,USO,-1.3545556066028732,1599
2016-07-19,UUP,-0.83509861718733647,797
2016-07-20,GLD,2.5996066817444565,55
2016-07-20,SPY,-0.64550413771198656,10081
2016-07-20,TLT,0.62450317550817591,88
2016-07-20,USO,-0.67092846124009264,1266
2016-07-20,UUP,-0.85476861600942911,1015
2016-07-21,GLD,2.3253321566869158,57
2016-07-21,SPY,-0.71494257985245668,10936
2016-07-21,TLT,0.36841161116569926,87
2016-07-21,USO,-0.68297441945562487,1294
2016-07-21,UUP,-1.1703513893022179,948
2016-07-22,GLD,2.3502303350615463,63
2016-07-22,SPY,-0.95721507607697909,9427
2016-07-22,TLT,0.398067845802427,70
2016-07-22,USO,-0.7070713582689806,1235
2016-07-22,UUP,-0.662657268577348,961
2016-07-23,GLD,-0.060487979253230628,19
2016-07-23,SPY,-0.99005948509772157,3758
2016-07-23,TLT,-2.6230678849847346,9
2016-07-23,USO,-0.8281619262145663,538
2016-07-23,UUP,-0.74886027383170484,313
2016-07-24,GLD,-1.4332136708848902,13
2016-07-24,SPY,-0.37303234400457491,3220
2016-07-24,TLT,-0.052692042812997414,9
2016-07-24,USO,1.2410215362056694,746
2016-07-24,UUP,-0.76116839568560868,228
2016-07-25,GLD,2.4553602580559435,56
2016-07-25,SPY,-0.44447463071880822,8581
2016-07-25,TLT,1.1671290383310986,71
2016-07-25,USO,-0.98126963700616854,1584
2016-07-25,UUP,-0.55576226035259257,1721
2016-07-26,GLD,1.6169916501648587,47
2016-07-26,SPY,-0.58412912187340438,10776
2016-07-26,TLT,0.49641995402747807,81
2016-07-26,USO,-1.1438986086101774,1511
2016-07-26,UUP,-0.85137910669657724,1597
2016-07-27,GLD,3.1411754633760607,50
2016-07-27,SPY,-0.26501549754462667,9848
2016-07-27,TLT,0.52913302605242429,67
2016-07-27,USO,-1.0431733150786233,1137
2016-07-27,UUP,-0.92403225815894963,2531
2016-07-28,GLD,2.3716751115135128,44
2016-07-28,SPY,-0.59082848605524207,11152
2016-07-28,TLT,1.2048610201003649,91
2016-07-28,USO,-1.8198005251509581,1447
2016-07-28,UUP,-0.96011509689099717,1987
2016-07-29,GLD,2.0819260720538888,64
2016-07-29,SPY,-0.66410163004441536,11156
2016-07-29,TLT,-0.32495693521271796,58
2016-07-29,USO,-1.3739614595067826,1547
2016-07-29,UUP,-1.360248222996209,1557
2016-07-30,GLD,-0.43023914174088906,26
2016-07-30,SPY,-1.0546104199842432,2599
2016-07-30,TLT,0.32118324270636944,6
2016-07-30,USO,-1.7021736380616979,527
2016-07-30,UUP,-1.252196708896073,523
2016-07-31,GLD,0.79732162495559256,9
2016-07-31,SPY,-0.81021388068198319,1926
2016-07-31,TLT,-0.37173857599744103,7
2016-07-31,USO,-1.3889354389943769,638
2016-07-31,UUP,-1.0114920584308262,393
2016-08-01,GLD,2.3751577624608142,38
2016-08-01,SPY,-0.86588867966705374,7477
2016-08-01,TLT,0.020944746166535848,72
2016-08-01,USO,-1.5299362100173359,1623
2016-08-01,UUP,-0.75588263107184817,1334
2016-08-02,GLD,2.3585936019285838,42
2016-08-02,SPY,-1.1402500820077515,9659
2016-08-02,TLT,-0.036166842832316956,83
2016-08-02,USO,-2.2324579383377592,2172
2016-08-02,UUP,-1.0579223697602609,1258
2016-08-03,GLD,2.4114198685569708,56
2016-08-03,SPY,-1.0407837844059922,11213
2016-08-03,TLT,0.63497043706293488,87
2016-08-03,USO,-1.2513999559702336,2016
2016-08-03,UUP,-1.4682859452228989,1298
2016-08-04,GLD,1.387904428317456,63
2016-08-04,SPY,-0.82764971165464551,11190
2016-08-04,TLT,1.3092465992131332,62
2016-08-04,USO,-0.83465158090162039,1292
2016-08-04,UUP,-1.0265557724664238,1179
2016-08-05,GLD,1.8292250755775763,47
2016-08-05,SPY,-0.94685273383399471,10531
2016-08-05,TLT,0.88514901523130562,78
2016-08-05,USO,-0.9597275718271322,1355
2016-08-05,UUP,-0.38306836823322821,2497
2016-08-06,GLD,-0.2223246159903737,141
2016-08-06,SPY,-0.69374541769760589,2601
2016-08-06,TLT,-1.5962371379482128,12
2016-08-06,USO,-1.0150254619164034,509
2016-08-06,UUP,-0.49577646159253136,626
2016-08-07,GLD,0.26964728076386507,20
2016-08-07,SPY,-0.55304660205434286,2309
2016-08-07,TLT,-1.0792309068832044,13
2016-08-07,USO,-0.83007533827254565,518
2016-08-07,UUP,-1.0600313489413702,360
2016-08-08,GLD,1.5931972751291505,82
2016-08-08,SPY,-0.56102176514957014,8532
2016-08-08,TLT,-0.75291871902142971,114
2016-08-08,USO,-0.79150650451188853,1166
2016-08-08,UUP,-1.3420882956593214,1538
2016-08-09,GLD,1.7407551408125659,59
2016-08-09,SPY,-0.71150920837961029,8305
2016-08-09,TLT,0.90902353357290555,146
2016-08-09,USO,-0.29877646265367508,1364
2016-08-09,UUP,-1.7699238056884077,1257
2016-08-10,GLD,2.277103186564184,48
2016-08-10,SPY,-1.058101927326345,8595
2016-08-10,TLT,1.9112984190159545,145
2016-08-10,USO,-0.86894420369445735,1476
2016-08-10,UUP,-0.654683279449453,853
2016-08-11,GLD,1.2074666687672546,124
2016-08-11,SPY,-0.6506610384377316,9343
2016-08-11,TLT,0.85196657056531711,101
2016-08-11,USO,-1.2091613170296547,1689
2016-08-11,UUP,-0.98104616542261847,1081
2016-08-12,GLD,2.4097647164459803,60
2016-08-12,SPY,-1.1016616966390425,8893
2016-08-12,TLT,1.2088868529773886,94
2016-08-12,USO,-1.1332914605687143,1499
2016-08-12,UUP,-0.940528325377432,1093
2016-08-13,GLD,-1.3035713086794967,12
2016-08-13,SPY,-1.2391983772279067,3303
2016-08-13,TLT,0.655942461724929,22
2016-08-13,USO,-0.70507139910603212,685
2016-08-13,UUP,-0.91637277798725369,377
2016-08-14,GLD,1.1957634620750501,4
2016-08-14,SPY,-0.87919987208533845,1878
2016-08-14,TLT,-1.1847848874767084,17
2016-08-14,USO,-0.62624875699132165,555
2016-08-14,UUP,-1.452191579915121,306
2016-08-15,GLD,2.8625987213024962,49
2016-08-15,SPY,-0.80377664368028123,7285
2016-08-15,TLT,0.3344237445298503,20
2016-08-15,USO,-0.41221896926414137,1303
2016-08-15,UUP,-0.66481468807950961,1190
2016-08-16,GLD,2.8148664693434284,59
2016-08-16,SPY,-0.53008412292759133,9780
2016-08-16,TLT,0.61976730236613642,96
2016-08-16,USO,-0.58765160889138224,1340
2016-08-16,UUP,-0.897330412480742,2149
2016-08-17,GLD,2.5717280340883364,58
2016-08-17,SPY,-1.1009959534354943,10518
2016-08-17,TLT,-0.61002985036823942,101
2016-08-17,USO,-0.409860165268318,1185
2016-08-17,UUP,-1.2901629243835968,3405
2016-08-18,GLD,3.2202938894168804,43
2016-08-18,SPY,-1.060524476273164,9725
2016-08-18,TLT,-0.107054667176653,81
2016-08-18,USO,-0.78765865258118939,1612
2016-08-18,UUP,-1.619689390440106,3361
2016-08-19,GLD,2.5648820097269609,44
2016-08-19,SPY,-1.2221542640458163,9513
2016-08-19,TLT,-0.27674810281477741,86
2016-08-19,USO,-0.56355710627860323,1523
2016-08-19,UUP,-1.6283640768535959,2170
2016-08-20,GLD,-0.16738522021436708,14
2016-08-20,SPY,-1.08341121831928,2750
2016-08-20,TLT,-1.7485432878332066,21
2016-08-20,USO,-0.952017705742381,533
2016-08-20,UUP,-1.6788853911555657,619
2016-08-21,GLD,3.0030910723832056,6
2016-08-21,SPY,-0.84462051944802086,1920
2016-08-21,TLT,-0.66164924004255776,12
2016-08-21,USO,-0.75790921728446647,468
2016-08-21,UUP,-1.3170139388687103,512
2016-08-22,GLD,2.7041411277916874,46
2016-08-22,SPY,-0.96021029885629872,7945
2016-08-22,TLT,0.70533176501439454,85
2016-08-22,USO,-1.0222253320945094,1446
2016-08-22,UUP,-1.0523088154924261,1899
2016-08-23,GLD,2.3557564065941148,45
2016-08-23,SPY,-0.52462859901851344,7784
2016-08-23,TLT,0.41494417553897273,84
2016-08-23,USO,-0.77974497624876893,1388
2016-08-23,UUP,-1.1603325753525664,1629
2016-08-24,GLD,1.9171413565255171,61
2016-08-24,SPY,-1.081478746640802,8717
2016-08-24,TLT,0.83489387296313089,96
2016-08-24,USO,-0.76987330158045064,1545
2016-08-24,UUP,-1.3587278442961481,1912
2016-08-25,GLD,2.1390387823219839,48
2016-08-25,SPY,-0.99771088012682529,9023
2016-08-25,TLT,0.75618164034806945,100
2016-08-25,USO,-0.74384215766877859,1355
2016-08-25,UUP,-1.5246152781936531,3779
2016-08-26,GLD,2.503249079922981,49
2016-08-26,SPY,-1.0912431727070957,8646
2016-08-26,TLT,1.2284351114683489,96
2016-08-26,USO,-0.62835208643227058,1379
2016-08-26,UUP,-1.1783356318280029,4508
2016-08-27,GLD,2.5821526474327205,15
2016-08-27,SPY,-1.1903817195944537,3598
2016-08-27,TLT,-0.32761186523806418,12
2016-08-27,USO,-0.1822646429222799,987
2016-08-27,UUP,-1.22937916439412,2025
2016-08-28,GLD,0.72775901971642742,27
2016-08-28,SPY,-1.0826975220063939,3042
2016-08-28,TLT,-1.6411159897625225,14
2016-08-28,USO,-0.42240577539711371,1898
2016-08-28,UUP,-1.3806552260136442,1764
2016-08-29,GLD,1.7976929838146825,63
2016-08-29,SPY,-1.1523724816295562,7811
2016-08-29,TLT,1.2017135389048212,88
2016-08-29,USO,-0.53421551580822979,1568
2016-08-29,UUP,-1.0322549303680491,3516
2016-08-30,GLD,1.8771779051463149,38
2016-08-30,SPY,-0.59308550647414593,7256
2016-08-30,TLT,2.2639700385664407,143
2016-08-30,USO,-0.23178906728989299,1163
2016-08-30,UUP,-0.9045888794508653,2529
2016-08-31,GLD,2.0179362613148761,55
2016-08-31,SPY,-0.60791895856039091,8355
2016-08-31,TLT,0.18743701703871463,88
2016-08-31,USO,-0.5007325366464398,1878
2016-08-31,UUP,-1.4282440695452836,2090
2016-09-01,GLD,3.0155764954107833,40
2016-09-01,SPY,-0.763059589757645,8715
2016-09-01,TLT,0.43761906275029572,68
2016-09-01,USO,-1.6258584771035607,1520
2016-09-01,UUP,-1.0047887248405103,1930
2016-09-02,GLD,2.7397305356965789,37
2016-09-02,SPY,-1.0729813527209455,7924
2016-09-02,TLT,1.0578626445463115,81
2016-09-02,USO,-1.0726029915109803,1331
2016-09-02,UUP,-1.2771453424227273,3080
2016-09-03,GLD,3.4004150327450153,15
2016-09-03,SPY,-0.73923747119701277,2291
2016-09-03,TLT,-1.1126370279944249,15
2016-09-03,USO,-0.62765010702060964,538
2016-09-03,UUP,-1.1543321774037543,689
2016-09-04,GLD,3.4424301642945019,9
2016-09-04,SPY,-0.47627829636397223,2107
2016-09-04,TLT,-0.58937690208667648,6
2016-09-04,USO,-0.1779150052364934,385
2016-09-04,UUP,-1.2268945186082547,373
2016-09-05,GLD,3.3108501349207242,30
2016-09-05,SPY,-0.29126795661180216,4950
2016-09-05,TLT,1.448326792716907,65
2016-09-05,USO,-0.55899668655662349,1187
2016-09-05,UUP,-1.2619848078556215,1314
2016-09-06,GLD,2.7985448301912972,44
2016-09-06,SPY,-0.7043772518757494,7428
2016-09-06,TLT,1.7916639333846824,74
2016-09-06,USO,-0.18309804115107711,1221
2016-09-06,UUP,-1.1473919042699088,1373
2016-09-07,GLD,2.8932789501323142,56
2016-09-07,SPY,-0.6412049165620638,7766
2016-09-07,TLT,2.2700306085852393,101
2016-09-07,USO,-0.633925147575045,1331
2016-09-07,UUP,-1.0782276123994612,2234
2016-09-08,GLD,3.319623358664979,43
2016-09-08,SPY,-0.50908940693670646,8355
2016-09-08,TLT,1.5464455563662249,92
2016-09-08,USO,-0.97963927594394051,1502
2016-09-08,UUP,-0.840507349529747,1544
2016-09-09,GLD,2.148932438387924,47
2016-09-09,SPY,-1.1997553527619449,8409
2016-09-09,TLT,0.25651383105376813,108
2016-09-09,USO,-0.89799825721261373,1205
2016-09-09,UUP,-1.4258388044778751,1676
2016-09-10,GLD,2.6952162633588932,5
2016-09-10,SPY,-0.95712332879281992,2899
2016-09-10,TLT,-1.3046456356217064,24
2016-09-10,USO,-0.53632132728882331,487
2016-09-10,UUP,-1.6681234664544504,727
2016-09-11,GLD,4.4433566395489628,6
2016-09-11,SPY,-1.2027454215608449,2175
2016-09-11,TLT,-0.8377759799663409,12
2016-09-11,USO,-0.30895532856661251,416
2016-09-11,UUP,-1.6096896987200102,423
2016-09-12,GLD,0.53339849591202815,49
2016-09-12,SPY,-1.1979667720843952,7592
2016-09-12,TLT,0.38514812197757486,122
2016-09-12,USO,-0.672991789565423,1073
2016-09-12,UUP,-1.4079845577101457,3011
2016-09-13,GLD,1.9168323085153067,26
2016-09-13,SPY,-0.93755229053954658,7978
2016-09-13,TLT,1.0580860684633233,120
2016-09-13,USO,-1.0472947783871351,1327
2016-09-13,UUP,-1.4426767604539146,2944
2016-09-14,GLD,0.721651098811271,38
2016-09-14,SPY,-0.825523776260501,8504
2016-09-14,TLT,0.08131129862850163,121
2016-09-14,USO,-1.0877682192894647,1524
2016-09-14,UUP,-1.6007728623171085,2153
2016-09-15,GLD,2.2450644557682504,23
2016-09-15,SPY,-0.83167066633111908,7673
2016-09-15,TLT,-0.13733271958372781,97
2016-09-15,USO,-1.3900601066706137,1056
2016-09-15,UUP,-1.753588995514626,2355
2016-09-16,GLD,2.1063502020010891,50
2016-09-16,SPY,-1.2991906631842205,8198
2016-09-16,TLT,0.55800953741700121,85
2016-09-16,USO,-1.7676383123783326,1167
2016-09-16,UUP,-2.0221862067707193,3276
2016-09-17,GLD,1.4804459887582189,14
2016-09-17,SPY,-1.3219329865488767,3391
2016-09-17,TLT,-0.13903208821338769,8
2016-09-17,USO,-1.413648142204476,449
2016-09-17,UUP,-4.2360351509900322,1081
2016-09-18,GLD,2.1815383145651897,4
2016-09-18,SPY,-1.9475523994677237,3126
2016-09-18,TLT,0.338177786088217,18
2016-09-18,USO,-0.064396943485034067,593
2016-09-18,UUP,-1.277857794433702,475
2016-09-19,GLD,2.3481119926154754,59
2016-09-19,SPY,-0.87658232278056936,7331
2016-09-19,TLT,0.72186500807152343,82
2016-09-19,USO,-0.37807158336796431,1407
2016-09-19,UUP,-1.2155316433800729,2557
2016-09-20,GLD,2.9723852755194882,45
2016-09-20,SPY,-1.3302868380680746,9242
2016-09-20,TLT,0.95806917891186061,109
2016-09-20,USO,-0.78267681162610947,1364
2016-09-20,UUP,-1.2615046325838806,2539
2016-09-21,GLD,3.2150643820275033,40
2016-09-21,SPY,-0.81775655591893881,9294
2016-09-21,TLT,0.78590694200831612,90
2016-09-21,USO,-4.4973161617480564,4793
2016-09-21,UUP,-1.0051916440801423,3632
2016-09-22,GLD,2.4414663325362809,46
2016-09-22,SPY,-0.52123697248670242,8690
2016-09-22,TLT,1.9463617809735356,88
2016-09-22,USO,-4.9894639095419375,4308
2016-09-22,UUP,-1.0283280000831683,3525
2016-09-23,GLD,2.3314173472400217,49
2016-09-23,SPY,-0.87182000433845364,8459
2016-09-23,TLT,-0.89122294777671,94
2016-09-23,USO,-2.9381969198104705,2371
2016-09-23,UUP,-1.3169285065569378,2480
2016-09-24,GLD,2.6341374634618653,10
2016-09-24,SPY,-1.2958731250129116,3405
2016-09-24,TLT,-3.3775212202219591,19
2016-09-24,USO,-2.5482833393484383,1221
2016-09-24,UUP,-1.430813427323409,742
2016-09-25,GLD,3.0902431367018628,7
2016-09-25,SPY,-0.98865009209099319,2128
2016-09-25,TLT,0.64563911043593891,9
2016-09-25,USO,-1.8930446408764203,741
2016-09-25,UUP,-1.4375234447475995,434
2016-09-26,GLD,2.2848038291359254,41
2016-09-26,SPY,-1.2481976273789404,8468
2016-09-26,TLT,0.65917230547314709,82
2016-09-26,USO,-1.3011219252179853,1711
2016-09-26,UUP,-1.4842990618357466,1566
2016-09-27,GLD,2.5993718664975289,35
2016-09-27,SPY,-1.3033747700068208,9762
2016-09-27,TLT,0.76922996251672371,121
2016-09-27,USO,-1.6856375722758836,2008
2016-09-27,UUP,-1.8161286411089255,2118
2016-09-28,GLD,1.3970865167533659,69
2016-09-28,SPY,-0.74315390430658834,8056
2016-09-28,TLT,0.79424166418478526,100
2016-09-28,USO,-1.2738678575291029,2476
2016-09-28,UUP,-1.52397975143112,2107
2016-09-29,GLD,2.0562167991445954,43
2016-09-29,SPY,-1.1458077151149924,9225
2016-09-29,TLT,2.0725367060935214,157
2016-09-29,USO,-0.74288321578881666,2649
2016-09-29,UUP,-1.4820291215857246,1629
2016-09-30,GLD,1.7660881171137182,28
2016-09-30,SPY,-1.5215816352750628,9406
2016-09-30,TLT,1.1740869886302465,114
2016-09-30,USO,-0.68675940197704877,1845
2016-09-30,UUP,-1.7131048141866991,1456
2016-10-01,GLD,0.30000644324328563,10
2016-10-01,SPY,-1.0780607959184543,2812
2016-10-01,TLT,-0.44720479337377389,35
2016-10-01,USO,-0.42537650699310148,635
2016-10-01,UUP,-1.4783565749591845,484
2016-10-02,GLD,1.7007469153329686,7
2016-10-02,SPY,-1.3871817260615944,2260
2016-10-02,TLT,-1.9073301759820747,6
2016-10-02,USO,-2.3532982580329986,862
2016-10-02,UUP,-1.2731073314403041,338
2016-10-03,GLD,2.5778364341513909,38
2016-10-03,SPY,-1.0717626403939944,7207
2016-10-03,TLT,1.0597149816342253,117
2016-10-03,USO,-2.2495987196231848,2045
2016-10-03,UUP,-1.2155342494331134,1000
2016-10-04,GLD,2.0400879502111,67
2016-10-04,SPY,-0.84414604723548958,8083
2016-10-04,TLT,1.7322029722752659,241
2016-10-04,USO,-1.5670675177005247,1495
2016-10-04,UUP,-0.90433739421578108,1902
2016-10-05,GLD,1.750126769998706,71
2016-10-05,SPY,-0.75886404251436024,8323
2016-10-05,TLT,0.71238090304534318,177
2016-10-05,USO,-1.3234090928522404,1347
2016-10-05,UUP,-0.92129552784095481,2119
2016-10-06,GLD,2.2393290984659782,50
2016-10-06,SPY,-0.75564355719863985,9014
2016-10-06,TLT,0.74600808556210063,97
2016-10-06,USO,-1.0558226075659509,1457
2016-10-06,UUP,-0.87053741170969956,1982
2016-10-07,GLD,2.3097690293270183,42
2016-10-07,SPY,-1.2179450719875027,9103
2016-10-07,TLT,-0.029178070622368109,72
2016-10-07,USO,-0.70587995675142967,1249
2016-10-07,UUP,-1.2069894896336824,2933
2016-10-08,GLD,0.30524769342176339,17
2016-10-08,SPY,-2.002832906834485,7433
2016-10-08,TLT,-1.014288478255023,26
2016-10-08,USO,-0.64178594106605791,712
2016-10-08,UUP,-1.7579179538310865,729
2016-10-09,GLD,0.29241374544851134,15
2016-10-09,SPY,-2.3567484879491944,5624
2016-10-09,TLT,0.49247186799590315,8
2016-10-09,USO,-0.664323328706038,493
2016-10-09,UUP,-1.3602005501197223,467
2016-10-10,GLD,3.8261129730652184,52
2016-10-10,SPY,-1.9570509353703898,11073
2016-10-10,TLT,0.95778230289663746,73
2016-10-10,USO,-0.79213740880359718,1614
2016-10-10,UUP,-0.5457058581158597,1274
2016-10-11,GLD,2.6518760628317595,47
2016-10-11,SPY,-1.4025240700662898,10870
2016-10-11,TLT,0.081869062475803667,75
2016-10-11,USO,-0.85073253731475529,1961
2016-10-11,UUP,-1.1549327877708659,1587
2016-10-12,GLD,2.4459968134696646,47
2016-10-12,SPY,-1.3642300217821814,9943
2016-10-12,TLT,1.2858982284587681,95
2016-10-12,USO,-0.37328728662564303,1457
2016-10-12,UUP,-1.0708315334026968,1736
2016-10-13,GLD,2.490415406870619,38
2016-10-13,SPY,-1.1844219065260759,9205
2016-10-13,TLT,1.3589413530685417,144
2016-10-13,USO,-1.0076167872171928,1460
2016-10-13,UUP,-0.95300957133290143,1878
2016-10-14,GLD,3.5076379777768443,38
2016-10-14,SPY,-0.84498802961785036,8977
2016-10-14,TLT,1.4007943030129864,151
2016-10-14,USO,-0.54781610938186309,1190
2016-10-14,UUP,-0.85536718958122571,2098
2016-10-15,GLD,1.3541637171104504,10
2016-10-15,SPY,-1.7181249776553751,4330
2016-10-15,TLT,-0.48006987953392422,23
2016-10-15,USO,-0.42908669588478054,760
2016-10-15,UUP,-1.2152879141261854,643
2016-10-16,GLD,4.1109209669307392,8
2016-10-16,SPY,-1.7118819558246077,4193
2016-10-16,TLT,0.3131640464591704,14
2016-10-16,USO,-1.3050932484077005,460
2016-10-16,UUP,-1.1412575392858186,355
2016-10-17,GLD,2.6967082315013737,43
2016-10-17,SPY,-1.2948963384958998,9352
2016-10-17,TLT,1.3343614546031379,104
2016-10-17,USO,-1.1590100173974736,1057
2016-10-17,UUP,-1.4284925141980462,1867
2016-10-18,GLD,3.8223668758749176,43
2016-10-18,SPY,-0.49825820403569288,10398
2016-10-18,TLT,1.9730083944058541,121
2016-10-18,USO,-0.60585811588655969,1299
2016-10-18,UUP,-0.36463234873032668,1809
2016-10-19,GLD,3.5475492667720934,41
2016-10-19,SPY,-0.769428002870217,10682
2016-10-19,TLT,0.89740642438009111,129
2016-10-19,USO,-0.49609309193988727,1589
2016-10-19,UUP,-0.70919824952876176,1382
2016-10-20,GLD,2.4379574282767655,47
2016-10-20,SPY,-1.0283506633086001,10165
2016-10-20,TLT,0.38692473281838069,149
2016-10-20,USO,-0.58828052230085914,1802
2016-10-20,UUP,-1.2198626047653545,2168
2016-10-21,GLD,2.118279311143775,35
2016-10-21,SPY,-0.764650686393068,8789
2016-10-21,TLT,0.1025782253949227,92
2016-10-21,USO,-0.65566722180534209,1257
2016-10-21,UUP,-1.197248588275732,1127
2016-10-22,GLD,1.2111308122562505,14
2016-10-22,SPY,-0.87500469889613774,5244
2016-10-22,TLT,-1.5414477703577927,16
2016-10-22,USO,-2.0549742402713203,975
2016-10-22,UUP,-1.6051370444018052,534
2016-10-23,SPY,-1.2978394582641803,4042
2016-10-23,TLT,0.48874002527588634,14
2016-10-23,USO,0.15132291740703274,668
2016-10-23,UUP,-1.2346626998543941,250
2016-10-24,GLD,2.0196331977217978,39
2016-10-24,SPY,-0.79453639909168017,8369
2016-10-24,TLT,1.2480546409381548,68
2016-10-24,USO,-0.69890752142324464,1194
2016-10-24,UUP,-1.05491459197211,1282
2016-10-25,GLD,2.806729911852186,38
2016-10-25,SPY,-0.687846945579622,10384
2016-10-25,TLT,0.383118426917775,83
2016-10-25,USO,-0.48994795493691135,1130
2016-10-25,UUP,-0.34991397686267139,947
2016-10-26,GLD,2.4279706553276124,38
2016-10-26,SPY,-0.820620149225807,10449
2016-10-26,TLT,0.84345427819319263,99
2016-10-26,USO,-1.2210691082593428,1347
2016-10-26,UUP,-1.312886590108624,1045
2016-10-27,GLD,1.8772937787508597,32
2016-10-27,SPY,-0.40457516956615647,11364
2016-10-27,TLT,0.78053099104934343,137
2016-10-27,USO,-0.68222269392518864,1397
2016-10-27,UUP,-0.47294901165464809,1080
2016-10-28,GLD,1.9801865479391931,31
2016-10-28,SPY,-0.30926766281009871,9726
2016-10-28,TLT,1.2392950681427906,206
2016-10-28,USO,-0.4102630366522016,1291
2016-10-28,UUP,-0.66067301994715988,1630
2016-10-29,GLD,-2.0184130276331684,8
2016-10-29,SPY,-0.78045687815959175,3771
2016-10-29,TLT,-1.5306566231288989,26
2016-10-29,USO,-0.58788263199228,565
2016-10-29,UUP,-0.86636302311052549,441
2016-10-30,GLD,0.61635561851733933,10
2016-10-30,SPY,-0.70112370734091234,2406
2016-10-30,TLT,-0.88391635806169289,22
2016-10-30,USO,-0.43043407398738048,536
2016-10-30,UUP,-1.0091514187617987,275
2016-10-31,GLD,3.4315963823972493,39
2016-10-31,SPY,-0.8494810572958138,8875
2016-10-31,TLT,0.73067139307667084,128
2016-10-31,USO,-0.58945032173460288,1297
2016-10-31,UUP,-0.58865733886478422,1520
2016-11-01,GLD,2.7082891864997278,57
2016-11-01,SPY,-0.69017721012831423,8651
2016-11-01,TLT,1.3906515074161323,145
2016-11-01,USO,-0.41296911192514224,1345
2016-11-01,UUP,-0.6353562641855679,1629
2016-11-02,GLD,2.2090954031789303,63
2016-11-02,SPY,-0.93982244338647247,10574
2016-11-02,TLT,-0.26420667882378696,236
2016-11-02,USO,-1.013807547387364,1407
2016-11-02,UUP,-1.4008993319881358,2588
2016-11-03,GLD,1.4082793485592877,90
2016-11-03,SPY,-0.66221160287198733,9931
2016-11-03,TLT,-0.29108649866352543,147
2016-11-03,USO,-0.64883688969387809,1231
2016-11-03,UUP,-1.1357941861115683,2088
2016-11-04,GLD,2.9546431731255725,46
2016-11-04,SPY,-1.2098735331065003,9049
2016-11-04,TLT,0.24581542542022666,110
2016-11-04,USO,-1.0723761737643982,1247
2016-11-04,UUP,-0.97537187085234733,1668
2016-11-05,GLD,0.82691493171940778,15
2016-11-05,SPY,-1.2771070253767802,2965
2016-11-05,TLT,-0.555507140284924,23
2016-11-05,USO,-0.48529963002515547,593
2016-11-05,UUP,-1.2224735321378373,481
2016-11-06,GLD,0.86412473013832525,9
2016-11-06,SPY,-1.1858629131799503,2789
2016-11-06,TLT,-1.3818991618716743,28
2016-11-06,USO,-0.62261028117274919,423
2016-11-06,UUP,-1.2004566239019083,474
2016-11-07,GLD,2.170762482723843,63
2016-11-07,SPY,-0.88967478200602113,10276
2016-11-07,TLT,1.1887852387429743,76
2016-11-07,USO,-0.49325702388712556,1236
2016-11-07,UUP,-1.1396710251611828,1438
2016-11-08,GLD,3.1219141500787231,56
2016-11-08,SPY,-0.609788484918189,10566
2016-11-08,TLT,0.42083374421495107,109
2016-11-08,USO,-0.70735988374744818,1176
2016-11-08,UUP,-0.62886742477860946,1083
2016-11-09,GLD,1.2291391730595913,140
2016-11-09,SPY,-1.0016621136028749,20719
2016-11-09,TLT,0.11404772684535022,184
2016-11-09,USO,-0.79116725280399725,2328
2016-11-09,UUP,-1.5619438659130498,2619
2016-11-10,GLD,1.7877782074951583,67
2016-11-10,SPY,-0.628704214201756,13938
2016-11-10,TLT,1.032299096659506,202
2016-11-10,USO,-0.37242388862457582,1097
2016-11-10,UUP,-1.3477349887871117,2165
2016-11-11,GLD,2.1121203344642345,78
2016-11-11,SPY,-0.87935226270108635,11663
2016-11-11,TLT,0.87424501838032942,239
2016-11-11,USO,-1.0825075345137152,1218
2016-11-11,UUP,-0.86196049186315937,1285
2016-11-12,GLD,3.03048584150995,12
2016-11-12,SPY,-1.0726832499313641,7148
2016-11-12,TLT,-0.44774686096807814,47
2016-11-12,USO,-0.43169440385440916,625
2016-11-12,UUP,-1.6285781397726689,696
2016-11-13,GLD,2.0761768257740063,14
2016-11-13,SPY,-0.88495148321806549,3480
2016-11-13,TLT,-0.72728597051451382,25
2016-11-13,USO,-0.42414079400507043,334
2016-11-13,UUP,-1.006768500760006,474
2016-11-14,GLD,2.5313485390697164,63
2016-11-14,SPY,-0.81659686660833208,9109
2016-11-14,TLT,0.3422121815320921,214
2016-11-14,USO,-0.992120366575758,1187
2016-11-14,UUP,-1.1051028177743847,1328
2016-11-15,GLD,3.4538657721964676,53
2016-11-15,SPY,-0.79616306117155233,12314
2016-11-15,TLT,0.29017143963083913,159
2016-11-15,USO,-0.575520964369094,1659
2016-11-15,UUP,-1.1723742769233469,1820
2016-11-16,GLD,1.7848392110380642,46
2016-11-16,SPY,-0.82992863494143221,10529
2016-11-16,TLT,-0.45587770973582509,150
2016-11-16,USO,-0.70100275743786611,1458
2016-11-16,UUP,-0.76816428526928815,1794
2016-11-17,GLD,3.0159027293522063,44
2016-11-17,SPY,-0.5645868814623024,10566
2016-11-17,TLT,-0.36348519054041428,119
2016-11-17,USO,-0.7112881312326601,1346
2016-11-17,UUP,-0.59223932287305814,2806
2016-11-18,GLD,2.6557456468860461,58
2016-11-18,SPY,-0.74530095632042093,9489
2016-11-18,TLT,-0.45344115033205362,149
2016-11-18,USO,0.33858575954333953,1612
2016-11-18,UUP,-0.694774487365661,2007
2016-11-19,GLD,0.29656634792136383,14
2016-11-19,SPY,-1.4572726042709832,3570
2016-11-19,TLT,-1.084672381784787,33
2016-11-19,USO,-0.080673733895785665,746
2016-11-19,UUP,-0.90919754930515762,521
2016-11-20,GLD,1.0373364581740734,7
2016-11-20,SPY,-0.96663436546763515,2295
2016-11-20,TLT,-0.2397218283452158,18
2016-11-20,USO,-0.47808217235831052,508
2016-11-20,UUP,-0.627226392328317,268
2016-11-21,GLD,2.6163867803099765,59
2016-11-21,SPY,-0.70411062184779682,7696
2016-11-21,TLT,0.28649088070239803,113
2016-11-21,USO,-0.73964504984173274,1358
2016-11-21,UUP,-0.61721511494511494,1136
2016-11-22,GLD,3.4174972028207358,37
2016-11-22,SPY,-0.37970352135651286,10280
2016-11-22,TLT,1.6800527918304018,140
2016-11-22,USO,-0.18296764975431859,1390
2016-11-22,UUP,-0.53166365372369828,922
2016-11-23,GLD,3.8109691567960926,44
2016-11-23,SPY,-0.66448489241503106,9521
2016-11-23,TLT,0.0549540956784028,130
2016-11-23,USO,-0.6126472039891353,1316
2016-11-23,UUP,-0.45741881880905128,1183
2016-11-24,GLD,3.0090311692093428,42
2016-11-24,SPY,-0.74209000168384043,7020
2016-11-24,TLT,0.00053528032924866215,99
2016-11-24,USO,-0.44166018198045826,1276
2016-11-24,UUP,-0.50105658334781866,1214
2016-11-25,GLD,2.7279237661336966,44
2016-11-25,SPY,-0.73358447473036559,6653
2016-11-25,TLT,0.45949304197987473,137
2016-11-25,USO,-0.71132532245713553,1213
2016-11-25,UUP,-0.7539571832216172,695
2016-11-26,GLD,1.4454411773440914,11
2016-11-26,SPY,-0.78121453557391574,2258
2016-11-26,TLT,-1.0787443725579606,26
2016-11-26,USO,-0.68960555331689388,700
2016-11-26,UUP,-0.715921391780593,235
2016-11-27,GLD,2.0136340271398123,5
2016-11-27,SPY,-0.83876578014274794,1732
2016-11-27,TLT,0.68052654341484009,8
2016-11-27,USO,-0.43118785540171417,434
2016-11-27,UUP,-1.5654996436560504,275
2016-11-28,GLD,2.9128201833580558,43
2016-11-28,SPY,-1.0919769043131207,7713
2016-11-28,TLT,-0.70183697007772594,121
2016-11-28,USO,-0.7648056263538856,1388
2016-11-28,UUP,-2.3561723796168597,1297
2016-11-29,GLD,2.7536552998697523,45
2016-11-29,SPY,-0.61276056804372925,8524
2016-11-29,TLT,1.3771530302653499,164
2016-11-29,USO,-1.0111294091179346,1710
2016-11-29,UUP,-0.616239303609539,1118
2016-11-30,GLD,2.7407274943299553,52
2016-11-30,SPY,-0.43141877475915363,12494
2016-11-30,TLT,1.0421358233306404,162
2016-11-30,USO,-1.9488621157675141,3475
2016-11-30,UUP,-0.3560876489578414,1499
2016-12-01,GLD,2.8431014787659783,51
2016-12-01,SPY,-0.62653219549064254,9967
2016-12-01,TLT,0.88779517204615344,115
2016-12-01,USO,-1.1773150979678719,3359
2016-12-01,UUP,-0.5694353793012269,1484
2016-12-02,GLD,2.5001755589474364,53
2016-12-02,SPY,-1.1655262592171052,9199
2016-12-02,TLT,-0.32537825406208609,123
2016-12-02,USO,-0.55054189060672143,1833
2016-12-02,UUP,-1.0124156659167198,2538
2016-12-03,GLD,0.3735316083490402,8
2016-12-03,SPY,-1.0206423611788979,2672
2016-12-03,TLT,-0.88098969661422588,30
2016-12-03,USO,-0.8945769388093292,753
2016-12-03,UUP,-1.2685402251374367,684
2016-12-04,GLD,3.0840476407383868,6
2016-12-04,SPY,-0.656558934759652,2276
2016-12-04,TLT,-0.68227516158342827,59
2016-12-04,USO,-1.3289082598813811,808
2016-12-04,UUP,-1.3287944666386218,371
2016-12-05,GLD,2.33634951124174,38
2016-12-05,SPY,-1.1714911037222016,7256
2016-12-05,TLT,-0.64227661093035393,202
2016-12-05,USO,-0.510155744345519,1352
2016-12-05,UUP,-1.3019442260098837,1320
2016-12-06,GLD,2.7320638438088176,45
2016-12-06,SPY,-0.71747972796983228,8404
2016-12-06,TLT,0.91810428280714929,161
2016-12-06,USO,-0.43088220200313443,1457
2016-12-06,UUP,-1.2919084397784464,1205
2016-12-07,GLD,2.9021614580437256,35
2016-12-07,SPY,-0.43130895735145752,9013
2016-12-07,TLT,1.480555257517236,127
2016-12-07,USO,-0.67806003595585429,1496
2016-12-07,UUP,-0.901161767996969,1060
2016-12-08,GLD,2.7625888111231487,51
2016-12-08,SPY,-0.35728080199146955,9219
2016-12-08,TLT,1.1452879211980231,140
2016-12-08,USO,-0.2998844369757705,1741
2016-12-08,UUP,-0.63457229262385273,1505
2016-12-09,GLD,2.8568629793869107,42
2016-12-09,SPY,-0.44154215694223159,10189
2016-12-09,TLT,0.43467248461974695,116
2016-12-09,USO,-0.76519536070719973,1473
2016-12-09,UUP,-0.55374256957175849,1382
2016-12-10,GLD,0.98548355666575316,8
2016-12-10,SPY,-0.3750429344980451,4301
2016-12-10,TLT,-0.83407265888066706,30
2016-12-10,USO,-0.31859863698779578,1448
2016-12-10,UUP,-0.80919124491990657,523
2016-12-11,GLD,0.34221943473359706,13
2016-12-11,SPY,-0.7699194802685958,2391
2016-12-11,TLT,-0.57227271879461128,24
2016-12-11,USO,-1.599195482900889,891
2016-12-11,UUP,-0.63088368291506269,320
2016-12-12,GLD,2.7668934063872648,41
2016-12-12,SPY,-0.84751238229619164,8282
2016-12-12,TLT,0.96139590776313333,92
2016-12-12,USO,-0.77245758045971924,2316
2016-12-12,UUP,-0.95670786570351329,1869
2016-12-13,GLD,2.5215580048191568,46
2016-12-13,SPY,-0.46012226272115525,9106
2016-12-13,TLT,0.756972865127894,71
2016-12-13,USO,-0.49724744214837607,1908
2016-12-13,UUP,-1.1114323987648349,2391
2016-12-14,GLD,3.4462876476238908,47
2016-12-14,SPY,-0.78099584321328686,10253
2016-12-14,TLT,0.39608170052590125,83
2016-12-14,USO,-0.71320539304913022,1570
2016-12-14,UUP,-0.902190508836075,5348
2016-12-15,GLD,2.6396259097086765,40
2016-12-15,SPY,-0.72161589177619656,8151
2016-12-15,TLT,0.12910827425237523,85
2016-12-15,USO,-0.55552800638181465,1372
2016-12-15,UUP,-0.74766628956715109,4824
2016-12-16,GLD,2.8879208103737355,41
2016-12-16,SPY,-0.86810761954190818,8406
2016-12-16,TLT,0.36157097821385292,97
2016-12-16,USO,-0.44849955556470328,1367
2016-12-16,UUP,-0.72064923060718389,2546
2016-12-17,GLD,1.3383250920635708,9
2016-12-17,SPY,-0.16575925499506422,3789
2016-12-17,TLT,-1.1880787546254659,22
2016-12-17,USO,-0.95334147325743335,715
2016-12-17,UUP,-0.88478462213803577,622
2016-12-18,GLD,7.3498662463712332,5
2016-12-18,SPY,-0.15295096480351067,2913
2016-12-18,TLT,-0.2916720816248507,15
2016-12-18,USO,-0.63791622409951032,466
2016-12-18,UUP,-0.79092514036132977,373
2016-12-19,GLD,2.8462012638205261,47
2016-12-19,SPY,-0.75997012024997235,7458
2016-12-19,TLT,0.80103914796929832,72
2016-12-19,USO,-0.53360029221898031,1178
2016-12-19,UUP,-0.33625751502781182,1496
2016-12-20,GLD,2.2233893281547559,38
2016-12-20,SPY,-0.78928075467940784,7876
2016-12-20,TLT,1.4693207846156782,68
2016-12-20,USO,-0.59606591282915788,1265
2016-12-20,UUP,-0.544390481125431,1423
2016-12-21,GLD,3.1233666862083083,37
2016-12-21,SPY,-0.97023771296937389,8498
2016-12-21,TLT,0.15070944260901714,62
2016-12-21,USO,-0.50509842204455813,1353
2016-12-21,UUP,-0.92520844222719523,1246
2016-12-22,GLD,3.08239204911084,30
2016-12-22,SPY,-0.88105415834142831,8732
2016-12-22,TLT,0.72860053191438212,59
2016-12-22,USO,-0.56247956787516706,1095
2016-12-22,UUP,-0.96498067577978375,1587
2016-12-23,GLD,3.2988229398792788,38
2016-12-23,SPY,-1.026002280034519,8288
2016-12-23,TLT,1.1420736082126715,82
2016-12-23,USO,-0.380134403714356,977
2016-12-23,UUP,-0.74902097759695485,875
2016-12-24,GLD,0.4852432462491455,9
2016-12-24,SPY,-1.0119521611144882,2095
2016-12-24,TLT,-0.26639594539800315,18
2016-12-24,USO,0.0026545654195348073,517
2016-12-24,UUP,-0.41771835406976349,253
2016-12-25,GLD,1.9202568184234885,8
2016-12-25,SPY,-0.597691805157198,1525
2016-12-25,TLT,0.35736296668278211,5
2016-12-25,USO,-0.64708560341184385,509
2016-12-25,UUP,-0.48838620374863589,156
2016-12-26,GLD,3.413786947054938,19
2016-12-26,SPY,-0.96984366113863252,3207
2016-12-26,TLT,-1.52708178509881,6
2016-12-26,USO,-0.44950928216146241,547
2016-12-26,UUP,-0.8395621003869409,223
2016-12-27,GLD,4.5035042993823495,25
2016-12-27,SPY,-0.87869729000979624,7193
2016-12-27,TLT,1.5224406368037773,78
2016-12-27,USO,-0.088053273328155254,978
2016-12-27,UUP,-0.63762820393130781,647
2016-12-28,GLD,3.7965011580739834,35
2016-12-28,SPY,-0.8465695634269147,7845
2016-12-28,TLT,-0.229706674305715,125
2016-12-28,USO,-0.14677342458462922,1611
2016-12-28,UUP,-0.22449625352415187,702
2016-12-29,GLD,3.369123710043997,39
2016-12-29,SPY,-1.2310114375112877,8036
2016-12-29,TLT,1.5159280630225838,132
2016-12-29,USO,-0.46402681706468391,1268
2016-12-29,UUP,-0.45814639356467879,711
2016-12-30,GLD,3.1122015380679535,51
2016-12-30,SPY,-1.2168101428636724,8067
2016-12-30,TLT,1.1665396807038493,83
2016-12-30,USO,-0.32712159008133523,1292
2016-12-30,UUP,-0.8836733655391259,918
2016-12-31,GLD,1.21488894660149,11
2016-12-31,SPY,-0.96074681835813813,3040
2016-12-31,TLT,-0.010102878574153262,13
2016-12-31,USO,-0.564861612562498,603
2016-12-31,UUP,-0.77431430254677924,445
2017-01-01,GLD,-0.32339828814914406,5
2017-01-01,SPY,-1.1177898344552331,1694
2017-01-01,TLT,-0.40641439975954097,7
2017-01-01,USO,-0.39660385632894907,430
2017-01-01,UUP,-0.74733046320790009,271
2017-01-02,GLD,3.0304387805786122,27
2017-01-02,SPY,-0.92147046872625538,4641
2017-01-02,TLT,2.1153262584581149,58
2017-01-02,USO,-0.38406967941707915,584
2017-01-02,UUP,-1.024516665417452,306
2017-01-03,GLD,2.7894932346551622,62
2017-01-03,SPY,-0.78021250953186772,7314
2017-01-03,TLT,1.5125754592722134,77
2017-01-03,USO,-0.58592241812822943,1411
2017-01-03,UUP,-0.30723336995315359,735
2017-01-04,GLD,2.4701461130211682,59
2017-01-04,SPY,-0.58469939913603453,9079
2017-01-04,TLT,0.30455429269783779,84
2017-01-04,USO,-0.21750696459869331,1507
2017-01-04,UUP,-0.36807118251137882,1346
2017-01-05,GLD,2.5395544147148645,43
2017-01-05,SPY,-0.95195835421284447,11477
2017-01-05,TLT,-0.55872697424754569,95
2017-01-05,USO,-0.37895537277672392,1610
2017-01-05,UUP,-0.79258299785831421,2236
2017-01-06,GLD,-3.5619674522641418,349
2017-01-06,SPY,-1.0668180118515593,9150
2017-01-06,TLT,1.1384913595174464,90
2017-01-06,USO,-0.52903631904145432,1637
2017-01-06,UUP,-0.79979984946747029,1428
2017-01-07,GLD,2.2559644967741415,10
2017-01-07,SPY,-1.198014281022344,2444
2017-01-07,TLT,-0.30207986963918065,26
2017-01-07,USO,-1.3913919357283202,523
2017-01-07,UUP,-1.100175250520826,556
2017-01-08,GLD,1.6766480310095684,8
2017-01-08,SPY,-1.3177949688033825,2695
2017-01-08,TLT,-1.8491340027555407,8
2017-01-08,USO,-0.45794221689815878,448
2017-01-08,UUP,-1.612210690546078,445
2017-01-09,GLD,2.0989094848382241,66
2017-01-09,SPY,-0.53942381455066413,7265
2017-01-09,TLT,0.13537817920351913,65
2017-01-09,USO,-0.14225633697055193,1435
2017-01-09,UUP,-0.53819130451815733,1012
2017-01-10,GLD,3.8466146099766139,46
2017-01-10,SPY,-0.69609620830742414,8345
2017-01-10,TLT,0.91836530083067391,72
2017-01-10,USO,-0.60572279059957823,1452
2017-01-10,UUP,-0.59470010484721958,998
2017-01-11,GLD,2.9221982611329738,48
2017-01-11,SPY,-0.91547874815192731,8425
2017-01-11,TLT,1.3036240958593461,94
2017-01-11,USO,-0.7609600135595439,1282
2017-01-11,UUP,-0.73489942930936514,757
2017-01-12,GLD,1.7271318464327068,53
2017-01-12,SPY,-1.142508715695238,9139
2017-01-12,TLT,-1.0642184070884393,113
2017-01-12,USO,-0.42175396325697195,1295
2017-01-12,UUP,-0.86466581100037743,1099
2017-01-13,GLD,2.9456696450759563,42
2017-01-13,SPY,-0.99141511448529518,9218
2017-01-13,TLT,-1.3987419347394225,120
2017-01-13,USO,-0.63373916267201247,1372
2017-01-13,UUP,-0.10030577766270835,2068
2017-01-14,GLD,1.0924704005373269,8
2017-01-14,SPY,-1.7347662247226678,5993
2017-01-14,TLT,-2.0595472617079245,45
2017-01-14,USO,-0.52291340835736155,589
2017-01-14,UUP,-0.46016236936755056,357
2017-01-15,GLD,2.6593537808600924,4
2017-01-15,SPY,-1.3654049324330406,4177
2017-01-15,TLT,-1.557058027353073,13
2017-01-15,USO,0.17695419338012436,304
2017-01-15,UUP,-0.48202024171562541,197
2017-01-16,GLD,2.3859351398794519,40
2017-01-16,SPY,-1.1498592701792356,6826
2017-01-16,TLT,0.39083686611241164,58
2017-01-16,USO,-0.026626461064913409,823
2017-01-16,UUP,-0.88701972760361592,524
2017-01-17,GLD,1.7725969602719576,47
2017-01-17,SPY,-0.85484484060243116,9175
2017-01-17,TLT,-0.033408959672903582,111
2017-01-17,USO,-0.40656380558706517,1594
2017-01-17,UUP,-0.62302867731533951,801
2017-01-18,GLD,2.0670573602895308,43
2017-01-18,SPY,-0.39980617216401021,9063
2017-01-18,TLT,1.764765957506252,122
2017-01-18,USO,-0.42650661591688643,1294
2017-01-18,UUP,-0.47808203013642814,1787
2017-01-19,GLD,1.4440844912630855,60
2017-01-19,SPY,-0.55785036557591394,9530
2017-01-19,TLT,0.97876112577031371,115
2017-01-19,USO,-0.275076952730671,1245
2017-01-19,UUP,-0.69392981507123885,2059
2017-01-20,GLD,2.7343364157485865,43
2017-01-20,SPY,-0.76142664593808207,9612
2017-01-20,TLT,0.70915219367776083,67
2017-01-20,USO,-0.52233505648606815,1244
2017-01-20,UUP,-1.2042711841753588,1600
2017-01-21,GLD,0.71531532078336668,6
2017-01-21,SPY,-0.7513602739666182,2934
2017-01-21,TLT,-1.752005660597078,7
2017-01-21,USO,-0.39507108282318942,442
2017-01-21,UUP,-1.6045101483902235,460
2017-01-22,GLD,0.641025641025641,1
2017-01-22,SPY,-0.80800511651331519,2216
2017-01-22,TLT,0.24715365177349019,11
2017-01-22,USO,0.03975269501517277,593
2017-01-22,UUP,-1.1646909960506642,234
2017-01-23,GLD,1.9867404369109747,59
2017-01-23,SPY,-1.2890077401441744,8187
2017-01-23,TLT,-0.45977861714795148,63
2017-01-23,USO,-0.63465974416683835,1338
2017-01-23,UUP,-1.0221085723133119,774
2017-01-24,GLD,2.9679971874635416,41
2017-01-24,SPY,-0.61775165874584526,8900
2017-01-24,TLT,0.50928053012673313,77
2017-01-24,USO,-1.1188157520508362,1576
2017-01-24,UUP,-1.1749177233801877,623
2017-01-25,GLD,2.554015523735754,52
2017-01-25,SPY,-0.30611378010128637,12118
2017-01-25,TLT,0.070066996958516314,90
2017-01-25,USO,-0.54210159403229441,1530
2017-01-25,UUP,-1.2389574189808334,809
2017-01-26,GLD,2.6451820937052539,37
2017-01-26,SPY,0.094425244242799578,11455
2017-01-26,TLT,0.10975240488128617,131
2017-01-26,USO,-0.33298269117987,1078
2017-01-26,UUP,0.4110800471972022,732
2017-01-27,GLD,3.0478499424733219,44
2017-01-27,SPY,-0.53572376723615678,9255
2017-01-27,TLT,0.17839264626662626,145
2017-01-27,USO,-0.58997661364683585,1062
2017-01-27,UUP,-0.328038363611121,693
2017-01-28,GLD,1.6119151626695174,15
2017-01-28,SPY,-0.96551124207038919,2704
2017-01-28,TLT,-3.50899832481873,184
2017-01-28,USO,-0.028364912601305029,601
2017-01-28,UUP,-0.60809472312315382,219
2017-01-29,GLD,2.3512610885200806,9
2017-01-29,SPY,-1.6457913800688411,2618
2017-01-29,TLT,-1.8964771445247521,19
2017-01-29,USO,-0.15354980920940955,479
2017-01-29,UUP,-0.5031494642480745,289
2017-01-30,GLD,1.5232759416173534,45
2017-01-30,SPY,-1.552849271088204,7841
2017-01-30,TLT,-0.6157122148078904,204
2017-01-30,USO,-0.43161123536757751,977
2017-01-30,UUP,-1.3931699852590611,1015
2017-01-31,GLD,1.5616744571834047,40
2017-01-31,SPY,-1.2185529431178823,10333
2017-01-31,TLT,-0.452561770524202,91
2017-01-31,USO,-1.1588666788803608,1614
2017-01-31,UUP,-1.1991698077726514,1317
2017-02-01,GLD,2.9832375192373153,32
2017-02-01,SPY,-0.36556322323689838,8659
2017-02-01,TLT,0.40038656770662456,72
2017-02-01,USO,-0.46104107458880772,1471
2017-02-01,UUP,-0.95107310795933153,2173
2017-02-02,GLD,2.95076519810856,42
2017-02-02,SPY,-0.42497335384478713,8329
2017-02-02,TLT,1.0436202639840058,75
2017-02-02,USO,-0.57261821163142079,1148
2017-02-02,UUP,-1.0202856732118104,1818
2017-02-03,GLD,2.8006818612822251,43
2017-02-03,SPY,-0.98552143678504056,9827
2017-02-03,TLT,0.55994089329770469,69
2017-02-03,USO,-0.76588941274043743,1160
2017-02-03,UUP,-0.79089168313768343,1840
2017-02-04,GLD,3.7532141819934597,11
2017-02-04,SPY,-0.65372703428353018,4982
2017-02-04,TLT,-0.525839688635181,12
2017-02-04,USO,-1.2003894360457996,666
2017-02-04,UUP,-1.6750904743337875,632
2017-02-05,GLD,11.1570247933884,1
2017-02-05,SPY,-0.82726968506110543,3137
2017-02-05,TLT,-0.977424810723549,16
2017-02-05,USO,-1.0062710476382577,404
2017-02-05,UUP,-1.5083401466887958,267
2017-02-06,GLD,2.7686470803604282,56
2017-02-06,SPY,-0.7768027158006594,7561
2017-02-06,TLT,-0.48238033200363889,201
2017-02-06,USO,-0.6071267148402999,1018
2017-02-06,UUP,-1.0711121069977834,963
2017-02-07,GLD,0.985528874924575,55
2017-02-07,SPY,-0.91346653314264847,8182
2017-02-07,TLT,-0.51426291266981461,351
2017-02-07,USO,-0.84031173707389917,950
2017-02-07,UUP,-0.56229078858164383,1043
2017-02-08,GLD,1.5943429038279067,78
2017-02-08,SPY,-0.78688217984742936,8308
2017-02-08,TLT,0.0889427406837437,162
2017-02-08,USO,-0.70080941273312136,1427
2017-02-08,UUP,-0.91652775460898517,693
2017-02-09,GLD,1.7535323510376017,55
2017-02-09,SPY,-0.54169896589988875,8441
2017-02-09,TLT,0.92865100031366554,198
2017-02-09,USO,-0.14023256627457462,1310
2017-02-09,UUP,-0.76541245757803944,779
2017-02-10,GLD,2.2731951508919752,41
2017-02-10,SPY,-0.47699057262251732,8309
2017-02-10,TLT,0.92221739270214531,168
2017-02-10,USO,-0.25454366178069759,1319
2017-02-10,UUP,-1.0492375931467823,795
2017-02-11,GLD,-0.59371611802354651,6
2017-02-11,SPY,-1.1888521113937913,2900
2017-02-11,TLT,0.061957263226480166,34
2017-02-11,USO,-0.30626158223554434,468
2017-02-11,UUP,-1.7145115403759705,502
2017-02-12,GLD,2.5345591483193783,7
2017-02-12,SPY,-0.91259207770472539,2320
2017-02-12,TLT,0.39509846203616472,23
2017-02-12,USO,-0.222507701483207,454
2017-02-12,UUP,-1.5725447911557859,275
2017-02-13,GLD,3.460630464728383,35
2017-02-13,SPY,-0.65294222277437486,7575
2017-02-13,TLT,2.3975885854336241,139
2017-02-13,USO,-0.77792684107429966,1213
2017-02-13,UUP,-1.0079022086815863,1035
2017-02-14,GLD,3.0679436000145359,35
2017-02-14,SPY,-0.8216634458680836,9877
2017-02-14,TLT,0.084893558299582672,97
2017-02-14,USO,-1.27138369358119,1217
2017-02-14,UUP,-0.82278584055183535,3065
2017-02-15,GLD,2.7707760785001314,42
2017-02-15,SPY,-0.50055573455927649,7610
2017-02-15,TLT,0.54973989026941494,79
2017-02-15,USO,0.11888384129781353,1301
2017-02-15,UUP,-0.30188648745836161,3146
2017-02-16,GLD,2.9825932358094578,41
2017-02-16,SPY,-0.73647674939132546,9469
2017-02-16,TLT,0.78207110627877763,92
2017-02-16,USO,-0.42972102325095246,1206
2017-02-16,UUP,-0.60627803416625115,1956
2017-02-17,GLD,2.9977101774560251,51
2017-02-17,SPY,-1.2756529322639814,9473
2017-02-17,TLT,-0.25717943588607928,109
2017-02-17,USO,-0.282587669163364,1280
2017-02-17,UUP,-0.62004291843867843,950
2017-02-18,GLD,0.63806195662343856,44
2017-02-18,SPY,-1.1049184590734114,3500
2017-02-18,TLT,0.9862809758501665,41
2017-02-18,USO,-0.95367379686101239,606
2017-02-18,UUP,-1.199415148863715,328
2017-02-19,GLD,2.2996907381915186,7
2017-02-19,SPY,-1.9742620044253858,2298
2017-02-19,TLT,0.98971811509618446,17
2017-02-19,USO,-0.78268201854032471,422
2017-02-19,UUP,-0.82441719170034744,215
2017-02-20,GLD,4.0899249191578928,21
2017-02-20,SPY,-1.5198572143971769,6037
2017-02-20,TLT,1.1376600325088606,108
2017-02-20,USO,-0.48935942680526506,1024
2017-02-20,UUP,-0.60797851433559547,958
2017-02-21,GLD,3.2659760305453869,44
2017-02-21,SPY,-0.36461149207198373,7073
2017-02-21,TLT,0.8006628447394748,91
2017-02-21,USO,-0.57914999927180433,1087
2017-02-21,UUP,-0.49218685173755544,1106
2017-02-22,GLD,1.2013759779239506,78
2017-02-22,SPY,-0.61504944354572844,7909
2017-02-22,TLT,0.56632149659948638,93
2017-02-22,USO,-0.65331745922371309,1163
2017-02-22,UUP,-0.5530008379170237,1745
2017-02-23,GLD,3.7675294895927811,41
2017-02-23,SPY,-0.5435576713315593,7863
2017-02-23,TLT,1.2722766819386722,139
2017-02-23,USO,-0.59731306363436953,1302
2017-02-23,UUP,-0.95234576380496,1864
2017-02-24,GLD,-0.949121897313192,248
2017-02-24,SPY,-0.88299224943400634,8009
2017-02-24,TLT,0.18427844494131071,100
2017-02-24,USO,-0.90233332932210375,1175
2017-02-24,UUP,-0.98812580417778262,898
2017-02-25,GLD,3.9832357322732137,11
2017-02-25,SPY,-1.2188312807046697,4732
2017-02-25,TLT,0.87348560647555218,26
2017-02-25,USO,-0.72554585317230413,396
2017-02-25,UUP,-1.1014435399021814,291
2017-02-26,GLD,4.87012987012987,1
2017-02-26,SPY,-0.29758960744862695,2377
2017-02-26,TLT,-0.565004213834534,31
2017-02-26,USO,-0.18650919459555193,401
2017-02-26,UUP,-0.34825609156882015,254
2017-02-27,GLD,2.4061962569064717,66
2017-02-27,SPY,-0.62471506781914754,7997
2017-02-27,TLT,1.003851170189084,120
2017-02-27,USO,-0.45256006333042686,773
2017-02-27,UUP,-0.5978758744757936,805
2017-02-28,GLD,1.893629356601412,49
2017-02-28,SPY,-0.53022178802592768,11145
2017-02-28,TLT,0.39981107526117377,104
2017-02-28,USO,-0.33199197460178786,1196
2017-02-28,UUP,-0.57691007426681973,954
2017-03-01,GLD,2.472407025517902,48
2017-03-01,SPY,-0.3940011265499887,10896
2017-03-01,TLT,0.70259271635690934,59
2017-03-01,USO,-0.97969613707658421,1557
2017-03-01,UUP,-0.17666635898060376,2145
2017-03-02,GLD,2.9902857885423386,38
2017-03-02,SPY,-0.69596075962461246,10328
2017-03-02,TLT,-1.2267268788010104,127
2017-03-02,USO,-1.3299966082187569,1468
2017-03-02,UUP,-0.43853825879585367,2328
2017-03-03,GLD,2.744329769222392,45
2017-03-03,SPY,-0.8452718099603761,8670
2017-03-03,TLT,0.16314495898295975,86
2017-03-03,USO,-2.781083142037815,1579
2017-03-03,UUP,-0.99715600882804922,3052
2017-03-04,GLD,0.99311697717647884,11
2017-03-04,SPY,-0.29865212870840335,2577
2017-03-04,TLT,-0.21121311108775637,38
2017-03-04,USO,-0.76139982804439876,435
2017-03-04,UUP,-1.0990722996416458,632
2017-03-05,GLD,1.3746511378273949,2
2017-03-05,SPY,-0.62877659716701462,1808
2017-03-05,TLT,0.63492010791040765,19
2017-03-05,USO,-1.1489175478044538,451
2017-03-05,UUP,-0.68005426237846467,316
2017-03-06,GLD,3.0645378531078333,66
2017-03-06,SPY,-0.85064151207159588,5901
2017-03-06,TLT,0.080884497768059255,65
2017-03-06,USO,-0.88986464903549645,1105
2017-03-06,UUP,-1.0929432391820268,1103
2017-03-07,GLD,3.107172664228854,40
2017-03-07,SPY,-1.1655129085260012,7204
2017-03-07,TLT,-0.19199454772981842,84
2017-03-07,USO,-0.720468905585585,998
2017-03-07,UUP,-0.88259127006454174,1092
2017-03-08,GLD,2.2659272355005124,51
2017-03-08,SPY,-0.64306520854390692,9481
2017-03-08,TLT,-0.064601902685995971,80
2017-03-08,USO,-1.0127989223666156,1534
2017-03-08,UUP,-0.82974773874822494,1588
2017-03-09,GLD,3.0039888458256088,37
2017-03-09,SPY,-0.82294227362300065,8717
2017-03-09,TLT,-0.29796514344565928,100
2017-03-09,USO,-0.49270395861412003,1937
2017-03-09,UUP,-0.537631758897937,1813
2017-03-10,GLD,2.3748287419653695,48
2017-03-10,SPY,-0.61405938035168417,7929
2017-03-10,TLT,-0.32558553706176896,64
2017-03-10,USO,-0.71404768888578118,1231
2017-03-10,UUP,-0.34655816743183565,3719
2017-03-11,GLD,1.2629250694567264,13
2017-03-11,SPY,-0.99191094538478064,3240
2017-03-11,TLT,-1.1324296455469249,8
2017-03-11,USO,-0.9229746286914855,411
2017-03-11,UUP,-0.52843154290571293,860
2017-03-12,GLD,-2.3492245968472458,14
2017-03-12,SPY,-1.7260166972972868,2442
2017-03-12,TLT,-0.959499910924187,8
2017-03-12,USO,-0.0364942880837979,443
2017-03-12,UUP,-0.54383673065868343,405
2017-03-13,GLD,2.4711838562339694,35
2017-03-13,SPY,-1.1320186802272076,7060
2017-03-13,TLT,1.0610093965261478,96
2017-03-13,USO,-0.9543387588305452,1043
2017-03-13,UUP,-0.8944601672136131,2192
2017-03-14,GLD,3.4657000649863847,40
2017-03-14,SPY,-1.0639826482820589,8910
2017-03-14,TLT,0.3116322972171548,104
2017-03-14,USO,-0.6013191649612819,1191
2017-03-14,UUP,-0.96344564352035833,2873
2017-03-15,GLD,2.9215767566280268,50
2017-03-15,SPY,-0.61484968295428732,8017
2017-03-15,TLT,-0.39420210377420212,76
2017-03-15,USO,-0.70783980072263253,1268
2017-03-15,UUP,-0.41176279112332465,4321
2017-03-16,GLD,2.7367898613815238,40
2017-03-16,SPY,-0.26591686983501495,7252
2017-03-16,TLT,0.90639319721329215,69
2017-03-16,USO,-1.0097069524612419,1364
2017-03-16,UUP,-0.22099704708865758,3678
2017-03-17,GLD,2.2501483975873304,41
2017-03-17,SPY,-0.612394228697034,6846
2017-03-17,TLT,0.338313404642492,69
2017-03-17,USO,-1.2411454601962189,1527
2017-03-17,UUP,-0.52233064223008441,1924
2017-03-18,GLD,-0.25020024788454209,7
2017-03-18,SPY,-0.63211618989446139,2072
2017-03-18,TLT,-1.6583563974368891,9
2017-03-18,USO,-1.885527102703112,775
2017-03-18,UUP,-0.851077730790402,553
2017-03-19,GLD,0.010631997666156412,14
2017-03-19,SPY,-0.838086042079534,2068
2017-03-19,TLT,-0.12423008700000626,9
2017-03-19,USO,-1.2496311731700886,476
2017-03-19,UUP,-0.77687898270289513,436
2017-03-20,GLD,2.4648039753249744,47
2017-03-20,SPY,-0.64819062962694785,6004
2017-03-20,TLT,0.759419293334584,59
2017-03-20,USO,-0.8982734242829169,1158
2017-03-20,UUP,-1.0938158459579872,1412
2017-03-21,GLD,3.1462619625706738,41
2017-03-21,SPY,-0.77981729472828454,7081
2017-03-21,TLT,-0.50026975531198692,66
2017-03-21,USO,-0.76353157227183988,1189
2017-03-21,UUP,-1.0309842593467282,1305
2017-03-22,GLD,3.2388118339280014,36
2017-03-22,SPY,-1.6358456950227949,8551
2017-03-22,TLT,-0.7170217020018671,96
2017-03-22,USO,-0.6734259737231082,1543
2017-03-22,UUP,-1.4036100868785237,776
2017-03-23,GLD,2.9114373504088946,33
2017-03-23,SPY,-0.91908478788025427,6710
2017-03-23,TLT,0.0923316852590139,75
2017-03-23,USO,-0.43395260808285951,1206
2017-03-23,UUP,-1.4478448001002613,1209
2017-03-24,GLD,3.3688420299282984,40
2017-03-24,SPY,-0.88348660627558728,6711
2017-03-24,TLT,0.23374720668395421,71
2017-03-24,USO,-0.81999765530114388,1168
2017-03-24,UUP,-0.45348175258336093,876
2017-03-25,GLD,1.46537842190016,2
2017-03-25,SPY,-1.3252494217248505,2626
2017-03-25,TLT,-0.45200217648809726,10
2017-03-25,USO,-0.43447510237137865,498
2017-03-25,UUP,-0.70041144119747778,197
2017-03-26,GLD,1.5147899092843544,6
2017-03-26,SPY,-1.30127433249348,1865
2017-03-26,TLT,0.14672121842607733,10
2017-03-26,USO,-0.026770145714467269,632
2017-03-26,UUP,-4.1372598461089378,360
2017-03-27,GLD,0.61302989335791891,61
2017-03-27,SPY,-0.890647547889845,7338
2017-03-27,TLT,0.46845813525686619,65
2017-03-27,USO,-0.58022207488941224,1645
2017-03-27,UUP,-1.1701200421034126,805
2017-03-28,GLD,0.97280901360456074,72
2017-03-28,SPY,-0.543124568507236,8704
2017-03-28,TLT,0.88548629342339158,59
2017-03-28,USO,-1.0539165219492912,1639
2017-03-28,UUP,-0.48189471834145364,1082
2017-03-29,GLD,1.8679640826531496,56
2017-03-29,SPY,-0.628020237171461,7710
2017-03-29,TLT,-0.23063683968412502,60
2017-03-29,USO,-0.93312840365687422,1561
2017-03-29,UUP,-0.55957243569074022,1006
2017-03-30,GLD,2.9391794853428141,37
2017-03-30,SPY,-0.78552069369492616,6993
2017-03-30,TLT,-0.050249724732410982,84
2017-03-30,USO,-0.82533035488133322,1551
2017-03-30,UUP,-0.604408684854391,1246
2017-03-31,GLD,2.0980206325542543,46
2017-03-31,SPY,-0.9854002709170141,9942
2017-03-31,TLT,0.41361792017891907,58
2017-03-31,USO,-0.53759376231679812,1234
2017-03-31,UUP,-0.045342890978149072,1244
2017-04-01,GLD,-1.0209840694611958,7
2017-04-01,SPY,-0.52683899837776915,2481
2017-04-01,TLT,0.11148783376750855,14
2017-04-01,USO,-0.9512856982797635,553
2017-04-01,UUP,-0.30995493628228343,269
2017-04-02,GLD,-0.7064139103506,10
2017-04-02,SPY,-0.51052708548972281,1545
2017-04-02,TLT,-1.7330157904391492,14
2017-04-02,USO,-0.47793091607557464,615
2017-04-02,UUP,-0.71774573981125511,218
2017-04-03,GLD,1.9298063902196332,41
2017-04-03,SPY,-0.88763268183613864,5845
2017-04-03,TLT,-0.2047769024675862,73
2017-04-03,USO,-0.38317198998873814,878
2017-04-03,UUP,-1.0468115966713165,786
2017-04-04,GLD,2.2463063848812315,42
2017-04-04,SPY,-0.95928570943625813,7157
2017-04-04,TLT,-0.070751952271927016,74
2017-04-04,USO,-1.4370025627515619,1132
2017-04-04,UUP,-1.5384855821653227,1172
2017-04-05,GLD,2.1719595526813014,51
2017-04-05,SPY,-0.761372475415446,7732
2017-04-05,TLT,-0.25671345729262718,85
2017-04-05,USO,-0.92679040530787482,1227
2017-04-05,UUP,-0.9042131763613358,1482
2017-04-06,GLD,1.2848516825222602,48
2017-04-06,SPY,-0.93696593028116426,7311
2017-04-06,TLT,0.33663264973328572,69
2017-04-06,USO,-0.22578142779224863,984
2017-04-06,UUP,-1.2472403340568425,1586
2017-04-07,GLD,0.83202620627855239,81
2017-04-07,SPY,-1.3794941654083657,7360
2017-04-07,TLT,0.045088154225913918,74
2017-04-07,USO,-1.0008774581886437,1523
2017-04-07,UUP,-1.0332500788835948,1312
2017-04-08,GLD,1.3745113948354968,25
2017-04-08,SPY,-0.95295902754793016,1754
2017-04-08,TLT,-1.3944912236158209,22
2017-04-08,USO,-0.7293581845414171,612
2017-04-08,UUP,-1.2887496018025053,363
2017-04-09,GLD,1.9606084645388218,27
2017-04-09,SPY,-1.2621109221260844,1436
2017-04-09,TLT,-0.63924670151281449,7
2017-04-09,USO,-0.04145884625056119,546
2017-04-09,UUP,-0.61518156027551,262
2017-04-10,GLD,2.0159572660652145,56
2017-04-10,SPY,-0.64330107704939932,6848
2017-04-10,TLT,0.515514813522447,67
2017-04-10,USO,-0.27194155474029247,1205
2017-04-10,UUP,-0.749354299770642,803
2017-04-11,GLD,2.2416115208051268,66
2017-04-11,SPY,-1.0770971862020911,7885
2017-04-11,TLT,-0.038049388268093107,90
2017-04-11,USO,-0.619085988989108,1316
2017-04-11,UUP,-0.78307854113214381,694
2017-04-12,GLD,1.2195865545118478,68
2017-04-12,SPY,-1.0790434715002397,7765
2017-04-12,TLT,0.168504397492142,114
2017-04-12,USO,-1.1724089854965181,1250
2017-04-12,UUP,-1.2630224278169242,984
2017-04-13,GLD,3.0632192603788546,54
2017-04-13,SPY,-1.1467106939229914,12378
2017-04-13,TLT,1.1459973268446415,91
2017-04-13,USO,-2.1801951800172565,1923
2017-04-13,UUP,-1.1991452010705139,2655
2017-04-14,GLD,2.8554832923035871,25
2017-04-14,SPY,-1.3615011724958708,5871
2017-04-14,TLT,0.86795757204660562,13
2017-04-14,USO,-1.2326265917375105,752
2017-04-14,UUP,-1.3506336270124282,931
2017-04-15,GLD,0.58240161216050446,7
2017-04-15,SPY,-1.3131519606003217,2171
2017-04-15,TLT,0.951638815418111,13
2017-04-15,USO,-0.25035613353820979,462
2017-04-15,UUP,-1.7252652406350908,416
2017-04-16,GLD,-0.94977944754205135,9
2017-04-16,SPY,-1.3709578383369188,1500
2017-04-16,TLT,-0.401606425702811,1
2017-04-16,USO,-0.70499855026655911,503
2017-04-16,UUP,-1.4700904095722338,190
2017-04-17,GLD,3.354264728860227,31
2017-04-17,SPY,-0.427855017302571,4853
2017-04-17,TLT,-1.0529192663594424,16
2017-04-17,USO,-0.842844246205431,1102
2017-04-17,UUP,-0.63153311835162462,598
2017-04-18,GLD,3.8358080906221512,34
2017-04-18,SPY,-0.96898471013754439,7761
2017-04-18,TLT,-0.095567243357041531,83
2017-04-18,USO,-0.84413433945672167,1290
2017-04-18,UUP,-0.74395125125318307,793
2017-04-19,GLD,1.9043385913519897,39
2017-04-19,SPY,-1.3266200360267653,7547
2017-04-19,TLT,-0.010959080792023408,46
2017-04-19,USO,-0.50467874384076961,1738
2017-04-19,UUP,-0.74176468767517267,968
2017-04-20,GLD,2.7159118480743918,38
2017-04-20,SPY,-0.65676626523245185,7024
2017-04-20,TLT,-0.28547057381790342,63
2017-04-20,USO,-0.67843725941863431,1444
2017-04-20,UUP,-0.65543381526937361,1034
2017-04-21,GLD,2.7950977590135229,41
2017-04-21,SPY,-1.1854261321064146,7856
2017-04-21,TLT,-0.63202031678780413,79
2017-04-21,USO,-1.0474721234352846,1250
2017-04-21,UUP,-1.4018724190215008,1103
2017-04-22,GLD,-1.1238827443451822,14
2017-04-22,SPY,-1.6477700753883735,2441
2017-04-22,TLT,-1.3603713655372551,13
2017-04-22,USO,-1.0457716258906102,710
2017-04-22,UUP,-1.4106557045653081,461
2017-04-23,GLD,-0.99530655179129557,4
2017-04-23,SPY,-0.561860064080214,1754
2017-04-23,TLT,-0.14503142516846732,12
2017-04-23,USO,-0.33903466226764511,466
2017-04-23,UUP,-1.1185838805434603,210
2017-04-24,GLD,1.9081382827648996,31
2017-04-24,SPY,-0.62274132291001894,7568
2017-04-24,TLT,2.0798701202582577,95
2017-04-24,USO,-0.021905393077457407,816
2017-04-24,UUP,-0.71024582053593743,385
2017-04-25,GLD,4.0659529288061584,50
2017-04-25,SPY,-0.38171199587446136,8429
2017-04-25,TLT,1.1429093256468081,82
2017-04-25,USO,-0.37760622340403333,931
2017-04-25,UUP,-2.6736041231318031,778
2017-04-26,GLD,1.7222188527866134,49
2017-04-26,SPY,-0.59687059676702348,8812
2017-04-26,TLT,0.20577112444553555,70
2017-04-26,USO,-0.63555117451498289,1184
2017-04-26,UUP,-1.782850469150177,611
2017-04-27,GLD,2.0496163389208437,45
2017-04-27,SPY,-0.5767600770189415,8847
2017-04-27,TLT,0.45432962386110981,78
2017-04-27,USO,-0.27766238590230163,1227
2017-04-27,UUP,-1.2119187848666144,609
2017-04-28,GLD,2.8054884624272121,47
2017-04-28,SPY,-0.634620343023995,8679
2017-04-28,TLT,0.11422027937956782,55
2017-04-28,USO,-1.4880802436095415,1490
2017-04-28,UUP,-1.789181378323413,1045
2017-04-29,GLD,1.4657004448007522,9
2017-04-29,SPY,-0.94284156505748473,2488
2017-04-29,TLT,-0.70552310067750912,22
2017-04-29,USO,-0.95311366106794837,677
2017-04-29,UUP,-0.98975494375977879,165
2017-04-30,GLD,0.91963378935420248,2
2017-04-30,SPY,-0.72737571403110735,1556
2017-04-30,TLT,0.72400387647413478,23
2017-04-30,USO,-0.99045622600276784,576
2017-04-30,UUP,-0.98022680943052876,141
2017-05-01,GLD,1.0387805983288168,12
2017-05-01,SPY,-0.66891005517772806,4740
2017-05-01,TLT,-0.22689731179460018,32
2017-05-01,USO,-1.0431904604680149,840
2017-05-01,UUP,-0.92407987967731087,890
2017-05-02,GLD,2.8919714457221071,34
2017-05-02,SPY,-0.40595426198424545,7777
2017-05-02,TLT,0.57043334921180855,62
2017-05-02,USO,-0.5960742422396077,1044
2017-05-02,UUP,-0.55463325548830056,852
2017-05-03,GLD,1.9083181594405685,30
2017-05-03,SPY,-0.85128660419115487,8687
2017-05-03,TLT,0.36029159514311321,71
2017-05-03,USO,-1.2949646698256221,1137
2017-05-03,UUP,-1.0043417151740062,1984
2017-05-04,GLD,2.4479987311181279,32
2017-05-04,SPY,-0.71143894612674208,7231
2017-05-04,TLT,1.2236132327748288,54
2017-05-04,USO,-0.60551790498538638,964
2017-05-04,UUP,-0.75573230376110045,1596
2017-05-05,GLD,2.3729832189088471,34
2017-05-05,SPY,-0.90312840309726683,6106
2017-05-05,TLT,0.47637496794575523,56
2017-05-05,USO,-0.97479591373459529,1607
2017-05-05,UUP,-0.59609313304613265,1435
2017-05-06,GLD,1.5047516644878991,15
2017-05-06,SPY,-0.50263190477725328,1888
2017-05-06,TLT,-0.90519154976473581,14
2017-05-06,USO,-0.22714505915710775,511
2017-05-06,UUP,-1.232580268760499,432
2017-05-07,GLD,0.054223555612616936,4
2017-05-07,SPY,-0.32286152423830161,1450
2017-05-07,TLT,0.56787185877694568,10
2017-05-07,USO,-1.8428668558474985,538
2017-05-07,UUP,-0.61620092181137509,227
2017-05-08,GLD,2.5692308869574485,40
2017-05-08,SPY,-0.19823238822774941,6101
2017-05-08,TLT,1.0991654792512613,82
2017-05-08,USO,-0.39489328141509966,1057
2017-05-08,UUP,-0.45219463457367404,746
2017-05-09,GLD,3.1008018842022573,45
2017-05-09,SPY,-0.22938477070637636,6332
2017-05-09,TLT,1.3691438804593683,57
2017-05-09,USO,-0.23855258834032844,989
2017-05-09,UUP,-0.94078790620149322,812
2017-05-10,GLD,3.3530378641367462,38
2017-05-10,SPY,-0.76563688991523171,7180
2017-05-10,TLT,-0.10681106630065267,44
2017-05-10,USO,-0.33318978203064292,1160
2017-05-10,UUP,-1.0750342421388286,701
2017-05-11,GLD,3.2773970767996774,34
2017-05-11,SPY,-1.2439318700343798,7647
2017-05-11,TLT,0.75102926248631952,71
2017-05-11,USO,-0.35141518422755591,1017
2017-05-11,UUP,-1.0862907875705485,710
2017-05-12,GLD,2.7884931269691928,46
2017-05-12,SPY,-1.3917201641942893,6669
2017-05-12,TLT,1.0247789744231561,88
2017-05-12,USO,-0.6372780339325772,922
2017-05-12,UUP,-1.5053426815754531,969
2017-05-13,GLD,-0.27065867381118486,4
2017-05-13,SPY,-0.95422226595177206,1945
2017-05-13,TLT,-1.9883899724366152,8
2017-05-13,USO,-0.81611372225153034,405
2017-05-13,UUP,-1.1719592996856145,248
2017-05-14,GLD,-0.74461857298743,5
2017-05-14,SPY,-0.87356054219387458,1500
2017-05-14,TLT,1.9969264597652785,30
2017-05-14,USO,-0.11083977447272704,324
2017-05-14,UUP,-0.66867633418520978,148
2017-05-15,GLD,3.2892046810289126,39
2017-05-15,SPY,-0.61222084192940973,5716
2017-05-15,TLT,1.625771612490357,69
2017-05-15,USO,-0.55329563329416731,1118
2017-05-15,UUP,-1.0179402587994102,545
2017-05-16,GLD,2.7140118301545479,32
2017-05-16,SPY,-0.62902665008796588,7262
2017-05-16,TLT,0.99421678094403287,75
2017-05-16,USO,-0.42908688905610981,1179
2017-05-16,UUP,-1.0650559896393232,981
2017-05-17,GLD,2.2329995838555678,33
2017-05-17,SPY,-1.426653225311687,7865
2017-05-17,TLT,-0.73942540328322626,76
2017-05-17,USO,-0.87302388839983436,1129
2017-05-17,UUP,-2.0671529934769657,817
2017-05-18,GLD,1.4076382948415345,42
2017-05-18,SPY,-1.8079240676065353,10168
2017-05-18,TLT,-0.963656171289506,98
2017-05-18,USO,-1.0633190853773311,1197
2017-05-18,UUP,-1.2051419272439778,948
2017-05-19,GLD,1.8330835219320354,19
2017-05-19,SPY,-0.83563933127343837,6044
2017-05-19,TLT,0.74710432917208647,68
2017-05-19,USO,-0.674119504193997,1313
2017-05-19,UUP,-1.2854132686811226,685
2017-05-20,GLD,0.65542763738103993,9
2017-05-20,SPY,-0.93236274648832229,1741
2017-05-20,TLT,-0.037603086555622285,14
2017-05-20,USO,-0.2087156834113332,574
2017-05-20,UUP,-1.1563522340368098,177
2017-05-21,GLD,-4.78260869565217,1
2017-05-21,SPY,-0.40402848429111959,1393
2017-05-21,TLT,-0.11030500350870423,4
2017-05-21,USO,-0.22087091201454534,590
2017-05-21,UUP,-1.3604643894123349,346
2017-05-22,GLD,3.2228289905545586,36
2017-05-22,SPY,-0.55138416734978912,5988
2017-05-22,TLT,0.051959980010848547,32
2017-05-22,USO,-0.3394411835694166,1398
2017-05-22,UUP,-0.76970160023652467,666
2017-05-23,GLD,2.588328663044503,28
2017-05-23,SPY,-1.1813792832007775,6815
2017-05-23,TLT,0.81335790547622022,68
2017-05-23,USO,-0.69899138364602476,1366
2017-05-23,UUP,-1.1358575499192936,836
2017-05-24,GLD,1.9996523748844715,46
2017-05-24,SPY,-0.87366727500055918,5603
2017-05-24,TLT,-1.1352508422804573,43
2017-05-24,USO,-0.74179618962267735,1354
2017-05-24,UUP,-1.1174379650762896,1282
2017-05-25,GLD,3.2522721239972849,30
2017-05-25,SPY,-1.0177259564693215,6311
2017-05-25,TLT,-0.060605224089118379,62
2017-05-25,USO,-0.849500694625254,2041
2017-05-25,UUP,-0.74016930972047656,1385
2017-05-26,GLD,2.9880075837762243,41
2017-05-26,SPY,-1.1557847757317679,6308
2017-05-26,TLT,0.83133399006145237,66
2017-05-26,USO,-1.2067809278555151,1885
2017-05-26,UUP,-0.59988043208942543,814
2017-05-27,GLD,4.1927649261217192,12
2017-05-27,SPY,-1.1685498592947863,2282
2017-05-27,TLT,-0.55175735590115782,16
2017-05-27,USO,-0.88136779300662,744
2017-05-27,UUP,-0.14716956502166509,181
2017-05-28,GLD,1.5144466736660589,7
2017-05-28,SPY,-1.0089498097714398,1269
2017-05-28,TLT,-0.46692233360863789,10
2017-05-28,USO,-0.21706733650460808,576
2017-05-28,UUP,-0.25136101478161071,223
2017-05-29,GLD,3.1832814854951952,32
2017-05-29,SPY,-0.781877256382831,4300
2017-05-29,TLT,-0.35825895193411217,88
2017-05-29,USO,-0.84720740998765509,746
2017-05-29,UUP,-0.49518461223979116,493
2017-05-30,GLD,3.7906628051020324,42
2017-05-30,SPY,-1.2688356991088929,6373
2017-05-30,TLT,0.56697749337213132,100
2017-05-30,USO,-0.65271789856566154,966
2017-05-30,UUP,-1.0951415616650337,946
2017-05-31,GLD,3.4858131704239739,38
2017-05-31,SPY,-1.0475573673317249,6908
2017-05-31,TLT,0.19097627943343964,98
2017-05-31,USO,-1.0238772176831235,1189
2017-05-31,UUP,-1.1025710513939311,1208
2017-06-01,GLD,3.0579908675548131,36
2017-06-01,SPY,-0.746154061924834,7081
2017-06-01,TLT,0.341945681366303,67
2017-06-01,USO,-1.2813714221689687,1290
2017-06-01,UUP,-0.61914160101287363,1035
2017-06-02,GLD,2.9875641947290328,41
2017-06-02,SPY,-0.49025664550833459,7841
2017-06-02,TLT,0.41074608224960996,55
2017-06-02,USO,-1.0258106317189839,1318
2017-06-02,UUP,-1.0241607177572254,1862
2017-06-03,GLD,0.83956840399111921,12
2017-06-03,SPY,-0.48542552701829988,1666
2017-06-03,TLT,-0.89707751971431848,15
2017-06-03,USO,-1.0332257379608778,581
2017-06-03,UUP,-0.78664932971024948,512
2017-06-04,GLD,-0.20069183496011589,7
2017-06-04,SPY,-1.1065665819823822,1256
2017-06-04,TLT,-2.165053868648215,8
2017-06-04,USO,-1.179041055323196,377
2017-06-04,UUP,-1.396997949010145,273
2017-06-05,GLD,1.3374855766600422,41
2017-06-05,SPY,-1.7635376150247744,5801
2017-06-05,TLT,-0.65905295473976178,44
2017-06-05,USO,-1.0522794314019792,1239
2017-06-05,UUP,-1.7456393627309712,917
2017-06-06,GLD,1.8226475737223089,54
2017-06-06,SPY,-1.3071416490852528,6435
2017-06-06,TLT,-0.6874271071739928,90
2017-06-06,USO,-1.6325482243507718,1355
2017-06-06,UUP,-1.1868426130047895,658
2017-06-07,GLD,2.2573444043129038,47
2017-06-07,SPY,-1.0961210645611177,6259
2017-06-07,TLT,0.043856951743056288,118
2017-06-07,USO,-1.8308828586305543,1604
2017-06-07,UUP,-0.94270881425267794,562
2017-06-08,GLD,3.0146779662378052,30
2017-06-08,SPY,-1.140633409827873,6670
2017-06-08,TLT,1.2548912498705131,119
2017-06-08,USO,-1.4776495241443759,1207
2017-06-08,UUP,-1.4821103766489891,1112
2017-06-09,GLD,2.9179301228151244,31
2017-06-09,SPY,-1.1813371213281025,8314
2017-06-09,TLT,-0.062529963448299627,76
2017-06-09,USO,-1.6140376376333665,1254
2017-06-09,UUP,-1.4800695540286288,876
2017-06-10,GLD,0.12782553351839163,11
2017-06-10,SPY,-1.5312477330594478,2866
2017-06-10,TLT,-0.3717985832798163,20
2017-06-10,USO,-2.4518002513046291,641
2017-06-10,UUP,-1.0484843471605603,191
2017-06-11,GLD,-0.49930001583407768,14
2017-06-11,SPY,-1.4249034129016755,2715
2017-06-11,TLT,-0.14867516838499611,5
2017-06-11,USO,-0.54781316477948427,396
2017-06-11,UUP,-1.1038755555384749,216
2017-06-12,GLD,2.2398701833834171,28
2017-06-12,SPY,-1.350608258443899,8436
2017-06-12,TLT,-0.22526111885585845,102
2017-06-12,USO,-1.8478613959930057,1432
2017-06-12,UUP,-1.3100669548643966,985
2017-06-13,GLD,2.6011233503388778,28
2017-06-13,SPY,-1.3901310581060282,10353
2017-06-13,TLT,0.95031377708830556,96
2017-06-13,USO,-1.1894780621874248,1149
2017-06-13,UUP,-0.90270174416509907,1573
2017-06-14,GLD,3.8764591724455304,32
2017-06-14,SPY,-1.118437604430309,9596
2017-06-14,TLT,0.48478461966753988,92
2017-06-14,USO,-2.1631550868365914,1653
2017-06-14,UUP,-1.0365576313916758,3079
2017-06-15,GLD,4.0474694841119492,34
2017-06-15,SPY,-1.4026764154106859,9273
2017-06-15,TLT,0.030182652489975537,99
2017-06-15,USO,-1.2303448910685755,1014
2017-06-15,UUP,-1.2725419585016415,2953
2017-06-16,GLD,2.0951730250656628,35
2017-06-16,SPY,-0.961628406153655,7638
2017-06-16,TLT,0.408656168727331,69
2017-06-16,USO,-1.2653392831046608,962
2017-06-16,UUP,-1.2453624399691205,1405
2017-06-17,GLD,0.42951539111409609,8
2017-06-17,SPY,-1.0995287007003296,1665
2017-06-17,TLT,-2.3321488226332,11
2017-06-17,USO,-2.1569821037645669,429
2017-06-17,UUP,-1.2872025447186881,291
2017-06-18,GLD,1.0441783337654473,4
2017-06-18,SPY,-0.61020975697335111,1512
2017-06-18,TLT,0.28049342724925236,12
2017-06-18,USO,-0.10631747858633467,455
2017-06-18,UUP,-1.1194789224339015,225
2017-06-19,GLD,4.1819808603098361,22
2017-06-19,SPY,-0.31217044132639027,5866
2017-06-19,TLT,0.012321554342472724,63
2017-06-19,USO,-0.36489238889781894,944
2017-06-19,UUP,-0.57215833612365241,925
2017-06-20,GLD,3.8330718045022616,25
2017-06-20,SPY,-0.58916138417618036,6619
2017-06-20,TLT,0.13557993484034997,55
2017-06-20,USO,-0.59020111089651883,1382
2017-06-20,UUP,-0.7532905919214733,1000
2017-06-21,GLD,3.8590496106686216,45
2017-06-21,SPY,-0.61767748810319367,6833
2017-06-21,TLT,0.15700219335309976,56
2017-06-21,USO,-0.88550385521470687,1492
2017-06-21,UUP,-1.4057986951383568,769
2017-06-22,GLD,2.7693841057579984,35
2017-06-22,SPY,-0.74568523348341875,6952
2017-06-22,TLT,0.33783318728199196,64
2017-06-22,USO,-0.52408821605003153,1547
2017-06-22,UUP,-1.1411649332429539,934
2017-06-23,GLD,2.5417919970869778,31
2017-06-23,SPY,-0.87515059464757938,6138
2017-06-23,TLT,0.81503820141971861,38
2017-06-23,USO,-1.389778920950945,1126
2017-06-23,UUP,-1.1168130364627229,917
2017-06-24,GLD,3.4833857112519913,28
2017-06-24,SPY,-0.7906931466673619,1646
2017-06-24,TLT,-1.7074914735555802,12
2017-06-24,USO,-1.3624397509786041,745
2017-06-24,UUP,-0.62422025906958323,228
2017-06-25,GLD,-1.9314563432210485,2
2017-06-25,SPY,-0.75252608685559674,1036
2017-06-25,TLT,-0.14088845006428313,11
2017-06-25,USO,-1.4834846258577492,629
2017-06-25,UUP,-0.96901406693302228,171
2017-06-26,GLD,0.19804427240427147,36
2017-06-26,SPY,-0.16024782924467887,5161
2017-06-26,TLT,1.8143778486766802,45
2017-06-26,USO,-1.0639458684245495,1144
2017-06-26,UUP,-0.869958628593047,814
2017-06-27,GLD,0.96137514459444928,18
2017-06-27,SPY,-0.59819845030135732,5150
2017-06-27,TLT,0.10368782509280866,43
2017-06-27,USO,-0.74663240821444,952
2017-06-27,UUP,-1.0127197370893564,992
2017-06-28,GLD,1.9552623212808458,38
2017-06-28,SPY,-0.97444087506184629,5834
2017-06-28,TLT,0.90350120678875467,76
2017-06-28,USO,-0.84920722538239324,946
2017-06-28,UUP,-0.98777660684212654,898
2017-06-29,GLD,2.311178293776194,16
2017-06-29,SPY,-0.87477051198878075,5346
2017-06-29,TLT,-0.13377746656335193,48
2017-06-29,USO,-0.43295903091069676,868
2017-06-29,UUP,-0.61924977096522049,1501
2017-06-30,GLD,2.6213342293885478,24
2017-06-30,SPY,-1.2715161066325578,5975
2017-06-30,TLT,0.44670575699810233,68
2017-06-30,USO,-0.7927935017127381,965
2017-06-30,UUP,-0.6273416619055493,852
2017-07-01,GLD,2.99460690141968,8
2017-07-01,SPY,-1.192040718652646,1631
2017-07-01,TLT,2.1225289320349181,3
2017-07-01,USO,-1.7957243005050796,441
2017-07-01,UUP,-0.75861509301794183,220
2017-07-02,GLD,2.7872241254888692,13
2017-07-02,SPY,-0.67230163657685,1370
2017-07-02,TLT,-0.72477133267623139,7
2017-07-02,USO,-0.95456069762866236,362
2017-07-02,UUP,-1.0988306342773113,171
2017-07-03,GLD,2.9079992733552067,29
2017-07-03,SPY,-0.39384229398724596,4551
2017-07-03,TLT,1.7990625812720036,42
2017-07-03,USO,-0.45566307755319951,810
2017-07-03,UUP,-0.35142477729052329,568
2017-07-04,GLD,3.1567989566881338,23
2017-07-04,SPY,-0.87456122497480926,3825
2017-07-04,TLT,0.20716389432095589,42
2017-07-04,USO,-1.0071195296221864,809
2017-07-04,UUP,-0.89624310752132885,578
2017-07-05,GLD,3.7376150894847449,23
2017-07-05,SPY,-0.77948381923884247,3991
2017-07-05,TLT,-0.03293252918725683,69
2017-07-05,USO,-2.0021550913961756,821
2017-07-05,UUP,-1.3239490939281686,880
2017-07-06,GLD,3.7299114294755134,24
2017-07-06,SPY,-0.93697336878847837,4799
2017-07-06,TLT,-0.21164183611251117,68
2017-07-06,USO,-1.4795347224751745,960
2017-07-06,UUP,-1.2702813565717008,1150
2017-07-07,GLD,3.6931649496461088,31
2017-07-07,SPY,-1.2389797818001513,5071
2017-07-07,TLT,0.56015276337642939,82
2017-07-07,USO,-1.1303970927669629,927
2017-07-07,UUP,-1.2315254869728613,1639
2017-07-08,GLD,0.64571060517065193,6
2017-07-08,SPY,-0.64297406899013043,1676
2017-07-08,TLT,0.26830473959945661,9
2017-07-08,USO,-1.2756287135181348,469
2017-07-08,UUP,-0.920701720971493,471
2017-07-09,GLD,2.3346206343289295,5
2017-07-09,SPY,-0.7288905936829948,1229
2017-07-09,TLT,-1.9013801445408669,8
2017-07-09,USO,-0.43107492634396488,372
2017-07-09,UUP,-0.88201445448373028,211
2017-07-10,GLD,3.4708905073075282,40
2017-07-10,SPY,-0.34268276543966747,4628
2017-07-10,TLT,0.18055066007881609,64
2017-07-10,USO,-0.039371140401883171,946
2017-07-10,UUP,0.066151770332553636,1096
2017-07-11,GLD,4.4306176927716709,22
2017-07-11,SPY,-0.919487662276635,5697
2017-07-11,TLT,-0.12880327861470461,50
2017-07-11,USO,-0.77982086097455261,943
2017-07-11,UUP,-0.92037817965141022,1797
2017-07-12,GLD,3.6368440169247265,35
2017-07-12,SPY,-1.0978996720301293,5610
2017-07-12,TLT,0.96048759529057737,49
2017-07-12,USO,-1.6453186067536094,957
2017-07-12,UUP,-0.85828666314761137,2097
2017-07-13,GLD,4.2101178129022845,22
2017-07-13,SPY,-0.6262850287770334,5205
2017-07-13,TLT,0.60651338501601182,61
2017-07-13,USO,-0.58085401908688972,1046
2017-07-13,UUP,-0.62568894234883954,1791
2017-07-14,GLD,2.2823098888564406,40
2017-07-14,SPY,-0.76589842720937651,5468
2017-07-14,TLT,-0.43934702629350075,65
2017-07-14,USO,-0.237160085982673,921
2017-07-14,UUP,-0.44535478996206973,1640
2017-07-15,GLD,0.37539572504952057,4
2017-07-15,SPY,-0.77471117499396569,2310
2017-07-15,TLT,-0.77820517488828822,22
2017-07-15,USO,-0.52116627278001315,496
2017-07-15,UUP,-0.88440112361549217,444
2017-07-16,GLD,0.7783138661770207,9
2017-07-16,SPY,-0.899720965886461,1445
2017-07-16,TLT,-0.54610866523152335,6
2017-07-16,USO,0.34923637673146313,330
2017-07-16,UUP,-0.64481022655125553,177
2017-07-17,GLD,2.5610325914977552,24
2017-07-17,SPY,-0.84410815538316086,4945
2017-07-17,TLT,0.35068269175853267,41
2017-07-17,USO,-0.52892835529933291,815
2017-07-17,UUP,-1.0987069172678359,1196
2017-07-18,GLD,2.6532233103732512,29
2017-07-18,SPY,-0.68176151463044621,5372
2017-07-18,TLT,0.27239050822195932,46
2017-07-18,USO,-0.9293060336649166,814
2017-07-18,UUP,-1.364418609675951,1086
2017-07-19,GLD,1.4265804456017086,97
2017-07-19,SPY,-0.27331809076411134,5115
2017-07-19,TLT,0.86252214950531314,45
2017-07-19,USO,-0.70408727744313537,816
2017-07-19,UUP,-0.90237307944168632,565
2017-07-20,GLD,2.1143204825537327,19
2017-07-20,SPY,-0.408839769763146,5212
2017-07-20,TLT,1.2857500190134605,45
2017-07-20,USO,-0.99533414146735055,1132
2017-07-20,UUP,-0.94067310173107632,571
2017-07-21,GLD,2.1433464513216758,25
2017-07-21,SPY,-1.2768070042372612,5493
2017-07-21,TLT,-0.36282402730124685,48
2017-07-21,USO,-1.256342409610697,1298
2017-07-21,UUP,-0.61570089800610317,498
2017-07-22,GLD,0.71631026373630735,9
2017-07-22,SPY,-0.569800837607828,2653
2017-07-22,TLT,-1.3028874814447655,7
2017-07-22,USO,-0.78151803846742607,655
2017-07-22,UUP,-1.262922838024668,175
2017-07-23,GLD,-0.13493364553430581,5
2017-07-23,SPY,-0.88894317886686147,1694
2017-07-23,TLT,0.32479453182479812,8
2017-07-23,USO,-0.58253523993376366,674
2017-07-23,UUP,-1.0464652488319874,251
2017-07-24,GLD,2.9816460830920808,27
2017-07-24,SPY,-0.74998118515246193,5137
2017-07-24,TLT,0.53692709844617248,38
2017-07-24,USO,-0.78260081768723788,903
2017-07-24,UUP,-0.97967802591486675,1003
2017-07-25,GLD,3.763954984478771,28
2017-07-25,SPY,-0.39025161244308681,6709
2017-07-25,TLT,1.3231528806245587,65
2017-07-25,USO,-0.42955807958661241,946
2017-07-25,UUP,-0.24085190766880238,1157
2017-07-26,GLD,2.4157417314145206,24
2017-07-26,SPY,0.016709798822199952,6511
2017-07-26,TLT,1.0176658112703931,87
2017-07-26,USO,-0.13181741486795745,899
2017-07-26,UUP,-0.22729278797865327,1430
2017-07-27,GLD,3.2031860409593262,25
2017-07-27,SPY,-0.46865959653273254,7511
2017-07-27,TLT,0.75501982528016176,47
2017-07-27,USO,0.0591537368108129,1053
2017-07-27,UUP,-0.2782049883298468,1391
2017-07-28,GLD,5.355357793336351,21
2017-07-28,SPY,-0.83271989060823493,6622
2017-07-28,TLT,0.53873764011402359,72
2017-07-28,USO,-1.6230719268152562,921
2017-07-28,UUP,-0.53342750185385246,709
2017-07-29,GLD,1.1842095808626185,6
2017-07-29,SPY,-0.80019646000516031,2299
2017-07-29,TLT,0.38746486653258616,9
2017-07-29,USO,-1.1111798394648071,508
2017-07-29,UUP,-1.125968435216383,273
2017-07-30,GLD,-0.276811988875762,11
2017-07-30,SPY,-0.96333318186718564,1596
2017-07-30,TLT,-1.1357315784448372,8
2017-07-30,USO,0.0091931123907592824,299
2017-07-30,UUP,-0.79198744737549265,153
2017-07-31,GLD,4.5150055044627582,35
2017-07-31,SPY,-1.0798865531513884,6641
2017-07-31,TLT,0.52168020907818968,64
2017-07-31,USO,-0.89364721500442967,787
2017-07-31,UUP,-0.24013142031113507,558
2017-08-01,GLD,2.676583040856082,34
2017-08-01,SPY,-0.78594791375903661,7193
2017-08-01,TLT,0.96512578246757863,51
2017-08-01,USO,-0.638003732699612,954
2017-08-01,UUP,-0.71894739352650938,880
2017-08-02,GLD,3.5446391450165167,23
2017-08-02,SPY,-0.44808213754205678,9094
2017-08-02,TLT,0.32497735124385541,46
2017-08-02,USO,-1.0348263471390704,1081
2017-08-02,UUP,-0.647664668865441,842
2017-08-03,GLD,1.3060444719059479,42
2017-08-03,SPY,-0.50523378832902888,7966
2017-08-03,TLT,-0.23840857576089153,40
2017-08-03,USO,-1.0296795761642088,1076
2017-08-03,UUP,-0.26911485496377363,953
2017-08-04,GLD,2.9620625785919521,35
2017-08-04,SPY,-1.1015805216093877,8986
2017-08-04,TLT,-0.15840818641647583,70
2017-08-04,USO,-1.2872571749813875,1572
2017-08-04,UUP,-0.88159037269680407,1366
2017-08-05,GLD,-1.1854391425477118,6
2017-08-05,SPY,-0.79786585213367034,2558
2017-08-05,TLT,-0.025756554692777836,21
2017-08-05,USO,-0.26178179193231332,594
2017-08-05,UUP,-1.1878909617369378,414
2017-08-06,GLD,1.1958018469717719,11
2017-08-06,SPY,-0.45173978743021148,1704
2017-08-06,TLT,-0.80558130615165491,22
2017-08-06,USO,-0.70513577777238179,339
2017-08-06,UUP,-0.63540064526210993,164
2017-08-07,GLD,3.7891491258421031,31
2017-08-07,SPY,-0.62069765697482049,6724
2017-08-07,TLT,1.2286352086329817,46
2017-08-07,USO,-0.68354452873047555,1055
2017-08-07,UUP,-0.73045866301015117,946
2017-08-08,GLD,4.5757749673364021,17
2017-08-08,SPY,-1.0211303739848865,6533
2017-08-08,TLT,0.41742304032987965,42
2017-08-08,USO,-1.6396866488844029,1173
2017-08-08,UUP,-0.82371467124174935,719
2017-08-09,GLD,3.1835507759723054,59
2017-08-09,SPY,-1.5579990418906995,6445
2017-08-09,TLT,-0.75448074604665072,67
2017-08-09,USO,-1.2660713571237421,1269
2017-08-09,UUP,-1.1486996428865994,548
2017-08-10,GLD,3.119363063541797,31
2017-08-10,SPY,-1.7057230992370653,6067
2017-08-10,TLT,-0.1950161113672178,66
2017-08-10,USO,-1.3806886743631184,1183
2017-08-10,UUP,-1.4733919796422574,803
2017-08-11,GLD,2.2153380405924139,46
2017-08-11,SPY,-1.851985168828979,6352
2017-08-11,TLT,-2.2444811161238269,64
2017-08-11,USO,-1.2589893943185104,1120
2017-08-11,UUP,-1.3329881409044648,1240
2017-08-12,GLD,0.463951541803944,12
2017-08-12,SPY,-1.2586539219146764,2141
2017-08-12,TLT,-0.41065096756500319,15
2017-08-12,USO,-1.2180392941810374,478
2017-08-12,UUP,-0.88079677457165673,273
2017-08-13,GLD,-0.89206070999465847,9
2017-08-13,SPY,-1.643744968582812,1538
2017-08-13,TLT,-1.4156559702014215,8
2017-08-13,USO,-0.34609982221010921,307
2017-08-13,UUP,-1.2533620080205559,224
2017-08-14,GLD,1.5121003551952812,52
2017-08-14,SPY,-1.0163539436949571,5073
2017-08-14,TLT,-0.57827539940519768,53
2017-08-14,USO,-0.98762946000400931,782
2017-08-14,UUP,-3.0351254187658965,1240
2017-08-15,GLD,3.6341299057295577,34
2017-08-15,SPY,-1.3285769135610961,6292
2017-08-15,TLT,-1.1717509292479602,23
2017-08-15,USO,-1.06209933254611,821
2017-08-15,UUP,-2.1761301723403017,1076
2017-08-16,GLD,1.8989724014158322,25
2017-08-16,SPY,-0.78368364212167152,5705
2017-08-16,TLT,0.22802746367309754,42
2017-08-16,USO,-0.36735971697143877,1043
2017-08-16,UUP,-1.6231165017176754,1458
2017-08-17,GLD,2.5843693995467554,35
2017-08-17,SPY,-1.0697565697627645,5525
2017-08-17,TLT,0.19692336911968064,34
2017-08-17,USO,-1.2744854670673811,1371
2017-08-17,UUP,-1.71495810363622,1650
2017-08-18,GLD,3.1299600142970014,37
2017-08-18,SPY,-2.6479937910125284,5779
2017-08-18,TLT,-0.98550105980899783,58
2017-08-18,USO,-1.2228424762273755,1148
2017-08-18,UUP,-1.3548395073277468,816
2017-08-19,GLD,4.61072621190741,14
2017-08-19,SPY,-1.8155548634715983,1675
2017-08-19,TLT,-1.6865600777003162,12
2017-08-19,USO,-0.50398533429209047,480
2017-08-19,UUP,-1.4442509615148404,167
2017-08-20,GLD,3.10851186654531,14
2017-08-20,SPY,-1.1472520402633855,1205
2017-08-20,TLT,-2.5340489947862688,7
2017-08-20,USO,0.2274209028961369,462
2017-08-20,UUP,-0.93456515265736084,145
2017-08-21,GLD,4.9560964250472042,32
2017-08-21,SPY,-1.1493243878318697,4845
2017-08-21,TLT,0.26486909296823763,43
2017-08-21,USO,-0.48647616170448432,936
2017-08-21,UUP,-1.1205232483905909,902
2017-08-22,GLD,3.88666480266786,20
2017-08-22,SPY,-0.746468917424071,4867
2017-08-22,TLT,0.49265590151760497,50
2017-08-22,USO,-0.540454162333878,890
2017-08-22,UUP,-1.2767926058056953,868
2017-08-23,GLD,2.9258812765533881,44
2017-08-23,SPY,-1.2917068423108544,6751
2017-08-23,TLT,-0.152363820568801,64
2017-08-23,USO,-0.72891561169499242,924
2017-08-23,UUP,-1.4824368025874268,888
2017-08-24,GLD,0.089764981258648846,15
2017-08-24,SPY,-1.0856159232932123,3411
2017-08-24,TLT,0.072684218667256814,16
2017-08-24,USO,-0.7306798464387485,557
2017-08-24,UUP,-1.5306932262483328,1170
2017-08-25,GLD,1.9623275519508945,30
2017-08-25,SPY,-1.2142499135370688,4882
2017-08-25,TLT,0.58574974039469874,51
2017-08-25,USO,-0.820761947308235,795
2017-08-25,UUP,-1.6732512540777162,1770
2017-08-26,GLD,1.9389705221685134,6
2017-08-26,SPY,-1.6289122852000617,1961
2017-08-26,TLT,-1.1738429565856132,12
2017-08-26,USO,-0.62860964887365933,384
2017-08-26,UUP,-1.9553228187265204,777
2017-08-27,GLD,-0.566299055739228,3
2017-08-27,SPY,-1.1131975640683767,1433
2017-08-27,TLT,-0.54801503911232774,8
2017-08-27,USO,-1.4953529147421032,857
2017-08-27,UUP,-1.6859905621915912,353
2017-08-28,GLD,2.8778612128830008,18
2017-08-28,SPY,-1.1526205706502564,2836
2017-08-28,TLT,-0.611117381947667,10
2017-08-28,USO,-0.897811868365622,801
2017-08-28,UUP,-1.7620217298411238,629
2017-08-30,GLD,1.3631494777569546,11
2017-08-30,SPY,-0.85794081674528444,2277
2017-08-30,TLT,0.48081174449338132,26
2017-08-30,USO,-1.6063629743121104,502
2017-08-30,UUP,-2.0497494205961044,376
2017-08-31,GLD,0.96273411641190165,21
2017-08-31,SPY,-0.6287854757613508,4580
2017-08-31,TLT,0.55115652398748027,36
2017-08-31,USO,-0.73172608861676891,981
2017-08-31,UUP,-1.9629257847098749,808
2017-09-01,GLD,1.705200543813618,19
2017-09-01,SPY,-0.51905491438178064,4622
2017-09-01,TLT,0.51237378810017165,49
2017-09-01,USO,-2.0572997661209942,1095
2017-09-01,UUP,-1.18631860251375,1266
2017-09-02,GLD,-0.58363249713459231,4
2017-09-02,SPY,-0.7226892773029413,1730
2017-09-02,TLT,-1.1343409203596098,14
2017-09-02,USO,-0.49352240592215518,392
2017-09-02,UUP,-1.06163392312488,287
2017-09-03,GLD,2.1400407272252329,17
2017-09-03,SPY,-0.97785601567269853,1450
2017-09-03,TLT,0.78618217729870787,5
2017-09-03,USO,-0.19686516826011613,341
2017-09-03,UUP,-0.56277613836474438,235
2017-09-04,GLD,1.1131290875194417,46
2017-09-04,SPY,-0.86637478865589512,2995
2017-09-04,TLT,-0.42699704422155832,39
2017-09-04,USO,-0.37360485651628528,755
2017-09-04,UUP,-1.2179955331616446,673
2017-09-05,GLD,1.3822987235197615,47
2017-09-05,SPY,-0.95754060982481,4588
2017-09-05,TLT,-0.013832305173827338,33
2017-09-05,USO,-0.73388823262798664,778
2017-09-05,UUP,-1.4636140575819097,634
2017-09-06,GLD,2.0404608396849895,46
2017-09-06,SPY,-1.1751477004600732,5773
2017-09-06,TLT,0.61797373839437231,45
2017-09-06,USO,-0.71410330028560531,1015
2017-09-06,UUP,-1.3703212526472368,1182
2017-09-07,GLD,3.3071017207002438,47
2017-09-07,SPY,-0.66598570134874413,5680
2017-09-07,TLT,0.64753595443600653,55
2017-09-07,USO,-1.0101007078747131,1055
2017-09-07,UUP,-1.9172510493332933,1058
2017-09-08,GLD,3.4273266145819359,43
2017-09-08,SPY,-1.3038970279017394,6142
2017-09-08,TLT,0.76862541638384974,58
2017-09-08,USO,-0.4363279611103229,1009
2017-09-08,UUP,-1.7245410834531443,976
2017-09-09,GLD,1.7341632754526162,11
2017-09-09,SPY,-2.092427346816137,1968
2017-09-09,TLT,-0.33539646168772175,11
2017-09-09,USO,-0.81564938344999216,431
2017-09-09,UUP,-2.5324795180568582,266
2017-09-10,GLD,1.7175891915132531,14
2017-09-10,SPY,-1.1466316677695763,1359
2017-09-10,TLT,-1.1954791777201366,9
2017-09-10,USO,-0.15654559495378237,482
2017-09-10,UUP,-1.3654663871025376,146
2017-09-11,GLD,4.1121841428496984,32
2017-09-11,SPY,-0.92249738046467611,5085
2017-09-11,TLT,0.010185925036926904,62
2017-09-11,USO,-0.633824037897207,1248
2017-09-11,UUP,-1.4234652254224718,637
2017-09-12,GLD,2.8312118915112294,41
2017-09-12,SPY,-1.1163410479125633,6791
2017-09-12,TLT,0.07204452346196516,71
2017-09-12,USO,-0.67613775150391464,1309
2017-09-12,UUP,-1.3361872403821162,649
2017-09-13,GLD,2.7669148147827483,35
2017-09-13,SPY,-0.77510690073183441,6154
2017-09-13,TLT,0.44580646091688325,115
2017-09-13,USO,-0.23226820977778775,1353
2017-09-13,UUP,-1.0688307518006568,545
2017-09-14,GLD,3.3485157094145732,36
2017-09-14,SPY,-0.66336577347112125,5907
2017-09-14,TLT,-0.45108565911138621,66
2017-09-14,USO,-0.27605042683023073,1139
2017-09-14,UUP,-1.1479494730763538,1087
2017-09-15,GLD,2.89048234824692,54
2017-09-15,SPY,-0.99431644976645361,4752
2017-09-15,TLT,-0.79830827566155083,46
2017-09-15,USO,-0.071211896215836942,1129
2017-09-15,UUP,-1.4939524244762812,1032
2017-09-16,GLD,1.2245915524915469,13
2017-09-16,SPY,-1.1614890989392082,2137
2017-09-16,TLT,-0.30200582721901353,13
2017-09-16,USO,-0.854129400430051,679
2017-09-16,UUP,-1.5136831597101927,234
2017-09-17,GLD,-2.941318772221523,6
2017-09-17,SPY,0.11240003871394197,2905
2017-09-17,TLT,0.31780910806984436,2
2017-09-17,USO,0.080873401935380909,591
2017-09-17,UUP,-0.92617094210889506,217
2017-09-18,GLD,3.3996885240570687,35
2017-09-18,SPY,-0.51711729844015908,6457
2017-09-18,TLT,0.398353049743882,57
2017-09-18,USO,-0.0080498989293238173,882
2017-09-18,UUP,-0.55746952158063334,945
2017-09-19,GLD,1.9460377763015142,40
2017-09-19,SPY,-0.63229463394405427,6147
2017-09-19,TLT,0.60993964902540909,69
2017-09-19,USO,-0.39769139908585133,1000
2017-09-19,UUP,-0.70718535380820835,1436
2017-09-20,GLD,1.0498586710752886,35
2017-09-20,SPY,-0.62964041439854757,6389
2017-09-20,TLT,-0.65350182411342206,55
2017-09-20,USO,-0.29602738470699552,1361
2017-09-20,UUP,-1.2818134494442626,2553
2017-09-21,GLD,2.6619877778224645,38
2017-09-21,SPY,-0.81765621265722477,6234
2017-09-21,TLT,-0.58104727409278634,72
2017-09-21,USO,-0.52827043335515234,1260
2017-09-21,UUP,-1.0422714015505643,1973
2017-09-22,GLD,3.6031448310586316,29
2017-09-22,SPY,-1.4863794962839343,5570
2017-09-22,TLT,0.14863869874455365,45
2017-09-22,USO,-0.3693680473805071,1060
2017-09-22,UUP,-1.6538935081647435,900
2017-09-23,GLD,2.65405732009871,5
2017-09-23,SPY,-1.4897742557865044,2557
2017-09-23,TLT,-0.0947504684670509,22
2017-09-23,USO,-0.50754608504303611,416
2017-09-23,UUP,-1.1687269613833087,255
2017-09-24,GLD,-3.65491350807826,6
2017-09-24,SPY,-0.83475253279645667,1430
2017-09-24,TLT,-0.77396418743593354,6
2017-09-24,USO,-1.0716229217478872,428
2017-09-24,UUP,-0.87528580967162561,185
2017-09-25,GLD,3.5465935449822217,34
2017-09-25,SPY,-0.79312044773209467,5291
2017-09-25,TLT,0.57559793314661478,63
2017-09-25,USO,-0.69168565746435984,1202
2017-09-25,UUP,-1.4791071373777303,832
2017-09-26,GLD,3.3354625802536386,35
2017-09-26,SPY,-1.4175049211831074,5937
2017-09-26,TLT,-0.51804705756735381,55
2017-09-26,USO,-0.916144376254621,1177
2017-09-26,UUP,-1.5317286638187089,1221
2017-09-27,GLD,1.9861134336436548,25
2017-09-27,SPY,-0.94407280472175348,5684
2017-09-27,TLT,0.14747569642974262,52
2017-09-27,USO,-0.67864094282843168,774
2017-09-27,UUP,-1.2224472875555528,1184
2017-09-28,GLD,0.83208007559156549,46
2017-09-28,SPY,-0.51257769249355323,5718
2017-09-28,TLT,0.044222047426149706,65
2017-09-28,USO,-0.47383641037979851,845
2017-09-28,UUP,-1.1897151375675996,1029
2017-09-29,GLD,3.2910528713571456,29
2017-09-29,SPY,-0.49760541325096341,5216
2017-09-29,TLT,-0.052424723977211832,46
2017-09-29,USO,-0.62735917839070976,821
2017-09-29,UUP,-1.0473524623246826,896
2017-09-30,GLD,3.5408190435464633,6
2017-09-30,SPY,-0.84293844865926137,1933
2017-09-30,TLT,-0.70563958756921885,13
2017-09-30,USO,-0.56973392316048765,355
2017-09-30,UUP,-1.1477504792297637,370
2017-10-01,GLD,1.4353482325610412,8
2017-10-01,SPY,-1.418872060390199,1221
2017-10-01,TLT,-2.5036742928568536,5
2017-10-01,USO,-0.20649647559776835,285
2017-10-01,UUP,-1.6973832975421475,286
2017-10-02,GLD,3.3089672740154779,32
2017-10-02,SPY,-0.800748970785004,4795
2017-10-02,TLT,-0.71242886581215181,45
2017-10-02,USO,-0.72237729188427469,663
2017-10-02,UUP,-0.9466290677049074,864
2017-10-03,GLD,2.9340237143111962,31
2017-10-03,SPY,-0.40405408876611021,5095
2017-10-03,TLT,-0.342132855279502,48
2017-10-03,USO,-0.83605661231046569,1001
2017-10-03,UUP,-1.5733640498691992,770
2017-10-04,GLD,2.2155840266383411,35
2017-10-04,SPY,-0.81856887448812377,5299
2017-10-04,TLT,-0.42278616572903377,46
2017-10-04,USO,-0.90945806892842773,728
2017-10-04,UUP,-1.0995885679407342,1041
2017-10-05,GLD,3.127636571458249,32
2017-10-05,SPY,-0.85197809157103754,6196
2017-10-05,TLT,-0.98170245051238636,50
2017-10-05,USO,-1.0051763050976597,862
2017-10-05,UUP,-1.3218609124964884,987
2017-10-06,GLD,2.9690203108839883,33
2017-10-06,SPY,-1.1139958376469026,6407
2017-10-06,TLT,0.13632363338770206,45
2017-10-06,USO,-0.58539821642159773,950
2017-10-06,UUP,-2.0551920455221855,1279
2017-10-07,GLD,0.94231160464548336,5
2017-10-07,SPY,-0.64517932688139235,1901
2017-10-07,TLT,-0.92574952198050853,12
2017-10-07,USO,-0.47672441694599754,304
2017-10-07,UUP,-2.0826695837269407,286
2017-10-08,GLD,-0.54321751076535363,12
2017-10-08,SPY,-0.61712085737421152,1600
2017-10-08,TLT,0.62254443736267218,6
2017-10-08,USO,-0.27924671906267234,340
2017-10-08,UUP,-1.2167993366406975,206
2017-10-09,GLD,2.8041032052571184,34
2017-10-09,SPY,-0.67131752111549736,5559
2017-10-09,TLT,0.37095944824804183,50
2017-10-09,USO,-1.1857108659545041,894
2017-10-09,UUP,-0.53684739030785289,706
2017-10-10,GLD,2.6253026327926108,45
2017-10-10,SPY,-0.58212306391829194,5572
2017-10-10,TLT,-0.22570467343502987,50
2017-10-10,USO,-0.37438366550919472,825
2017-10-10,UUP,-0.81275375941825423,595
2017-10-11,GLD,2.7964392150121116,36
2017-10-11,SPY,-0.73532129635793775,6328
2017-10-11,TLT,0.281253441986418,53
2017-10-11,USO,-0.31106881478896908,941
2017-10-11,UUP,-0.98409885529214769,1336
2017-10-12,GLD,2.8531423259112638,38
2017-10-12,SPY,-0.49967206570479727,6389
2017-10-12,TLT,0.7947901577121802,72
2017-10-12,USO,-0.72731012010116247,881
2017-10-12,UUP,-0.70832052968803583,1103
2017-10-13,GLD,3.5121628473899937,43
2017-10-13,SPY,-0.6272557147520621,6212
2017-10-13,TLT,0.18987065222994085,49
2017-10-13,USO,-0.82324220589135466,906
2017-10-13,UUP,-1.0420137079275449,1095
2017-10-14,GLD,1.3070355886458067,6
2017-10-14,SPY,-0.82796965224724661,1925
2017-10-14,TLT,0.016535625621251354,12
2017-10-14,USO,-0.74800103254739736,404
2017-10-14,UUP,-0.98766327924757236,277
2017-10-15,GLD,0.39549376282562515,13
2017-10-15,SPY,-0.5768332751531674,1494
2017-10-15,TLT,0.27838667700138586,8
2017-10-15,USO,-0.40602299674930642,325
2017-10-15,UUP,-1.4461948013715962,365
2017-10-16,GLD,2.9778877040448388,23
2017-10-16,SPY,-0.25695167002076263,4652
2017-10-16,TLT,0.2306530301645133,57
2017-10-16,USO,-0.65996548291291079,835
2017-10-16,UUP,-0.53802932818479088,832
2017-10-17,GLD,2.6244471799234117,33
2017-10-17,SPY,-0.020169861184677444,7169
2017-10-17,TLT,0.010191915444412183,77
2017-10-17,USO,-0.71271781237156662,896
2017-10-17,UUP,-0.57708777330635563,1383
2017-10-18,GLD,4.0215803854469758,30
2017-10-18,SPY,-0.21291562873510708,6175
2017-10-18,TLT,0.79108847723896636,49
2017-10-18,USO,-0.29734127700290414,961
2017-10-18,UUP,-0.91661062284929273,937
2017-10-19,GLD,2.3401166266207056,45
2017-10-19,SPY,-0.65605306653966966,7563
2017-10-19,TLT,0.81420698591189467,72
2017-10-19,USO,-0.30686149309004035,977
2017-10-19,UUP,-0.76136248758322589,912
2017-10-20,GLD,3.2428095928636851,31
2017-10-20,SPY,-0.64054959345357343,7471
2017-10-20,TLT,0.41714484761799897,74
2017-10-20,USO,-0.20841623565637857,825
2017-10-20,UUP,-0.62641249704255064,792
2017-10-21,GLD,0.18379235914114755,11
2017-10-21,SPY,-0.93393339514324181,2069
2017-10-21,TLT,-1.2822565421038232,15
2017-10-21,USO,-0.83729754503304787,311
2017-10-21,UUP,-0.76848443789493615,392
2017-10-22,GLD,0.023207584436099937,2
2017-10-22,SPY,-1.0205747683009905,1862
2017-10-22,TLT,-0.806403662867817,13
2017-10-22,USO,0.4860365242175968,332
2017-10-22,UUP,-0.76932715279941621,243
2017-10-23,GLD,3.7266182372538292,37
2017-10-23,SPY,-0.43115468397903123,6654
2017-10-23,TLT,0.52994372677787249,70
2017-10-23,USO,-0.15207822353812686,818
2017-10-23,UUP,-0.78868052489070151,803
2017-10-24,GLD,3.4068960033782156,41
2017-10-24,SPY,-0.0051349899144259095,6818
2017-10-24,TLT,0.80146254127615757,46
2017-10-24,USO,-0.15049808271078238,797
2017-10-24,UUP,-0.41221186891617112,932
2017-10-25,GLD,3.4569860754082473,34
2017-10-25,SPY,-0.57004121874873614,7878
2017-10-25,TLT,0.2705984038450937,67
2017-10-25,USO,-1.3709297332709234,1030
2017-10-25,UUP,-0.60392938806008989,1245
2017-10-26,GLD,1.5657069719999177,79
2017-10-26,SPY,-0.094796067243892473,8161
2017-10-26,TLT,1.027311693525383,112
2017-10-26,USO,-0.616232731445576,926
2017-10-26,UUP,-1.0146669878613754,1181
2017-10-27,GLD,2.9271421361868595,35
2017-10-27,SPY,-0.0695283720054581,7787
2017-10-27,TLT,0.58150860604179277,69
2017-10-27,USO,-0.58100274794410867,1249
2017-10-27,UUP,-0.90272652827301525,1186
2017-10-28,GLD,1.6011098587951069,6
2017-10-28,SPY,-0.71817599869821425,2714
2017-10-28,TLT,-0.79659470889156037,18
2017-10-28,USO,0.17555743102825264,705
2017-10-28,UUP,-0.41865587260823167,460
2017-10-29,GLD,1.3522639452036898,6
2017-10-29,SPY,-0.97347810433301807,2109
2017-10-29,TLT,1.0388180777927005,7
2017-10-29,USO,-0.76481608343258245,438
2017-10-29,UUP,-1.0432631934916861,277
2017-10-30,GLD,2.3720718864313159,27
2017-10-30,SPY,-0.58863120593588081,6552
2017-10-30,TLT,0.67643439017574347,106
2017-10-30,USO,-0.473985432284746,1194
2017-10-30,UUP,-0.36041827937848347,1653
2017-10-31,GLD,2.8429942114563937,34
2017-10-31,SPY,-0.47637398109742263,7177
2017-10-31,TLT,0.26654813483889361,80
2017-10-31,USO,-0.45243875963319141,1159
2017-10-31,UUP,-0.87464681410295564,1595
2017-11-01,GLD,2.4341829455446344,34
2017-11-01,SPY,-0.53739541574749294,6814
2017-11-01,TLT,1.5686221879668758,64
2017-11-01,USO,-0.4568834500693329,1242
2017-11-01,UUP,-0.52155096494069753,1882
2017-11-02,GLD,1.6908163552516347,32
2017-11-02,SPY,-0.5474597181142602,8374
2017-11-02,TLT,0.29944854420823047,66
2017-11-02,USO,-0.41817945047970972,942
2017-11-02,UUP,-0.51375346205588845,3281
2017-11-03,GLD,2.0618962616458547,48
2017-11-03,SPY,-0.58337427372758643,7656
2017-11-03,TLT,0.031393843519887429,66
2017-11-03,USO,-0.094836999156712287,887
2017-11-03,UUP,-0.906413155242953,2771
2017-11-04,GLD,0.25643348027253909,7
2017-11-04,SPY,-1.3047812142737256,2556
2017-11-04,TLT,-0.88808494953539718,15
2017-11-04,USO,0.25668170351212827,452
2017-11-04,UUP,-1.2430103986684782,379
2017-11-05,GLD,0.096779852892463242,4
2017-11-05,SPY,-0.50180320208397133,2108
2017-11-05,TLT,0.019981259030972587,6
2017-11-05,USO,-0.5273872084755441,321
2017-11-05,UUP,-0.82064385807992346,327
2017-11-06,GLD,3.2372869080118951,28
2017-11-06,SPY,-0.22956335645038978,5753
2017-11-06,TLT,0.48710055971524652,57
2017-11-06,USO,-0.64966452006953057,1000
2017-11-06,UUP,-1.1200807701170243,1238
2017-11-07,GLD,3.3890143175270793,32
2017-11-07,SPY,-0.4897003238591392,6281
2017-11-07,TLT,0.20644435455383325,62
2017-11-07,USO,-1.1479660144720965,1653
2017-11-07,UUP,-0.88078769395989631,870
2017-11-08,GLD,3.08724834931666,26
2017-11-08,SPY,-0.720845340848136,6761
2017-11-08,TLT,0.51889351581009269,41
2017-11-08,USO,-0.66082176185879793,1119
2017-11-08,UUP,-1.3881592685089141,641
2017-11-09,GLD,2.2331142935332609,34
2017-11-09,SPY,-0.68473723770841222,6705
2017-11-09,TLT,0.081260239522770686,58
2017-11-09,USO,-1.8022019063679708,1297
2017-11-09,UUP,-0.92327777091131968,722
2017-11-10,GLD,2.5070097029466045,29
2017-11-10,SPY,-1.1707251320207963,6643
2017-11-10,TLT,-0.053276279333257258,65
2017-11-10,USO,-1.0662171859499532,1058
2017-11-10,UUP,-1.1771960515888102,332
2017-11-11,GLD,0.31475883062008347,10
2017-11-11,SPY,-1.6167918603445179,2802
2017-11-11,TLT,-0.48593443120593061,12
2017-11-11,USO,-0.54955959789930309,423
2017-11-11,UUP,-1.117201206717618,131
2017-11-12,GLD,-0.15242067254563907,10
2017-11-12,SPY,-2.2560726680639021,2094
2017-11-12,TLT,-0.2447648579384587,8
2017-11-12,USO,-0.38630715662480025,485
2017-11-12,UUP,-1.6033675803273597,140
2017-11-13,GLD,2.0379002453300368,33
2017-11-13,SPY,-0.94155556843687627,5868
2017-11-13,TLT,0.73266662125019111,130
2017-11-13,USO,-0.71427617670583154,999
2017-11-13,UUP,-1.5299156407774062,718
2017-11-14,GLD,1.2708459086004009,45
2017-11-14,SPY,-0.55716867165191752,7050
2017-11-14,TLT,0.096082551423306253,100
2017-11-14,USO,-0.96238948035205629,1019
2017-11-14,UUP,-1.1957187134747955,970
2017-11-15,GLD,2.9683849323337337,30
2017-11-15,SPY,-1.1335667632710495,7270
2017-11-15,TLT,0.0067306738087098694,71
2017-11-15,USO,-1.0598424331330825,954
2017-11-15,UUP,-0.91881631210266235,1433
2017-11-16,GLD,2.2369063683405028,36
2017-11-16,SPY,-0.79323951739379928,6474
2017-11-16,TLT,0.8834127155696414,73
2017-11-16,USO,-0.4697076136326831,871
2017-11-16,UUP,-1.4182987508197882,1170
2017-11-17,GLD,4.0938592077370721,25
2017-11-17,SPY,-0.84326130372029662,6835
2017-11-17,TLT,0.041493537027101068,51
2017-11-17,USO,-0.803539117583473,956
2017-11-17,UUP,-2.084720988651434,685
2017-11-18,GLD,0.78733312808508782,8
2017-11-18,SPY,-1.7635819158896764,2038
2017-11-18,TLT,-0.5972159248503689,12
2017-11-18,USO,-1.4017001543548051,498
2017-11-18,UUP,-1.6797154883872849,174
2017-11-19,GLD,2.7843572805717076,17
2017-11-19,SPY,-0.445882572160363,1386
2017-11-19,TLT,-1.6754420475864931,15
2017-11-19,USO,-0.1300187876312775,331
2017-11-19,UUP,-1.2665685578253816,163
2017-11-20,GLD,1.2194268014300784,32
2017-11-20,SPY,-0.48868113151080589,5746
2017-11-20,TLT,0.32326162070383363,62
2017-11-20,USO,-0.086297187253618943,802
2017-11-20,UUP,-0.40837292015179588,956
2017-11-21,GLD,3.0763525923337642,39
2017-11-21,SPY,-0.13906314335719394,6147
2017-11-21,TLT,0.52137423723230392,69
2017-11-21,USO,-0.30493005958860681,879
2017-11-21,UUP,-0.76001194242381465,1092
2017-11-22,GLD,3.1827148419596871,36
2017-11-22,SPY,-0.4825399476861319,6107
2017-11-22,TLT,1.1459899700407878,68
2017-11-22,USO,-0.31454073376251496,903
2017-11-22,UUP,-0.8265287563356265,1364
2017-11-23,GLD,2.650031594992079,21
2017-11-23,SPY,0.31046130532037419,4634
2017-11-23,TLT,-0.38111228051237012,56
2017-11-23,USO,-0.58546890174455513,1102
2017-11-23,UUP,-1.2188390865480263,661
2017-11-24,GLD,2.7781483968962397,35
2017-11-24,SPY,-0.0933001232076869,4139
2017-11-24,TLT,1.9630166699539398,62
2017-11-24,USO,-0.59950377160548807,1019
2017-11-24,UUP,-0.79251803556676259,372
2017-11-25,GLD,1.4108079489297825,8
2017-11-25,SPY,-0.602484594462892,1549
2017-11-25,TLT,-2.0947442734796291,9
2017-11-25,USO,-0.50582992480384492,321
2017-11-25,UUP,-1.6200086063789199,202
2017-11-26,GLD,1.801456343748421,6
2017-11-26,SPY,-0.88803648250102829,2215
2017-11-26,TLT,-0.22113292352270864,10
2017-11-26,USO,-0.059422871918819536,371
2017-11-26,UUP,-0.886831707520905,369
2017-11-27,GLD,3.2401170020957606,43
2017-11-27,SPY,-0.79997457089896029,5976
2017-11-27,TLT,0.92613018283438309,40
2017-11-27,USO,-0.60914862716901885,955
2017-11-27,UUP,-1.5695704860906841,1029
2017-11-28,GLD,3.9269512571879832,33
2017-11-28,SPY,-0.48796638694359284,6637
2017-11-28,TLT,1.0392243795857921,39
2017-11-28,USO,-0.41918110520471596,1284
2017-11-28,UUP,-1.0289268232159174,2101
2017-11-29,GLD,3.4578613585447449,39
2017-11-29,SPY,-0.3827338728774527,6219
2017-11-29,TLT,0.99560885788335407,69
2017-11-29,USO,-0.38841999283124645,1304
2017-11-29,UUP,-0.81193771272222781,1991
2017-11-30,GLD,2.6236217206236589,37
2017-11-30,SPY,-0.43754817843187815,6624
2017-11-30,TLT,0.11860447809156739,43
2017-11-30,USO,-0.84733369229216327,1816
2017-11-30,UUP,-1.2578698897240264,1585
2017-12-01,GLD,2.8041246481310216,27
2017-12-01,SPY,-1.0615281796384943,6787
2017-12-01,TLT,-0.054546243277006204,50
2017-12-01,USO,-1.7348408054944755,1408
2017-12-01,UUP,-0.96676853508148364,840
2017-12-02,GLD,2.028452675741006,11
2017-12-02,SPY,-1.6860750889992553,2725
2017-12-02,TLT,-1.3072493711331066,8
2017-12-02,USO,0.0069602415348121449,551
2017-12-02,UUP,-1.7865430936979638,304
2017-12-03,GLD,-1.7996547185695979,11
2017-12-03,SPY,-0.75934196342592974,1952
2017-12-03,TLT,-1.1989160002043973,4
2017-12-03,USO,-0.17535133121154486,305
2017-12-03,UUP,-1.6566155794325261,227
2017-12-04,GLD,2.6583216790495814,42
2017-12-04,SPY,-0.34382663934481267,6261
2017-12-04,TLT,0.94582434813936322,48
2017-12-04,USO,-0.354258092328335,738
2017-12-04,UUP,-1.4098289717083963,1041
2017-12-05,GLD,1.8044637343905572,36
2017-12-05,SPY,-0.5520862416609621,5933
2017-12-05,TLT,0.67655319355349308,38
2017-12-05,USO,-0.46114701672918584,855
2017-12-05,UUP,-0.83084525531791042,863
2017-12-06,GLD,2.159537552054835,30
2017-12-06,SPY,-0.97185808296655918,5282
2017-12-06,TLT,0.75863009630555256,47
2017-12-06,USO,-0.33684973874620472,1029
2017-12-06,UUP,-0.96969934736323538,836
2017-12-07,GLD,1.1383852229715845,32
2017-12-07,SPY,-0.61291558618125308,5612
2017-12-07,TLT,-0.32109275063464,63
2017-12-07,USO,-0.46778468972170761,1090
2017-12-07,UUP,-0.63323435990934351,1204
2017-12-08,GLD,2.8324869091178062,37
2017-12-08,SPY,-0.41900639569973408,6137
2017-12-08,TLT,1.6824280040226007,49
2017-12-08,USO,-0.7674761493625869,937
2017-12-08,UUP,-0.563177577492622,1294
2017-12-09,GLD,2.2108012023858743,9
2017-12-09,SPY,-0.71366987834188533,2062
2017-12-09,TLT,1.6554046766491668,12
2017-12-09,USO,-0.91333725532530785,323
2017-12-09,UUP,-0.42267884623443497,451
2017-12-10,GLD,0.7424681876126028,6
2017-12-10,SPY,-0.81276008708642211,1725
2017-12-10,TLT,-1.1304784418694067,23
2017-12-10,USO,-0.34708313642775668,384
2017-12-10,UUP,-2.0112885462919929,375
2017-12-11,GLD,1.1933289444837758,26
2017-12-11,SPY,-0.52621289693567308,5457
2017-12-11,TLT,-0.23081520391343049,47
2017-12-11,USO,-0.69347473723641717,715
2017-12-11,UUP,-1.0210568830809659,1254
2017-12-12,GLD,1.3676057273037818,37
2017-12-12,SPY,-0.39705180962345243,5569
2017-12-12,TLT,-0.28144414027754577,69
2017-12-12,USO,-1.095396208949841,1088
2017-12-12,UUP,-1.0577649706132317,1719
2017-12-13,GLD,2.935784906720416,23
2017-12-13,SPY,-0.59014756497445875,5849
2017-12-13,TLT,0.33126759657710847,80
2017-12-13,USO,-1.4812386678321257,1100
2017-12-13,UUP,-1.045271371561741,2966
2017-12-14,GLD,2.0651323963511796,39
2017-12-14,SPY,-0.2815136308274534,6875
2017-12-14,TLT,-0.18431181723888113,65
2017-12-14,USO,-0.681395385000955,836
2017-12-14,UUP,-0.69410902236399286,2685
2017-12-15,GLD,2.9520749968144857,29
2017-12-15,SPY,-0.769259378746865,5759
2017-12-15,TLT,0.5200399680294201,78
2017-12-15,USO,-0.93497343948513345,869
2017-12-15,UUP,-1.0462134115918644,1104
2017-12-16,GLD,0.70724331203108748,8
2017-12-16,SPY,-1.0525889732862437,2227
2017-12-16,TLT,-0.24095845415610098,20
2017-12-16,USO,-0.93250846453523861,383
2017-12-16,UUP,-1.2219588436318107,235
2017-12-17,GLD,0.85134636828487165,8
2017-12-17,SPY,-0.32441068896418046,1446
2017-12-17,TLT,-0.67726461705810315,7
2017-12-17,USO,-1.7888790604509628,439
2017-12-17,UUP,-1.5458155104470939,318
2017-12-18,GLD,2.5315139501364228,30
2017-12-18,SPY,-0.21327114312845946,4994
2017-12-18,TLT,0.85144054511743983,58
2017-12-18,USO,-0.5701265529644487,638
2017-12-18,UUP,-1.1208634993841644,544
2017-12-19,GLD,1.3918542812260082,35
2017-12-19,SPY,-1.5767883918242138,7195
2017-12-19,TLT,-0.20074409164969717,43
2017-12-19,USO,-0.098118626989220054,837
2017-12-19,UUP,-1.2253044874420973,701
2017-12-20,GLD,1.8077719009714597,36
2017-12-20,SPY,-0.90081425273231708,5658
2017-12-20,TLT,0.41226445189984784,51
2017-12-20,USO,-1.5931902249318606,968
2017-12-20,UUP,-1.8291311963731245,564
2017-12-21,GLD,1.2462844247348746,32
2017-12-21,SPY,-1.1844389983728345,6442
2017-12-21,TLT,0.749755367822529,39
2017-12-21,USO,-1.1075889698581931,845
2017-12-21,UUP,-1.7162066146467647,974
2017-12-22,GLD,1.383323591143629,32
2017-12-22,SPY,-0.67012130509482914,5801
2017-12-22,TLT,0.59808032947230116,52
2017-12-22,USO,-0.56898683302578168,607
2017-12-22,UUP,-0.57932882591318113,746
2017-12-23,GLD,1.6061505494630148,10
2017-12-23,SPY,-0.45246666653152884,2163
2017-12-23,TLT,-1.7384259750061972,14
2017-12-23,USO,-0.437556526044148,309
2017-12-23,UUP,-1.3407507804278807,275
2017-12-24,GLD,-0.78949398069312193,7
2017-12-24,SPY,-0.938295457033049,1773
2017-12-24,TLT,-0.89014783470992964,6
2017-12-24,USO,0.20968096212813706,258
2017-12-24,UUP,-1.4359250371928216,134
2017-12-25,GLD,5.2221783242300264,13
2017-12-25,SPY,-0.52319343005560759,1920
2017-12-25,TLT,1.0614485472228434,3
2017-12-25,USO,0.0034040946007055251,319
2017-12-25,UUP,-1.4254883993758987,106
2017-12-26,GLD,2.7221603311817466,27
2017-12-26,SPY,-0.85740985752712406,3787
2017-12-26,TLT,-0.59287632851549021,22
2017-12-26,USO,-0.44361085239939657,624
2017-12-26,UUP,-0.75067005345585636,274
2017-12-27,GLD,2.3867871976675232,28
2017-12-27,SPY,-0.48480648135948862,5232
2017-12-27,TLT,-0.2321705271763066,48
2017-12-27,USO,-0.57463394022638,928
2017-12-27,UUP,-0.53912526393370075,394
2017-12-28,GLD,1.2327997705847491,38
2017-12-28,SPY,-0.60607663828682046,5612
2017-12-28,TLT,0.40798050248517609,64
2017-12-28,USO,-0.46016440740949238,813
2017-12-28,UUP,-0.91529344923806255,581
2017-12-29,GLD,2.0352293905546803,40
2017-12-29,SPY,-0.41778185639888726,5724
2017-12-29,TLT,0.59002951021913608,47
2017-12-29,USO,-0.9101753478862894,749
2017-12-29,UUP,-0.48316058973762921,486
2017-12-30,GLD,-0.47043418502854589,16
2017-12-30,SPY,-0.61862860881613935,2006
2017-12-30,TLT,0.28242498421879236,16
2017-12-30,USO,-0.90810995997156374,358
2017-12-30,UUP,-0.98777748085528327,183
2017-12-31,GLD,-0.035799175147436219,11
2017-12-31,SPY,-0.60507978613931268,1548
2017-12-31,TLT,-0.32547727392419618,10
2017-12-31,USO,-1.5021906160961924,330
2017-12-31,UUP,-1.2160837328600247,147
2018-01-01,GLD,2.4312707503595448,12
2018-01-01,SPY,-0.26373777768587853,1698
2018-01-01,TLT,-0.60907249034676458,16
2018-01-01,USO,-1.2542525596293521,443
2018-01-01,UUP,0.16065884633543898,258
2018-01-02,GLD,2.6330427416066846,39
2018-01-02,SPY,-0.10047069370238704,4551
2018-01-02,TLT,0.737402026688281,58
2018-01-02,USO,-0.68381238364577412,891
2018-01-02,UUP,-0.79364454402288953,1000
2018-01-03,GLD,3.2232305071423437,40
2018-01-03,SPY,-0.26194719426591978,6001
2018-01-03,TLT,0.63116190615482359,75
2018-01-03,USO,-0.55478495788241589,959
2018-01-03,UUP,-0.362945087804574,1071
2018-01-04,GLD,2.7925200189925885,49
2018-01-04,SPY,-0.30829350038512487,7084
2018-01-04,TLT,1.1995329875224725,69
2018-01-04,USO,-0.54015089511444569,1233
2018-01-04,UUP,-0.24240978356859308,1057
2018-01-05,GLD,1.6389533244930536,38
2018-01-05,SPY,-0.63798729054636283,7704
2018-01-05,TLT,1.0002983328372441,62
2018-01-05,USO,-0.34230719117239083,849
2018-01-05,UUP,-0.724830496611853,1309
2018-01-06,GLD,0.53658788278201386,18
2018-01-06,SPY,-0.60031499432581559,3726
2018-01-06,TLT,-1.1003359007268905,24
2018-01-06,USO,-1.407169311222493,584
2018-01-06,UUP,-1.1782247500933993,544
2018-01-07,GLD,0.49237849950294738,13
2018-01-07,SPY,-0.65147680439925237,1498
2018-01-07,TLT,0.0061535978356471732,11
2018-01-07,USO,-1.438127560610277,453
2018-01-07,UUP,-1.0554379165110648,228
2018-01-08,GLD,2.9420005008353152,52
2018-01-08,SPY,-0.1850187929629544,5838
2018-01-08,TLT,0.77935334556516822,70
2018-01-08,USO,-0.49168690521998187,860
2018-01-08,UUP,-0.15874516887458412,773
2018-01-09,GLD,1.2753363247121632,36
2018-01-09,SPY,-0.34373670850189347,6846
2018-01-09,TLT,0.87519233888962977,70
2018-01-09,USO,-0.61615073956500277,975
2018-01-09,UUP,-0.21810539247879912,787
2018-01-10,GLD,2.0126855919647579,48
2018-01-10,SPY,-0.51664792650887559,6033
2018-01-10,TLT,0.336139233884159,133
2018-01-10,USO,-0.70660754161844019,1282
2018-01-10,UUP,-0.58245727846732365,748
2018-01-11,GLD,2.0426714749531283,49
2018-01-11,SPY,-0.4491602765709809,6120
2018-01-11,TLT,1.1594400152879658,138
2018-01-11,USO,-0.69540796013496919,1382
2018-01-11,UUP,-1.1939729712115958,586
2018-01-12,GLD,2.5837331301547182,42
2018-01-12,SPY,-0.43725174991878479,6844
2018-01-12,TLT,0.94070916095837109,71
2018-01-12,USO,-0.3301449997489837,996
2018-01-12,UUP,-0.79075302907258638,932
2018-01-13,GLD,0.23434306567496654,12
2018-01-13,SPY,-1.528497856252097,3973
2018-01-13,TLT,-1.66143693777204,17
2018-01-13,USO,-0.099660241103300518,413
2018-01-13,UUP,-1.0261714616488138,336
2018-01-14,GLD,0.514917713931476,11
2018-01-14,SPY,-0.90092093891018388,2697
2018-01-14,TLT,-1.8060701515851614,18
2018-01-14,USO,0.1665348045319073,582
2018-01-14,UUP,-0.91033352153919822,155
2018-01-15,GLD,1.7303209648707465,60
2018-01-15,SPY,-0.98981878888897412,4534
2018-01-15,TLT,0.22110984058559655,38
2018-01-15,USO,0.085126110861217213,1118
2018-01-15,UUP,-0.74711362185521935,349
2018-01-16,GLD,2.2400223110143815,23
2018-01-16,SPY,-0.49016026954682729,6491
2018-01-16,TLT,0.26425312208985779,43
2018-01-16,USO,-0.50891120283831615,1073
2018-01-16,UUP,-0.61350458404102859,422
2018-01-17,GLD,1.0804697867693829,44
2018-01-17,SPY,-0.72699262811106646,6558
2018-01-17,TLT,0.010507675686537623,62
2018-01-17,USO,-0.37260915467773015,836
2018-01-17,UUP,-0.86277738769235823,1133
2018-01-18,GLD,1.6053317887337,52
2018-01-18,SPY,-0.58620433485027179,5693
2018-01-18,TLT,0.21015975027565451,68
2018-01-18,USO,-0.658981028710362,755
2018-01-18,UUP,-0.61722092950619034,1002
2018-01-19,GLD,0.53986590242424282,49
2018-01-19,SPY,-0.76001193737596306,6617
2018-01-19,TLT,0.081247699513236155,73
2018-01-19,USO,-0.61814038049287967,913
2018-01-19,UUP,-0.95177631513993211,790
2018-01-20,GLD,1.411926205200857,10
2018-01-20,SPY,-0.50235102148150412,2752
2018-01-20,TLT,-1.5373804288675894,19
2018-01-20,USO,-0.76735911979734539,435
2018-01-20,UUP,-1.2557627069410431,254
2018-01-21,GLD,-1.3602259181569407,8
2018-01-21,SPY,-0.47673045575254408,1807
2018-01-21,TLT,-0.74336416679727646,10
2018-01-21,USO,-0.47467242161069095,546
2018-01-21,UUP,-0.992048450058232,154
2018-01-22,GLD,0.62854334871656936,49
2018-01-22,SPY,-0.36709006274154449,5545
2018-01-22,TLT,0.82359570724090636,41
2018-01-22,USO,-0.03234711850630291,715
2018-01-22,UUP,-0.609246235712244,412
2018-01-23,GLD,1.0659695431360579,46
2018-01-23,SPY,-0.27579894109538705,7622
2018-01-23,TLT,0.14823910902175649,78
2018-01-23,USO,-0.40300437243151271,790
2018-01-23,UUP,-0.68102785383274667,556
2018-01-24,GLD,0.60915343919333187,54
2018-01-24,SPY,-0.54718774967561812,6015
2018-01-24,TLT,0.27461294005254078,45
2018-01-24,USO,-1.0588094382205027,1082
2018-01-24,UUP,-0.3869361437631762,905
2018-01-25,GLD,3.0117831615314694,29
2018-01-25,SPY,-0.30947048699427859,5969
2018-01-25,TLT,0.67810568652248326,68
2018-01-25,USO,-0.63814510377333911,1143
2018-01-25,UUP,-0.71611775827517143,616
2018-01-26,GLD,2.9343263655739587,33
2018-01-26,SPY,-0.58090947601431575,6950
2018-01-26,TLT,0.7963954560100418,58
2018-01-26,USO,-0.563033563190798,801
2018-01-26,UUP,-1.3606451892219051,714
2018-01-27,GLD,1.7767256074203379,9
2018-01-27,SPY,-2.5228885729497668,4180
2018-01-27,TLT,0.37580755906909336,19
2018-01-27,USO,-0.11461654876663065,470
2018-01-27,UUP,-1.1302783792058195,213
2018-01-28,GLD,0.42035464664392519,7
2018-01-28,SPY,-1.7447764878886036,3140
2018-01-28,TLT,-0.084633127662218338,15
2018-01-28,USO,-0.070993149960839913,386
2018-01-28,UUP,-0.67759945186621884,143
2018-01-29,GLD,3.8239127350307411,25
2018-01-29,SPY,-0.67256879735018626,5392
2018-01-29,TLT,-0.061149903936333218,87
2018-01-29,USO,0.47102400177109177,1017
2018-01-29,UUP,-0.14903612278729483,1007
2018-01-30,GLD,2.7221677090808356,33
2018-01-30,SPY,-0.65979891664003754,9280
2018-01-30,TLT,0.26663047365694065,112
2018-01-30,USO,-0.13468473197514791,918
2018-01-30,UUP,-1.2082699796239009,1253
2018-01-31,GLD,1.3843160412004911,27
2018-01-31,SPY,-0.88332503417858366,10340
2018-01-31,TLT,-0.24979517214610347,63
2018-01-31,USO,-0.37966482577093846,918
2018-01-31,UUP,-0.70009482592382377,1726
2018-02-01,GLD,2.7937722795745072,43
2018-02-01,SPY,-0.31956055103791076,7336
2018-02-01,TLT,1.1082643337773743,95
2018-02-01,USO,-0.15891208752288097,1003
2018-02-01,UUP,-0.95526013877136717,1645
2018-02-02,GLD,3.4688460134009289,30
2018-02-02,SPY,-0.57732947763982934,7346
2018-02-02,TLT,-0.38520510179923817,89
2018-02-02,USO,-0.42573356805777562,964
2018-02-02,UUP,-0.58028456069778955,2104
2018-02-03,GLD,-0.00085751338055087278,10
2018-02-03,SPY,-1.062625941425114,3382
2018-02-03,TLT,-1.7177820634334959,46
2018-02-03,USO,-0.21486335020240133,443
2018-02-03,UUP,-1.4422031909216426,1425
2018-02-04,GLD,2.8964237516869069,3
2018-02-04,SPY,-0.81971898767553386,2302
2018-02-04,TLT,-0.24722652345557039,30
2018-02-04,USO,0.21918639427048922,370
2018-02-04,UUP,-1.7808092518441212,808
2018-02-05,GLD,2.671824843706113,32
2018-02-05,SPY,-1.5840213031341086,8783
2018-02-05,TLT,-0.95901557667329573,108
2018-02-05,USO,-0.94697622409424087,823
2018-02-05,UUP,-2.8148272600722848,3419
2018-02-06,GLD,1.1239287937982927,57
2018-02-06,SPY,-1.9814012741132427,18683
2018-02-06,TLT,-1.1637412474096027,155
2018-02-06,USO,-0.580066805921846,976
2018-02-06,UUP,-2.4465002953519868,3998
2018-02-07,GLD,1.720321611992448,43
2018-02-07,SPY,-1.2749879939357904,12256
2018-02-07,TLT,0.0429347705872934,93
2018-02-07,USO,-0.68598483493692952,1010
2018-02-07,UUP,-1.7413531483740352,1902
2018-02-08,GLD,3.4882549553397819,41
2018-02-08,SPY,-1.1521475533297438,9555
2018-02-08,TLT,-0.10763608669794072,102
2018-02-08,USO,-0.78702575553795728,935
2018-02-08,UUP,-1.7258922759165305,1661
2018-02-09,GLD,1.6215243299649253,36
2018-02-09,SPY,-1.7640008199347685,12035
2018-02-09,TLT,-1.1216054832014393,131
2018-02-09,USO,-1.1608472665539351,1379
2018-02-09,UUP,-2.8910102494909062,2538
2018-02-10,GLD,0.46298680445804752,41
2018-02-10,SPY,-1.8066439189549086,4492
2018-02-10,TLT,-1.147360033032939,44
2018-02-10,USO,-1.5328060844212712,703
2018-02-10,UUP,-2.8089573231352292,788
2018-02-11,GLD,-1.0357259579081719,32
2018-02-11,SPY,-1.4541592879007121,3271
2018-02-11,TLT,-1.4857042218819172,25
2018-02-11,USO,-0.95343172267878362,364
2018-02-11,UUP,-1.6010545016088427,324
2018-02-12,GLD,1.3427949720208063,30
2018-02-12,SPY,-0.887538334718592,7440
2018-02-12,TLT,0.73755564670066287,52
2018-02-12,USO,-0.382373439486792,754
2018-02-12,UUP,-1.8830443040828975,828
2018-02-13,GLD,1.8358117119119728,30
2018-02-13,SPY,-0.77517566148543182,6951
2018-02-13,TLT,0.68419503128736958,100
2018-02-13,USO,-0.60423866516925862,756
2018-02-13,UUP,-1.0440940654385895,889
2018-02-14,GLD,3.3345500688695395,29
2018-02-14,SPY,-1.1681438840998157,7712
2018-02-14,TLT,-0.15912151911780034,85
2018-02-14,USO,-1.0997961918510117,956
2018-02-14,UUP,-1.3116903954590784,1915
2018-02-15,GLD,1.9080505115666115,41
2018-02-15,SPY,-0.58614130583798918,6408
2018-02-15,TLT,0.69149569195854654,88
2018-02-15,USO,-0.89182309852717945,877
2018-02-15,UUP,-1.0647276038351385,1594
2018-02-16,GLD,0.19690855209571675,60
2018-02-16,SPY,-0.56756880043444546,6093
2018-02-16,TLT,0.93693158867851978,58
2018-02-16,USO,-1.0252364323510712,755
2018-02-16,UUP,-1.2752499248030877,765
2018-02-17,GLD,-0.35897993081385349,18
2018-02-17,SPY,-1.1125564897161966,2477
2018-02-17,TLT,-0.72220170148045659,20
2018-02-17,USO,-2.1416154313841598,569
2018-02-17,UUP,-1.2698426835052781,285
2018-02-18,GLD,-0.39774891279749108,4
2018-02-18,SPY,-0.64099606535459019,1344
2018-02-18,TLT,-1.6144929641034322,17
2018-02-18,USO,-0.596362785500192,328
2018-02-18,UUP,-1.7850816340443052,267
2018-02-19,GLD,2.9764548966925291,18
2018-02-19,SPY,-0.29545841484772689,3338
2018-02-19,TLT,-0.2729772740908743,56
2018-02-19,USO,-0.091339531500781113,602
2018-02-19,UUP,-1.3301140089703376,440
2018-02-20,GLD,2.7549738313729759,31
2018-02-20,SPY,-0.42275688181804372,5850
2018-02-20,TLT,0.30906852005122559,68
2018-02-20,USO,-1.5929952406182994,1151
2018-02-20,UUP,-0.92580662732715091,824
2018-02-21,GLD,0.77417790523715968,37
2018-02-21,SPY,-0.39449909116896587,5180
2018-02-21,TLT,-1.2908099655866812,85
2018-02-21,USO,-0.74039060813710089,1084
2018-02-21,UUP,-0.854152920872086,1413
2018-02-22,GLD,3.8405086370262267,26
2018-02-22,SPY,-0.42237872786496111,6568
2018-02-22,TLT,-0.053073845928647674,114
2018-02-22,USO,-1.3489265000238884,1127
2018-02-22,UUP,-0.89028267095856639,1926
2018-02-23,GLD,3.4208469454189885,34
2018-02-23,SPY,-0.51311363810712562,5602
2018-02-23,TLT,1.129020511287848,123
2018-02-23,USO,-0.56060972538054477,882
2018-02-23,UUP,-0.69811145279796138,1158
2018-02-24,GLD,0.22934837129267613,21
2018-02-24,SPY,-1.138196516363156,3513
2018-02-24,TLT,-0.042715158750437326,28
2018-02-24,USO,-0.7068703304270999,564
2018-02-24,UUP,-3.0086239127901262,609
2018-02-25,GLD,1.0544885889412392,6
2018-02-25,SPY,-1.3358485285140302,1866
2018-02-25,TLT,-0.32766635162648733,11
2018-02-25,USO,-0.36482409348086658,375
2018-02-25,UUP,-0.72239633897816335,221
2018-02-26,GLD,1.6197358605372671,27
2018-02-26,SPY,-0.029553318269239754,5321
2018-02-26,TLT,0.94809760336115845,116
2018-02-26,USO,-0.47405238863095173,793
2018-02-26,UUP,-0.40098844123519173,1290
2018-02-27,GLD,2.5188067038614932,23
2018-02-27,SPY,-0.22136324381162284,5295
2018-02-27,TLT,0.54621385272473144,75
2018-02-27,USO,-0.22833153114263161,861
2018-02-27,UUP,-0.59819573830285544,2129
2018-02-28,GLD,2.217876265577063,31
2018-02-28,SPY,-0.60132063023816018,6608
2018-02-28,TLT,-0.76496939269882891,96
2018-02-28,USO,-0.78305048658194354,917
2018-02-28,UUP,-1.0634004374258732,1759
2018-03-01,GLD,1.9670228086746517,40
2018-03-01,SPY,-1.0590001798354847,8642
2018-03-01,TLT,-0.5267520849630698,107
2018-03-01,USO,-0.95961486718093658,895
2018-03-01,UUP,-1.7526721605973603,2244
2018-03-02,GLD,2.006050780981957,25
2018-03-02,SPY,-1.7225947516465698,9214
2018-03-02,TLT,-0.49268015649605135,76
2018-03-02,USO,-1.2887622873334446,925
2018-03-02,UUP,-1.9286726658695648,1362
2018-03-03,GLD,1.5263347626210488,7
2018-03-03,SPY,-1.5048598133496407,2801
2018-03-03,TLT,-0.11720627029737737,18
2018-03-03,USO,-1.1885095150827845,345
2018-03-03,UUP,-1.8114324156255281,326
2018-03-04,GLD,-0.20570933598943236,8
2018-03-04,SPY,-1.1486600975143879,1660
2018-03-04,TLT,-0.60555224104983474,15
2018-03-04,USO,-0.43311096867972004,296
2018-03-04,UUP,-1.1369629508910803,168
2018-03-05,GLD,3.9302798404093315,40
2018-03-05,SPY,-0.84644854027376515,6117
2018-03-05,TLT,-0.51025584268709057,193
2018-03-05,USO,-1.2289451450567992,935
2018-03-05,UUP,-1.5615459062184009,726
2018-03-06,GLD,1.6389244896042061,43
2018-03-06,SPY,-0.53691041974078246,6666
2018-03-06,TLT,0.77986058150386284,107
2018-03-06,USO,-1.203308604047181,1145
2018-03-06,UUP,-1.2701741810477671,771
2018-03-07,GLD,2.3704481512859634,35
2018-03-07,SPY,-1.1940023106717079,8399
2018-03-07,TLT,-0.012599761049170308,71
2018-03-07,USO,-0.71393691851329988,1353
2018-03-07,UUP,-1.5651986993404094,928
2018-03-08,GLD,1.7486123894242087,23
2018-03-08,SPY,-0.62127534254568162,6126
2018-03-08,TLT,0.24426031396751216,53
2018-03-08,USO,-0.037988899195919343,640
2018-03-08,UUP,-1.0975314112937868,762
2018-03-09,GLD,1.5363080107472709,49
2018-03-09,SPY,-0.6800611271995215,7081
2018-03-09,TLT,0.82015542500615635,53
2018-03-09,USO,-0.61320171656626532,671
2018-03-09,UUP,-1.157752561236242,1548
2018-03-10,GLD,0.8335343976222267,13
2018-03-10,SPY,-0.89562128058819146,2824
2018-03-10,TLT,-0.12724281073381347,25
2018-03-10,USO,-0.50074930337912038,345
2018-03-10,UUP,-1.2702037404689837,321
2018-03-11,GLD,0.69839027936847731,14
2018-03-11,SPY,-0.73662660531033375,2274
2018-03-11,TLT,-0.45228283390145985,13
2018-03-11,USO,-0.27045652599717351,267
2018-03-11,UUP,-0.69701499740939321,185
2018-03-12,GLD,2.191142306189036,34
2018-03-12,SPY,-0.30280337674035912,5733
2018-03-12,TLT,0.88182640803781265,58
2018-03-12,USO,-0.52844541999430217,718
2018-03-12,UUP,-0.95934372781363808,845
2018-03-13,GLD,1.1772815688356637,29
2018-03-13,SPY,-0.89591635736592767,5731
2018-03-13,TLT,0.32225645009195658,76
2018-03-13,USO,-0.25031102161208707,830
2018-03-13,UUP,-1.3930846650447184,986
2018-03-14,GLD,1.8185920350581131,33
2018-03-14,SPY,-1.09953168618688,6984
2018-03-14,TLT,-0.593893961880716,65
2018-03-14,USO,-0.38424589939790715,930
2018-03-14,UUP,-1.44861666894265,1376
2018-03-15,GLD,1.3185008974794643,37
2018-03-15,SPY,-1.0486522892459085,7953
2018-03-15,TLT,-0.78651419614389684,46
2018-03-15,USO,-0.47171170083560804,785
2018-03-15,UUP,-1.3784368386367616,1160
2018-03-16,GLD,1.5231966162697301,38
2018-03-16,SPY,-1.0888176309484421,6549
2018-03-16,TLT,0.38093813874291849,64
2018-03-16,USO,-0.88939521820165346,803
2018-03-16,UUP,-1.7256275323317931,1210
2018-03-17,GLD,0.69390369953500319,11
2018-03-17,SPY,-1.9750946511579623,3910
2018-03-17,TLT,-0.068490491612367657,10
2018-03-17,USO,-0.021837392639993129,413
2018-03-17,UUP,-1.4784662762358107,202
2018-03-18,GLD,0.17493941416659828,22
2018-03-18,SPY,-1.3332664217072714,2253
2018-03-18,TLT,-0.608967027664498,5
2018-03-18,USO,1.1771807640941896,274
2018-03-18,UUP,-1.1515281632429906,193
2018-03-19,GLD,1.6127321925770166,35
2018-03-19,SPY,-1.0331468598634861,6475
2018-03-19,TLT,-0.57635254645628919,78
2018-03-19,USO,-0.19944792073068346,899
2018-03-19,UUP,-1.4684794792092686,1254
2018-03-20,GLD,1.002160222331935,45
2018-03-20,SPY,-1.2161704995294056,6466
2018-03-20,TLT,-0.22710259121233695,101
2018-03-20,USO,-0.54617231623100715,814
2018-03-20,UUP,-1.5146016717329023,1476
2018-03-21,GLD,1.9088610758139375,42
2018-03-21,SPY,-0.96435539930437875,6089
2018-03-21,TLT,-0.68629274923261019,78
2018-03-21,USO,-0.27682117638610804,926
2018-03-21,UUP,-0.912900810957656,2435
2018-03-22,GLD,1.0489649672305448,73
2018-03-22,SPY,-1.8876199339786026,8225
2018-03-22,TLT,-0.095343622269149969,96
2018-03-22,USO,-1.3319101582333068,1176
2018-03-22,UUP,-1.8242360471967061,2557
2018-03-23,GLD,2.4301792427401523,35
2018-03-23,SPY,-2.2043462189355028,10304
2018-03-23,TLT,-1.0180301431452539,78
2018-03-23,USO,-0.63369240452349873,987
2018-03-23,UUP,-2.62621160449403,1074
2018-03-24,GLD,0.67325645975152182,18
2018-03-24,SPY,-2.1398776763369032,2914
2018-03-24,TLT,-1.6460423208006656,17
2018-03-24,USO,-0.038892656470157327,459
2018-03-24,UUP,-2.9074219215002648,461
2018-03-25,GLD,-0.69930346132185917,23
2018-03-25,SPY,-1.5791011047286638,2141
2018-03-25,TLT,-0.85292815896736474,9
2018-03-25,USO,-1.0624919524558014,470
2018-03-25,UUP,-1.2225541053692301,223
2018-03-26,GLD,0.95102656944646735,46
2018-03-26,SPY,-1.4235003139952684,8439
2018-03-26,TLT,-0.41575024856428228,85
2018-03-26,USO,-1.6335849930045714,1768
2018-03-26,UUP,-1.4013034464520522,577
2018-03-27,GLD,0.29841043144360452,40
2018-03-27,SPY,-0.86191975056259262,7210
2018-03-27,TLT,1.1727585553296966,75
2018-03-27,USO,-0.96673242761403366,1105
2018-03-27,UUP,-1.1758009443775026,458
2018-03-28,GLD,0.76152177978571189,52
2018-03-28,SPY,-0.97151942832671923,6272
2018-03-28,TLT,0.55768649354120536,110
2018-03-28,USO,-1.6368303784873373,1203
2018-03-28,UUP,-1.1439135280365167,711
2018-03-29,GLD,0.2787396469712124,45
2018-03-29,SPY,-0.81167837214895111,6165
2018-03-29,TLT,0.5705966862856261,71
2018-03-29,USO,-1.7823295525106695,2285
2018-03-29,UUP,-1.4732673355903065,828
2018-03-30,GLD,2.1836448642635058,16
2018-03-30,SPY,-0.41093373669273997,3750
2018-03-30,TLT,-0.594617235416644,14
2018-03-30,USO,-0.27530293038902853,933
2018-03-30,UUP,-0.95794020588743123,418
2018-03-31,GLD,3.0949921899274333,18
2018-03-31,SPY,-1.2981034430565161,2621
2018-03-31,TLT,-0.65812424649821,12
2018-03-31,USO,-1.2829896145564781,481
2018-03-31,UUP,-0.31422347718977295,248
2018-04-01,GLD,0.21231998389484463,7
2018-04-01,SPY,-0.91605767119240555,1343
2018-04-01,TLT,-0.93215877762886423,9
2018-04-01,USO,-2.9536650249963405,440
2018-04-01,UUP,-1.0125149633773995,123
2018-04-02,GLD,0.5705702412452347,56
2018-04-02,SPY,-1.5368696898783432,5146
2018-04-02,TLT,-1.9358791169934573,33
2018-04-02,USO,-0.31211346348762731,791
2018-04-02,UUP,-0.78076464234132881,376
2018-04-03,GLD,2.1176948085621117,41
2018-04-03,SPY,-1.2342830273951497,8697
2018-04-03,TLT,0.25162891956057909,58
2018-04-03,USO,-1.9914859249366876,1551
2018-04-03,UUP,-1.0587356710613149,682
2018-04-04,GLD,0.55905959750288858,33
2018-04-04,SPY,-1.5319434651442394,7403
2018-04-04,TLT,-0.22668434872880217,61
2018-04-04,USO,-3.1951032958686123,2015
2018-04-04,UUP,-1.261333740680681,473
2018-04-05,GLD,0.898620847863982,39
2018-04-05,SPY,-0.95365373937800979,6820
2018-04-05,TLT,0.14618184176939567,72
2018-04-05,USO,-1.1341905227486222,1138
2018-04-05,UUP,-1.5952128953773985,610
2018-04-06,GLD,2.0095215434862164,33
2018-04-06,SPY,-1.7221518547338344,6798
2018-04-06,TLT,-0.93086716395858815,67
2018-04-06,USO,-0.80057691406209941,1054
2018-04-06,UUP,-1.3854998132437621,1406
2018-04-07,GLD,1.0747958219739462,28
2018-04-07,SPY,-1.8453172385954717,2672
2018-04-07,TLT,-1.3896597587031958,9
2018-04-07,USO,-0.66903012791715388,479
2018-04-07,UUP,-1.803711821898387,308
2018-04-08,GLD,1.0386408545861752,15
2018-04-08,SPY,-1.3506918838234889,1995
2018-04-08,TLT,-2.4525407806185715,12
2018-04-08,USO,-0.52291821318723219,450
2018-04-08,UUP,-1.3942113696511322,221
2018-04-09,GLD,1.0264735706093346,49
2018-04-09,SPY,-0.860353949217706,6292
2018-04-09,TLT,0.56474235803537143,68
2018-04-09,USO,-1.0451506464920943,970
2018-04-09,UUP,-1.2704436305855868,607
2018-04-10,GLD,1.8400558182345617,32
2018-04-10,SPY,-0.90957667184257829,7909
2018-04-10,TLT,1.2689682817653487,67
2018-04-10,USO,-0.726483840193549,1092
2018-04-10,UUP,-1.251973111488389,600
2018-04-11,GLD,1.3085554143035387,47
2018-04-11,SPY,-0.9661406314035863,6737
2018-04-11,TLT,-0.056878045548194006,72
2018-04-11,USO,-0.90456745915604975,1265
2018-04-11,UUP,-1.414114229450953,1073
2018-04-12,GLD,1.3390865577862485,45
2018-04-12,SPY,-0.798725405331729,6796
2018-04-12,TLT,0.91794222091817812,94
2018-04-12,USO,-0.98031207729293168,1240
2018-04-12,UUP,-2.1385755148581813,1078
2018-04-13,GLD,2.0499041348821812,41
2018-04-13,SPY,-0.83088633621198493,6328
2018-04-13,TLT,-0.092544470509885166,55
2018-04-13,USO,-0.6428235731383013,1107
2018-04-13,UUP,-1.0034295184926381,601
2018-04-14,GLD,7.1742895138288487,52
2018-04-14,SPY,-1.5207795766522552,2355
2018-04-14,TLT,0.074346986740021215,5
2018-04-14,USO,-0.15053535166182244,640
2018-04-14,UUP,-1.2975634376477618,136
2018-04-15,GLD,2.5964799029803336,14
2018-04-15,SPY,-0.96527459424591,1291
2018-04-15,TLT,-1.5608917039419665,3
2018-04-15,USO,-0.61526177447823172,351
2018-04-15,UUP,-1.4309363494284502,152
2018-04-16,GLD,2.4191911979648477,34
2018-04-16,SPY,-0.92643225023745612,5946
2018-04-16,TLT,0.73038154621086537,51
2018-04-16,USO,-0.49387164733697819,1126
2018-04-16,UUP,-0.9514869349301629,771
2018-04-17,GLD,1.1122885534348694,30
2018-04-17,SPY,-0.19469178392176203,6337
2018-04-17,TLT,1.3194891887303881,61
2018-04-17,USO,-0.46704413594949934,823
2018-04-17,UUP,-0.91250887443593354,771
2018-04-18,GLD,4.2722975814800561,84
2018-04-18,SPY,-0.36800453162774693,6433
2018-04-18,TLT,0.34159345237564748,80
2018-04-18,USO,-0.71396912605087193,955
2018-04-18,UUP,-1.5009910438258458,1008
2018-04-19,GLD,4.6584621805888959,82
2018-04-19,SPY,-0.64836434172283874,7005
2018-04-19,TLT,-0.22053385013192967,86
2018-04-19,USO,-0.82418265066470831,1179
2018-04-19,UUP,-1.4160179677156932,1007
2018-04-20,GLD,2.8353247253150737,38
2018-04-20,SPY,-1.2422313025442437,6093
2018-04-20,TLT,-0.56205192238140578,87
2018-04-20,USO,-1.0182770674432495,1073
2018-04-20,UUP,-2.8951143477438097,1389
2018-04-21,GLD,6.3872027696913554,47
2018-04-21,SPY,-1.23484835712534,2284
2018-04-21,TLT,0.31170681452317339,25
2018-04-21,USO,-1.7181267357325327,842
2018-04-21,UUP,-2.9791518561050871,480
2018-04-22,GLD,4.5114946746840641,23
2018-04-22,SPY,-0.98749461813774442,1519
2018-04-22,TLT,-0.234557087113328,15
2018-04-22,USO,-0.84180759780303716,475
2018-04-22,UUP,-1.6553733182176373,209
2018-04-23,GLD,3.5867210852176497,33
2018-04-23,SPY,-0.84582442866898488,4879
2018-04-23,TLT,0.58503039121278788,98
2018-04-23,USO,-0.94957449809033612,1189
2018-04-23,UUP,-1.5330775780224255,1062
2018-04-24,GLD,3.517664093215167,57
2018-04-24,SPY,-0.24562530940208135,6620
2018-04-24,TLT,0.52087642152091784,140
2018-04-24,USO,-1.3178939451381364,1188
2018-04-24,UUP,-0.92793500182388489,1296
2018-04-25,GLD,4.1468763942917741,38
2018-04-25,SPY,-0.13567801290015058,6849
2018-04-25,TLT,0.37372613285934431,111
2018-04-25,USO,-0.16183429338698246,813
2018-04-25,UUP,-1.106190797255044,793
2018-04-26,GLD,4.1744363134868587,46
2018-04-26,SPY,-0.20358075697136843,6480
2018-04-26,TLT,0.14382355373037037,102
2018-04-26,USO,-2.6601614629705321,1780
2018-04-26,UUP,-1.1137194078013688,722
2018-04-27,GLD,3.9335228012136745,51
2018-04-27,SPY,0.065647858202386722,5782
2018-04-27,TLT,1.2290270138848536,125
2018-04-27,USO,-0.41890992693300516,1026
2018-04-27,UUP,-0.91345895026989821,722
2018-04-28,GLD,5.2656884748227908,24
2018-04-28,SPY,-0.49626036780157995,1657
2018-04-28,TLT,-0.17166279364566839,22
2018-04-28,USO,-2.251018050861707,1158
2018-04-28,UUP,-1.3458451723271248,181
2018-04-29,GLD,-0.63129576218905192,7
2018-04-29,SPY,-0.37957557126047825,1592
2018-04-29,TLT,-2.19014635237539,10
2018-04-29,USO,0.041559543266312456,373
2018-04-29,UUP,-1.5616653314833149,153
2018-04-30,GLD,3.4138937255718473,45
2018-04-30,SPY,-0.16227336883495225,5473
2018-04-30,TLT,0.97750451743171252,62
2018-04-30,USO,-0.78811701593365768,905
2018-04-30,UUP,-0.096474777436218,1106
2018-05-01,GLD,5.6195004362518537,64
2018-05-01,SPY,-0.52249011968793746,4779
2018-05-01,TLT,-0.16889116335027582,43
2018-05-01,USO,-0.50256749225604957,846
2018-05-01,UUP,-0.708832765512409,959
2018-05-02,GLD,1.5779464686309539,36
2018-05-02,SPY,-0.43014540952913749,6660
2018-05-02,TLT,0.23925592201036597,65
2018-05-02,USO,-0.39426638699517347,1029
2018-05-02,UUP,-0.63353113476437906,1779
2018-05-03,GLD,2.7075962012783976,58
2018-05-03,SPY,-0.94333275829802066,7996
2018-05-03,TLT,-0.34643843583561751,64
2018-05-03,USO,-0.55783455989339048,980
2018-05-03,UUP,-1.4003303026066571,1374
2018-05-04,GLD,2.7501343595353283,48
2018-05-04,SPY,-0.79844252834111928,7043
2018-05-04,TLT,-0.259343996884233,57
2018-05-04,USO,-1.7306070800703965,1189
2018-05-04,UUP,-1.2297438650398731,1569
2018-05-05,GLD,5.8190454680532069,22
2018-05-05,SPY,-0.95139490718620578,2056
2018-05-05,TLT,-1.0826667063171249,19
2018-05-05,USO,-5.4390920817466979,819
2018-05-05,UUP,-0.81981817928540679,550
2018-05-06,GLD,4.0651615068233848,22
2018-05-06,SPY,-0.46658689695084982,1470
2018-05-06,TLT,-0.52094134483286192,7
2018-05-06,USO,-0.271083468519206,367
2018-05-06,UUP,-1.0958536361879636,300
2018-05-07,GLD,1.6686277460095875,31
2018-05-07,SPY,-0.34008288948105758,5132
2018-05-07,TLT,0.52629960432133671,91
2018-05-07,USO,-1.3715734069895651,1248
2018-05-07,UUP,-0.6932887117593,723
2018-05-08,GLD,3.7985593860850826,50
2018-05-08,SPY,-0.51260901942655068,5022
2018-05-08,TLT,-0.12097532353102776,141
2018-05-08,USO,-1.4884657154770486,1417
2018-05-08,UUP,-1.1152397857729992,803
2018-05-09,GLD,5.1060622218775462,81
2018-05-09,SPY,-0.285065998814069,5691
2018-05-09,TLT,0.21400979823205454,132
2018-05-09,USO,-1.0194284280298762,1720
2018-05-09,UUP,-1.0955610121772237,647
2018-05-10,GLD,5.8477784011665941,22
2018-05-10,SPY,-0.17526722293876182,5370
2018-05-10,TLT,0.369784240020483,176
2018-05-10,USO,-1.3921766943675902,1563
2018-05-10,UUP,-1.2674319994145957,912
2018-05-11,GLD,2.4631833401316134,19
2018-05-11,SPY,-0.17483789383519635,5172
2018-05-11,TLT,1.4978483476634639,141
2018-05-11,USO,-0.75951878342478352,1168
2018-05-11,UUP,-0.85537913636271024,779
2018-05-12,GLD,5.9749320678499469,20
2018-05-12,SPY,-0.58795819274891814,1533
2018-05-12,TLT,-0.50549822065815642,17
2018-05-12,USO,-0.24447778754921165,438
2018-05-12,UUP,-0.9882137585715528,156
2018-05-13,GLD,5.3785085625770064,22
2018-05-13,SPY,-0.68622665317195808,1260
2018-05-13,TLT,0.16928721205800928,25
2018-05-13,USO,-1.0282444642781932,546
2018-05-13,UUP,-1.4779834194224055,129
2018-05-14,GLD,3.3297196244951479,43
2018-05-14,SPY,-0.38163707720640844,4889
2018-05-14,TLT,1.2575182276859878,136
2018-05-14,USO,-0.45177340521674419,861
2018-05-14,UUP,-0.93248242870593567,502
2018-05-15,GLD,2.535011954936583,13
2018-05-15,SPY,-0.6497335300478988,6313
2018-05-15,TLT,0.0053582375102465638,139
2018-05-15,USO,-0.83970105021313446,1028
2018-05-15,UUP,-1.3743416879548844,836
2018-05-16,GLD,4.2305048741210944,54
2018-05-16,SPY,-0.63074074657287627,5998
2018-05-16,TLT,-1.2717031831892096,330
2018-05-16,USO,-0.76807636314447425,1041
2018-05-16,UUP,-1.2880879128963874,754
2018-05-17,GLD,4.4742508198016528,38
2018-05-17,SPY,-0.49152206556059808,5557
2018-05-17,TLT,-0.46498533169415557,246
2018-05-17,USO,-0.878481815015743,1287
2018-05-17,UUP,-1.1113271294427811,938
2018-05-18,GLD,2.9080169150287185,29
2018-05-18,SPY,-0.675602027075365,5487
2018-05-18,TLT,-0.85038422641924416,236
2018-05-18,USO,-0.88178644951489116,1324
2018-05-18,UUP,-0.76594186515935,562
2018-05-19,GLD,1.2075768100847759,24
2018-05-19,SPY,-0.6590986078211224,1536
2018-05-19,TLT,-0.31539050308112904,58
2018-05-19,USO,-0.4093507868007501,444
2018-05-19,UUP,-0.59510334959745548,172
2018-05-20,GLD,4.1892808273317481,30
2018-05-20,SPY,-0.49616123180179716,1491
2018-05-20,TLT,-0.32506783194578281,21
2018-05-20,USO,0.054280333130013764,418
2018-05-20,UUP,0.29688983193307961,200
2018-05-21,GLD,1.8385265031244136,34
2018-05-21,SPY,-0.34644710707249043,4393
2018-05-21,TLT,-0.20507702741057313,204
2018-05-21,USO,-0.49607106761502057,915
2018-05-21,UUP,-0.55318481207860992,430
2018-05-22,GLD,1.953528677905024,32
2018-05-22,SPY,-0.75968711242558473,6696
2018-05-22,TLT,-0.27571863682895453,192
2018-05-22,USO,-1.1263147459231306,945
2018-05-22,UUP,-1.0993383810710255,829
2018-05-23,GLD,2.6925490592372019,33
2018-05-23,SPY,-0.88351404777046738,7376
2018-05-23,TLT,-1.2005122063311684,205
2018-05-23,USO,-0.42451405539829457,1078
2018-05-23,UUP,-1.8769181383149491,1677
2018-05-24,GLD,2.2101914990033795,31
2018-05-24,SPY,-1.3870419568306527,6949
2018-05-24,TLT,-1.3088730892214036,140
2018-05-24,USO,-0.96011960036448751,888
2018-05-24,UUP,-1.2080637423430662,1116
2018-05-25,GLD,1.0388524498963445,32
2018-05-25,SPY,-1.4321499859031492,5758
2018-05-25,TLT,-1.0920101249894667,256
2018-05-25,USO,-0.56673912883890554,973
2018-05-25,UUP,-0.9640661387227768,843
2018-05-26,GLD,0.53806781120272706,11
2018-05-26,SPY,-0.94158292200847482,1497
2018-05-26,TLT,-1.2644163384580234,65
2018-05-26,USO,-1.0290114924547682,456
2018-05-26,UUP,-1.1558533460588516,147
2018-05-27,GLD,1.3413225911416262,21
2018-05-27,SPY,-0.81041473895324356,1173
2018-05-27,TLT,-0.426690473483855,27
2018-05-27,USO,-0.697036742726876,611
2018-05-27,UUP,-1.2282627039897944,152
2018-05-28,GLD,4.5212334697750469,44
2018-05-28,SPY,-0.63781820872992123,3136
2018-05-28,TLT,0.15555032349525824,270
2018-05-28,USO,-1.0062256461157539,940
2018-05-28,UUP,-1.123479428919782,206
2018-05-29,GLD,4.9900562800224053,69
2018-05-29,SPY,-1.2392361088180519,5215
2018-05-29,TLT,-0.96291605060756458,455
2018-05-29,USO,-1.1463142586437871,933
2018-05-29,UUP,-1.1888579414315408,686
2018-05-30,GLD,2.5750946765833347,26
2018-05-30,SPY,-1.0013027577528337,5982
2018-05-30,TLT,0.089618721526652276,335
2018-05-30,USO,-1.0012483731318818,990
2018-05-30,UUP,-1.3967842685943785,933
2018-05-31,GLD,4.4744421030163917,20
2018-05-31,SPY,-1.2395441713880571,6522
2018-05-31,TLT,-0.60005972653057837,235
2018-05-31,USO,-1.6884246368970453,935
2018-05-31,UUP,-1.7117434543536971,1203
2018-06-01,GLD,2.4394949732528097,25
2018-06-01,SPY,-0.98173330770340383,6655
2018-06-01,TLT,-0.11584181756650322,217
2018-06-01,USO,-0.64633510652414261,771
2018-06-01,UUP,-1.4227191385796378,1429
2018-06-02,GLD,0.99380036349428269,15
2018-06-02,SPY,-0.81901453354566234,2730
2018-06-02,TLT,-1.3046430434435974,40
2018-06-02,USO,-0.58692346893719571,341
2018-06-02,UUP,-1.736139730382608,922
2018-06-03,GLD,1.9311734480092257,16
2018-06-03,SPY,-0.77553076233167939,1387
2018-06-03,TLT,-1.0802315148843351,22
2018-06-03,USO,-0.08756640176113735,346
2018-06-03,UUP,-1.5197851244452003,231
2018-06-04,GLD,1.2824230446521603,35
2018-06-04,SPY,-0.35855374736299883,4636
2018-06-04,TLT,0.2265717256463865,123
2018-06-04,USO,-0.5839147026080056,1022
2018-06-04,UUP,-0.968054880824721,510
2018-06-05,GLD,1.3064026569182006,30
2018-06-05,SPY,-0.30368652745650415,5230
2018-06-05,TLT,0.89111770740087881,164
2018-06-05,USO,-1.103585178546783,942
2018-06-05,UUP,-1.4131619598350182,782
2018-06-06,GLD,2.3465826653766859,38
2018-06-06,SPY,-0.47215527578627653,5383
2018-06-06,TLT,-0.12270497879025001,187
2018-06-06,USO,-0.53911052074122878,954
2018-06-06,UUP,-1.20063486168591,524
2018-06-07,GLD,3.5636772452924741,50
2018-06-07,SPY,-0.42388745594979343,5606
2018-06-07,TLT,0.21337009232913431,121
2018-06-07,USO,-1.0014783319547438,1072
2018-06-07,UUP,-1.0478867840685566,724
2018-06-08,GLD,1.171348912086547,21
2018-06-08,SPY,-0.6375107119771225,4754
2018-06-08,TLT,-0.25426824417829291,188
2018-06-08,USO,-0.83248993218534184,988
2018-06-08,UUP,-1.5426811058883816,715
2018-06-09,GLD,6.9341796771516195,45
2018-06-09,SPY,-0.46550831524352404,1920
2018-06-09,TLT,0.062484381060168848,37
2018-06-09,USO,-1.0166815460959793,767
2018-06-09,UUP,-1.2178644625406203,192
2018-06-10,GLD,5.7701690121492746,20
2018-06-10,SPY,-0.69632256123099867,1221
2018-06-10,TLT,0.21134545272012278,24
2018-06-10,USO,-0.19623096718929209,267
2018-06-10,UUP,-1.9501439487766998,209
2018-06-11,GLD,2.9767498176247242,21
2018-06-11,SPY,-0.65364089184948415,5077
2018-06-11,TLT,1.2265368351369554,171
2018-06-11,USO,-0.24108057247110856,938
2018-06-11,UUP,-1.8656575597708782,1157
2018-06-12,GLD,2.3839012836742222,23
2018-06-12,SPY,-0.55488107155982958,6115
2018-06-12,TLT,0.42355625486822412,125
2018-06-12,USO,-0.46709304467430668,781
2018-06-12,UUP,-0.92854382009635739,1401
2018-06-13,GLD,2.6999172253074928,15
2018-06-13,SPY,-0.64941204444074729,6318
2018-06-13,TLT,1.271655297783046,184
2018-06-13,USO,-0.7163233756779821,925
2018-06-13,UUP,-0.921341457444321,2708
2018-06-14,GLD,1.8737535952551649,17
2018-06-14,SPY,-0.31809091271181761,5608
2018-06-14,TLT,0.55671409254866977,157
2018-06-14,USO,-0.41915466787322264,955
2018-06-14,UUP,-1.1727467843541515,2373
2018-06-15,GLD,1.8587191158620082,11
2018-06-15,SPY,-1.0749145024289846,5700
2018-06-15,TLT,-0.61128952431870731,124
2018-06-15,USO,-1.875596425421262,1516
2018-06-15,UUP,-1.6351445008474164,1199
2018-06-16,GLD,2.5104458299636265,9
2018-06-16,SPY,-2.6767334366320927,3007
2018-06-16,TLT,-1.5392658070451981,21
2018-06-16,USO,-0.775312631619773,454
2018-06-16,UUP,-1.5696705069823371,250
2018-06-17,GLD,6.8133030154866852,17
2018-06-17,SPY,-0.91503534581278834,1371
2018-06-17,TLT,0.066215518403016607,12
2018-06-17,USO,-0.53669526979518745,363
2018-06-17,UUP,-1.3820889468816457,245
2018-06-18,GLD,5.0063161043420514,34
2018-06-18,SPY,-1.4234116149437679,4821
2018-06-18,TLT,-1.1089123472294438,84
2018-06-18,USO,-1.3858104934657278,797
2018-06-18,UUP,-1.0203605053675437,585
2018-06-19,GLD,1.8942770231119859,25
2018-06-19,SPY,-1.8907922195493174,6149
2018-06-19,TLT,-0.94139236664428438,90
2018-06-19,USO,-1.6443566286570679,882
2018-06-19,UUP,-1.4502565855212874,416
2018-06-20,GLD,2.116036055147,43
2018-06-20,SPY,-1.1367736427951334,6753
2018-06-20,TLT,0.22567018138040834,87
2018-06-20,USO,-1.0532213247301745,1136
2018-06-20,UUP,-1.3451033539076107,603
2018-06-21,GLD,2.0165465870129364,22
2018-06-21,SPY,-0.93865298727932411,5537
2018-06-21,TLT,-1.6073007748792612,131
2018-06-21,USO,-0.61049083355428968,1001
2018-06-21,UUP,-1.4359953567191173,833
2018-06-22,GLD,3.3190849342100077,35
2018-06-22,SPY,-1.105008280801258,5278
2018-06-22,TLT,-0.60717878133368486,124
2018-06-22,USO,-1.0610244189933682,1522
2018-06-22,UUP,-2.2742969939153705,936
2018-06-23,GLD,1.8519799907828487,10
2018-06-23,SPY,-1.1162132230621868,1483
2018-06-23,TLT,-1.6824660477392395,38
2018-06-23,USO,-0.43632010176211816,808
2018-06-23,UUP,-1.4693948604075189,184
2018-06-24,GLD,1.9914613983268721,10
2018-06-24,SPY,-0.68519450778007729,1186
2018-06-24,TLT,0.81552973678258189,15
2018-06-24,USO,-0.38129591096485371,358
2018-06-24,UUP,-1.3451346904484447,167
2018-06-25,GLD,3.2997101700948503,26
2018-06-25,SPY,-1.4334037068119874,5644
2018-06-25,TLT,-1.5769750115072576,105
2018-06-25,USO,-0.17918569032130949,1033
2018-06-25,UUP,-1.6976410476069215,358
2018-06-26,GLD,1.7018308128437076,51
2018-06-26,SPY,-1.2182266924485283,6225
2018-06-26,TLT,-0.017866727306107513,112
2018-06-26,USO,-0.59890067035814365,861
2018-06-26,UUP,-1.9244087531930547,498
2018-06-27,GLD,3.42340264775003,34
2018-06-27,SPY,-0.90426543898747491,4992
2018-06-27,TLT,-0.626257173764703,89
2018-06-27,USO,-0.71129584681896374,1135
2018-06-27,UUP,-1.7126179631553435,446
2018-06-28,GLD,2.990148671200259,23
2018-06-28,SPY,-0.584884011666779,5420
2018-06-28,TLT,-0.29910176522565696,115
2018-06-28,USO,-1.101706028262885,1192
2018-06-28,UUP,-1.4279626724503833,862
2018-06-29,GLD,1.7404002300313217,39
2018-06-29,SPY,-0.22715223564746337,5242
2018-06-29,TLT,0.38816906803417678,107
2018-06-29,USO,-0.92853195337661465,890
2018-06-29,UUP,-1.6905687446683673,1200
2018-06-30,GLD,1.6730130940119958,24
2018-06-30,SPY,-0.56704531412258341,1544
2018-06-30,TLT,-0.87368355530408459,19
2018-06-30,USO,-1.1045910427411787,531
2018-06-30,UUP,-2.4156222769368387,346
2018-07-01,GLD,5.236651769161484,26
2018-07-01,SPY,-0.85730474212318286,1237
2018-07-01,TLT,1.1365876782588762,21
2018-07-01,USO,-0.799837026312471,469
2018-07-01,UUP,-1.4758068473463268,238
2018-07-02,GLD,2.1812982074768308,31
2018-07-02,SPY,-0.91969278678191679,5449
2018-07-02,TLT,-1.1906735583694328,104
2018-07-02,USO,-0.77721002069905565,1095
2018-07-02,UUP,-2.0159284314601424,708
2018-07-03,GLD,2.0216900209298951,28
2018-07-03,SPY,-0.502484341908104,6292
2018-07-03,TLT,-0.18499259847561156,110
2018-07-03,USO,-1.2338649760099281,982
2018-07-03,UUP,-1.2469495781455271,447
2018-07-04,GLD,3.4870983496508829,33
2018-07-04,SPY,-0.85616846924695011,4144
2018-07-04,TLT,-0.3548078822746254,81
2018-07-04,USO,-0.83934495997248859,813
2018-07-04,UUP,-0.93973158347448915,413
2018-07-05,GLD,3.2031069118173279,40
2018-07-05,SPY,-0.647382430733024,4812
2018-07-05,TLT,0.15190172558492793,68
2018-07-05,USO,-0.98013020851282318,880
2018-07-05,UUP,-1.2316214292484529,1043
2018-07-06,GLD,1.9120774060157584,34
2018-07-06,SPY,-0.84839283266675414,5489
2018-07-06,TLT,-0.58741929210808219,94
2018-07-06,USO,-1.1752181212820081,703
2018-07-06,UUP,-2.4977957098753758,1293
2018-07-07,GLD,0.18726286151791011,11
2018-07-07,SPY,-1.4914286370163947,2190
2018-07-07,TLT,-1.1053945432434986,46
2018-07-07,USO,-2.5507805558730565,529
2018-07-07,UUP,-3.2228607985904154,404
2018-07-08,GLD,-0.13867053565926152,7
2018-07-08,SPY,-0.48536064676544227,1317
2018-07-08,TLT,-0.49223294231589731,17
2018-07-08,USO,-0.58594017582861058,362
2018-07-08,UUP,-1.725790066171601,230
2018-07-09,GLD,1.8154143401674041,30
2018-07-09,SPY,-0.21258783989856542,4711
2018-07-09,TLT,0.33655647640856956,80
2018-07-09,USO,-0.81211703502255261,927
2018-07-09,UUP,-1.0117928316130067,645
2018-07-10,GLD,1.288602814780466,29
2018-07-10,SPY,-0.10471432132464534,5338
2018-07-10,TLT,1.0100263674538295,102
2018-07-10,USO,-2.1431459807226991,1331
2018-07-10,UUP,-0.97927331302943565,719
2018-07-11,GLD,0.8763645526782512,33
2018-07-11,SPY,-1.2689539129542082,5182
2018-07-11,TLT,-1.4688128327350722,90
2018-07-11,USO,-2.15953754446361,1318
2018-07-11,UUP,-0.78509079882150778,792
2018-07-12,GLD,1.9637159599540897,32
2018-07-12,SPY,-0.46530038254127626,5433
2018-07-12,TLT,0.046967688123700918,95
2018-07-12,USO,-0.85743613065815627,1056
2018-07-12,UUP,-1.2271395045820532,924
2018-07-13,GLD,1.3766850638935,34
2018-07-13,SPY,-0.47872859053967293,5281
2018-07-13,TLT,-0.021540109894417854,103
2018-07-13,USO,-0.76984528213345294,817
2018-07-13,UUP,-1.3959934316678864,907
2018-07-14,GLD,1.3005834548086157,20
2018-07-14,SPY,-2.3128995348424484,2291
2018-07-14,TLT,-2.3162097745252916,13
2018-07-14,USO,-0.73023876925576625,272
2018-07-14,UUP,-1.7415418510231437,222
2018-07-15,GLD,2.9549139136654272,3
2018-07-15,SPY,-0.312418462081901,867
2018-07-15,TLT,-1.9151822351487846,12
2018-07-15,USO,-1.1010378011423985,283
2018-07-15,UUP,-1.2514169494758589,115
2018-07-16,GLD,3.4443682690398916,17
2018-07-16,SPY,-0.7836724074163961,4054
2018-07-16,TLT,-0.66294010937887382,72
2018-07-16,USO,-0.72236751005572652,657
2018-07-16,UUP,-1.093346653249051,715
2018-07-17,GLD,0.68898636478758546,11
2018-07-17,SPY,-0.773702817893469,5461
2018-07-17,TLT,0.62915726292331819,65
2018-07-17,USO,-0.5785589865361257,995
2018-07-17,UUP,-1.2017712300463765,1390
2018-07-18,GLD,-1.3170439931003848,23
2018-07-18,SPY,-0.59311965402496836,4827
2018-07-18,TLT,-0.42065899557376807,73
2018-07-18,USO,-0.71228154184440573,1069
2018-07-18,UUP,-1.3283327678534416,1427
2018-07-19,GLD,2.0874876526598043,24
2018-07-19,SPY,-0.63357010144152681,4391
2018-07-19,TLT,-0.65070896768982944,54
2018-07-19,USO,-0.3908638699179946,984
2018-07-19,UUP,-1.4643041948780027,1539
2018-07-20,GLD,2.14349970346407,26
2018-07-20,SPY,-0.99800921323616032,4997
2018-07-20,TLT,-0.67462571981311215,68
2018-07-20,USO,-1.0636454512201903,1257
2018-07-20,UUP,-2.0470628605659167,2136
2018-07-21,GLD,1.3695799242791986,8
2018-07-21,SPY,-1.7715795106779026,2689
2018-07-21,TLT,-1.2310569868442218,19
2018-07-21,USO,-1.4833364614446014,835
2018-07-21,UUP,-1.9667660679099037,749
2018-07-22,GLD,3.2491984280935373,8
2018-07-22,SPY,-0.91860133674047861,1317
2018-07-22,TLT,-0.4498073883545573,10
2018-07-22,USO,-2.727092101374009,773
2018-07-22,UUP,-2.0096119534326911,484
2018-07-23,GLD,2.4649388464469433,26
2018-07-23,SPY,-0.8519229471499673,4668
2018-07-23,TLT,-0.56118688253266491,79
2018-07-23,USO,-1.2412141572449926,1062
2018-07-23,UUP,-1.9940753916714862,1349
2018-07-24,GLD,2.9618841277398023,7
2018-07-24,SPY,-0.72189821104240393,5946
2018-07-24,TLT,0.4901766800191551,62
2018-07-24,USO,-1.0360734454769274,897
2018-07-24,UUP,-0.76216535986593947,684
2018-07-25,GLD,3.2684953696623595,11
2018-07-25,SPY,-0.94920869175355427,6243
2018-07-25,TLT,0.38525187010549122,60
2018-07-25,USO,-0.37101238907717482,981
2018-07-25,UUP,-1.371432470334174,326
2018-07-26,GLD,0.80227109901548521,22
2018-07-26,SPY,-1.2678423878585365,8097
2018-07-26,TLT,0.43684254019866403,69
2018-07-26,USO,-0.76559448994628776,1277
2018-07-26,UUP,-0.80992639326961857,509
2018-07-27,GLD,1.6909012694403516,12
2018-07-27,SPY,-1.0062818979466721,6938
2018-07-27,TLT,0.44193177717050136,59
2018-07-27,USO,-1.5161977228900017,1047
2018-07-27,UUP,-1.3239216113192522,758
2018-07-28,GLD,-0.038126089677977176,11
2018-07-28,SPY,-1.7418792991211278,2332
2018-07-28,TLT,0.73082675581763656,12
2018-07-28,USO,-1.176334720302624,424
2018-07-28,UUP,-0.88262438588400394,194
2018-07-29,GLD,0.064629817355012553,5
2018-07-29,SPY,-0.88706994949169549,1578
2018-07-29,TLT,-0.23548115313694043,19
2018-07-29,USO,-0.30437003457685591,342
2018-07-29,UUP,-0.75382455323017783,203
2018-07-30,GLD,2.7329418462838015,25
2018-07-30,SPY,-0.85506144183222776,5386
2018-07-30,TLT,0.34414442851921245,64
2018-07-30,USO,-0.48109570051547784,752
2018-07-30,UUP,-1.4611696528611535,1092
2018-07-31,GLD,3.0767081400249419,9
2018-07-31,SPY,-0.52297739996609793,6099
2018-07-31,TLT,0.42576909698001614,69
2018-07-31,USO,-1.1989137362165811,957
2018-07-31,UUP,-0.31095883153064069,848
2018-08-01,GLD,3.0561326954380013,20
2018-08-01,SPY,-0.51242798078498675,6049
2018-08-01,TLT,-0.458595785128213,62
2018-08-01,USO,-0.72450460645113324,874
2018-08-01,UUP,-1.1029798838021136,1668
2018-08-02,GLD,2.3647411232942468,29
2018-08-02,SPY,-0.795392915210975,7385
2018-08-02,TLT,-1.3788133788901591,99
2018-08-02,USO,-0.6831483454832068,692
2018-08-02,UUP,-1.6057993346684643,1060
2018-08-03,GLD,3.8650978627822581,14
2018-08-03,SPY,-0.59580729916753394,6017
2018-08-03,TLT,-1.2605213141378573,352
2018-08-03,USO,-0.92086052075964031,807
2018-08-03,UUP,-0.95822538560063708,1015
2018-08-04,GLD,2.7592038585843088,13
2018-08-04,SPY,-1.3269037164463013,1930
2018-08-04,TLT,-0.59951816262355473,51
2018-08-04,USO,-2.9149677305567945,579
2018-08-04,UUP,-1.1372484528532456,218
2018-08-05,GLD,0.24751434140208928,5
2018-08-05,SPY,-0.73745014979176993,1216
2018-08-05,TLT,-1.3206916638663202,13
2018-08-05,USO,-0.7577042176321156,448
2018-08-05,UUP,-0.89307426309684268,151
2018-08-06,GLD,2.2999197405178196,28
2018-08-06,SPY,-1.0002427855169846,5694
2018-08-06,TLT,-0.24662940198238931,112
2018-08-06,USO,-1.0481320204623148,746
2018-08-06,UUP,-1.4956698933020998,605
2018-08-07,GLD,2.6593271227270088,20
2018-08-07,SPY,-0.80377159037944712,6231
2018-08-07,TLT,0.83498844332576927,110
2018-08-07,USO,-0.67266268605991841,1635
2018-08-07,UUP,-0.28889085938277592,435
2018-08-08,GLD,0.68897624985229611,33
2018-08-08,SPY,-0.92163852083387809,6043
2018-08-08,TLT,-0.31501349399551687,92
2018-08-08,USO,-0.13808997529059644,2594
2018-08-08,UUP,-0.99871219008795609,358
2018-08-09,GLD,4.1812123666780669,11
2018-08-09,SPY,-1.188480513259446,5114
2018-08-09,TLT,-0.35653138844625926,89
2018-08-09,USO,-0.58118188693289685,745
2018-08-09,UUP,-0.93032755218189855,383
2018-08-10,GLD,-0.22632329649657526,11
2018-08-10,SPY,-1.5177109240056879,4562
2018-08-10,TLT,-2.1308780819038788,109
2018-08-10,USO,-1.192669229208541,752
2018-08-10,UUP,-1.5992568186951033,474
2018-08-11,GLD,3.8693633533795597,15
2018-08-11,SPY,-1.6037623869484343,1851
2018-08-11,TLT,-1.5573490896102282,20
2018-08-11,USO,-2.818122819571709,1570
2018-08-11,UUP,-1.4121049048240779,210
2018-08-12,GLD,1.6106564050750805,9
2018-08-12,SPY,-1.0323983148157416,1211
2018-08-12,TLT,-1.1131501960583783,18
2018-08-12,USO,-1.6683111104261936,349
2018-08-12,UUP,-1.8794257608520717,94
2018-08-13,GLD,5.0616199092886953,41
2018-08-13,SPY,-1.4685474827561147,4532
2018-08-13,TLT,-1.9594531401306505,219
2018-08-13,USO,-1.9925373601806218,811
2018-08-13,UUP,-1.9095759310515612,484
2018-08-14,GLD,3.2265313413569543,29
2018-08-14,SPY,-1.238402227678558,4687
2018-08-14,TLT,-1.4014434832574487,222
2018-08-14,USO,-1.1168710156162913,802
2018-08-14,UUP,-2.20443459811139,330
2018-08-15,GLD,1.1824398359870809,23
2018-08-15,SPY,-1.3834109899828344,4149
2018-08-15,TLT,-0.97510725464914239,54
2018-08-15,USO,-2.1424403319957168,915
2018-08-15,UUP,-2.6545020347258719,731
2018-08-16,GLD,2.9061547513357926,8
2018-08-16,SPY,-1.458233031084829,7898
2018-08-16,TLT,-0.90559662028924082,72
2018-08-16,USO,-0.76281978913614445,680
2018-08-16,UUP,-1.7505180749817713,462
2018-08-17,GLD,2.29802228322383,15
2018-08-17,SPY,-1.67387485333777,6743
2018-08-17,TLT,-0.76479741615625885,106
2018-08-17,USO,-0.9977340679911294,674
2018-08-17,UUP,-1.4055685168290024,369
2018-08-18,GLD,3.107291338011013,4
2018-08-18,SPY,-1.818217592811705,2277
2018-08-18,TLT,0.482747225343829,28
2018-08-18,USO,-0.52194871793811359,268
2018-08-18,UUP,-2.3792873850792491,135
2018-08-19,GLD,2.7785454430014385,5
2018-08-19,SPY,-1.0309651087017653,1355
2018-08-19,TLT,-0.45889466292960079,14
2018-08-19,USO,-0.010015051153752442,202
2018-08-19,UUP,-1.8223424209344727,240
2018-08-20,GLD,1.5703644928336415,21
2018-08-20,SPY,-1.2019895830870144,4422
2018-08-20,TLT,-0.78197468040057849,103
2018-08-20,USO,-1.1087765841945287,820
2018-08-20,UUP,-1.0872361709291136,886
2018-08-21,GLD,1.2702819874342954,29
2018-08-21,SPY,-0.77075775132753288,4246
2018-08-21,TLT,-0.079034806304585883,116
2018-08-21,USO,-1.0974712103702897,718
2018-08-21,UUP,-1.3185531953898195,1268
2018-08-22,GLD,0.93617850321817253,8
2018-08-22,SPY,-1.0655129251448203,5001
2018-08-22,TLT,-1.3893188523925029,140
2018-08-22,USO,-1.2388994804302733,833
2018-08-22,UUP,-1.855071886413743,1520
2018-08-23,GLD,1.5861979395862289,9
2018-08-23,SPY,-1.7166438864191012,4493
2018-08-23,TLT,-0.732011980243848,115
2018-08-23,USO,-1.4787937949794308,739
2018-08-23,UUP,-2.0549517874180845,988
2018-08-24,GLD,0.51961588023771221,8
2018-08-24,SPY,-1.4805281000834918,6259
2018-08-24,TLT,-0.37495957354366782,100
2018-08-24,USO,-1.0560999822093118,625
2018-08-24,UUP,-1.6918868464073302,1764
2018-08-25,GLD,2.3174481045273474,10
2018-08-25,SPY,-0.75175431191167563,2350
2018-08-25,TLT,-1.1442474596196017,21
2018-08-25,USO,-0.8731870196329693,269
2018-08-25,UUP,-1.3296538862352583,452
2018-08-26,GLD,0.18865347732940685,3
2018-08-26,SPY,-1.0152080235326284,1215
2018-08-26,TLT,-0.076237980296130117,12
2018-08-26,USO,0.01018923122404956,460
2018-08-26,UUP,-0.926370393925324,209
2018-08-27,GLD,3.5335459104667644,12
2018-08-27,SPY,-0.38629938193856606,4301
2018-08-27,TLT,-0.94791986617849766,153
2018-08-27,USO,-1.2869461236249262,1022
2018-08-27,UUP,-0.58140751278504266,592
2018-08-28,GLD,2.2236168855938132,20
2018-08-28,SPY,-0.48392608226500639,4867
2018-08-28,TLT,-0.4020737515498965,133
2018-08-28,USO,-0.42981401879661157,793
2018-08-28,UUP,-0.90422314055679331,586
2018-08-29,GLD,3.6880498966991691,9
2018-08-29,SPY,-0.43224773803871158,4819
2018-08-29,TLT,-0.13938703273232422,149
2018-08-29,USO,-1.1828422767472737,1106
2018-08-29,UUP,-1.0041829349182911,567
2018-08-30,GLD,2.9123320307910889,10
2018-08-30,SPY,-0.83241371004264608,4399
2018-08-30,TLT,-1.0969562008642495,228
2018-08-30,USO,-1.062738097675719,929
2018-08-30,UUP,-0.97174014665400765,648
2018-08-31,GLD,2.9677868164765875,16
2018-08-31,SPY,-1.0774055888507075,4194
2018-08-31,TLT,-1.359520159779543,231
2018-08-31,USO,-0.63544388479359448,941
2018-08-31,UUP,-1.558146519754392,446
2018-09-01,GLD,0.54505892114514309,19
2018-09-01,SPY,-0.47780947896005416,1456
2018-09-01,TLT,-2.0916342720034313,50
2018-09-01,USO,-0.92656696043924713,411
2018-09-01,UUP,-1.0449653590362691,222
2018-09-02,GLD,-0.86648280693011692,17
2018-09-02,SPY,-0.61638052341338734,1223
2018-09-02,TLT,-1.45662978125725,30
2018-09-02,USO,-0.43406523018818122,473
2018-09-02,UUP,-1.2573669137904657,161
2018-09-03,GLD,1.2260233167288854,12
2018-09-03,SPY,-1.2199683311383163,3045
2018-09-03,TLT,-0.89874128556524091,176
2018-09-03,USO,-1.1652343068961484,846
2018-09-03,UUP,-1.7535233382280309,278
2018-09-04,GLD,1.2296457536724263,18
2018-09-04,SPY,-1.2298574812525511,4310
2018-09-04,TLT,-0.19972712878334109,160
2018-09-04,USO,-1.3364112586256729,1160
2018-09-04,UUP,-1.1927332108247963,368
2018-09-05,GLD,2.9894356072149026,16
2018-09-05,SPY,-1.1538430727400504,5073
2018-09-05,TLT,-0.49212180013450491,138
2018-09-05,USO,-1.2331610917945905,842
2018-09-05,UUP,-2.1608721010137604,517
2018-09-06,GLD,3.4817851181224575,14
2018-09-06,SPY,-1.2059045163974145,4486
2018-09-06,TLT,-0.50101168787973771,126
2018-09-06,USO,-1.172929892658825,731
2018-09-06,UUP,-1.806343713190022,696
2018-09-07,GLD,0.6100858343350386,9
2018-09-07,SPY,-1.7798434728876993,5647
2018-09-07,TLT,-0.7962264127275408,98
2018-09-07,USO,-1.1206728747666284,766
2018-09-07,UUP,-1.0459676368352571,1305
2018-09-08,GLD,0.8974803100040607,7
2018-09-08,SPY,-2.0653157451405075,2100
2018-09-08,TLT,-1.1298620463420768,40
2018-09-08,USO,-2.4508304086186126,998
2018-09-08,UUP,-1.2815962592742207,241
2018-09-09,GLD,-0.87977341575370249,3
2018-09-09,SPY,-1.0489458633837194,1185
2018-09-09,TLT,-0.72389312949392293,17
2018-09-09,USO,-2.0619615620372209,782
2018-09-09,UUP,-1.6245898464510806,147
2018-09-10,GLD,2.9238385658413573,12
2018-09-10,SPY,-1.2288086987178992,4550
2018-09-10,TLT,-0.027605744872932665,149
2018-09-10,USO,-0.23819761008272117,696
2018-09-10,UUP,-1.4623244920254508,627
2018-09-11,GLD,2.3733437145798879,16
2018-09-11,SPY,-1.8082103586978677,4862
2018-09-11,TLT,-0.87943468206720621,113
2018-09-11,USO,-1.0937868622308364,757
2018-09-11,UUP,-1.6319716075852335,658
2018-09-12,GLD,0.70727301567146006,19
2018-09-12,SPY,-1.3256770661748836,4827
2018-09-12,TLT,-0.21463854755847325,100
2018-09-12,USO,-1.1318248116270206,943
2018-09-12,UUP,-1.6840908713873384,600
2018-09-13,GLD,2.8521356710871189,15
2018-09-13,SPY,-0.99901521242637292,5222
2018-09-13,TLT,-0.11715437027152298,110
2018-09-13,USO,-1.046587628523961,850
2018-09-13,UUP,-2.2511786970458267,936
2018-09-14,GLD,2.724575381773342,15
2018-09-14,SPY,-1.023917377359342,5455
2018-09-14,TLT,-0.27158736731515082,104
2018-09-14,USO,-1.4617994005522386,873
2018-09-14,UUP,-1.377395023458527,1172
2018-09-15,GLD,2.1258999437072239,5
2018-09-15,SPY,-1.3563388523692643,1858
2018-09-15,TLT,-0.911155673784073,40
2018-09-15,USO,-4.1258268475792717,642
2018-09-15,UUP,-2.1404233917607525,284
2018-09-16,GLD,3.5114668046394835,5
2018-09-16,SPY,-2.0000868804354863,2350
2018-09-16,TLT,-1.248277662505052,12
2018-09-16,USO,-1.5433726097491682,329
2018-09-16,UUP,-1.9453564433548742,175
2018-09-17,GLD,1.9789383270393437,7
2018-09-17,SPY,-1.425132637963314,6267
2018-09-17,TLT,-0.94182842193982441,85
2018-09-17,USO,-1.688999815342392,768
2018-09-17,UUP,-1.4929179880260155,426
2018-09-18,GLD,1.8047312816964209,22
2018-09-18,SPY,-1.4700707356444833,5307
2018-09-18,TLT,0.15330679451489654,87
2018-09-18,USO,-1.2640718479236868,930
2018-09-18,UUP,-1.9554287477005923,427
2018-09-19,GLD,0.42558634186303879,15
2018-09-19,SPY,-1.1782597187786834,4738
2018-09-19,TLT,-0.47331115369958132,120
2018-09-19,USO,-1.2344641331982666,733
2018-09-19,UUP,-1.4760773016946978,370
2018-09-20,GLD,-0.46980591898196145,15
2018-09-20,SPY,-0.58362572788656564,4592
2018-09-20,TLT,-0.69460205633599625,102
2018-09-20,USO,-0.7801061335888364,1005
2018-09-20,UUP,0.051590192577633691,1218
2018-09-21,GLD,2.8957348607243594,20
2018-09-21,SPY,-0.849556871599701,5082
2018-09-21,TLT,-0.11306248777242903,105
2018-09-21,USO,-2.2765149857922871,927
2018-09-21,UUP,-0.58060833283797264,651
2018-09-22,GLD,1.5408206024417788,15
2018-09-22,SPY,-1.39055694524069,2188
2018-09-22,TLT,-0.95037427999512913,27
2018-09-22,USO,-2.2053272567375655,502
2018-09-22,UUP,-1.3317497837430694,154
2018-09-23,GLD,0.33502690098542676,10
2018-09-23,SPY,-0.7955466547461566,1606
2018-09-23,TLT,-3.7181448437234423,29
2018-09-23,USO,-0.50229221764205689,393
2018-09-23,UUP,-1.928283386503723,310
2018-09-24,GLD,4.576855462823203,11
2018-09-24,SPY,-1.1830754338282987,4601
2018-09-24,TLT,-1.2668895276087628,93
2018-09-24,USO,-1.0936875290298929,896
2018-09-24,UUP,-1.2652579225959129,547
2018-09-25,GLD,2.3553600110911281,16
2018-09-25,SPY,-0.76732340990490244,4553
2018-09-25,TLT,0.040909131216601648,103
2018-09-25,USO,-1.3317430138439628,1062
2018-09-25,UUP,-1.0930757674635729,956
2018-09-26,GLD,-1.3492605489727236,11
2018-09-26,SPY,-1.0861889013220829,5642
2018-09-26,TLT,-0.38763609840857255,78
2018-09-26,USO,-1.4422868823063528,889
2018-09-26,UUP,-0.96728397444705094,2832
2018-09-27,GLD,2.0241459555721248,18
2018-09-27,SPY,-0.69351972410165641,4658
2018-09-27,TLT,-1.0905862558241155,157
2018-09-27,USO,-0.96271193267872446,886
2018-09-27,UUP,-1.0931874345770074,2006
2018-09-28,GLD,1.3191170371132395,11
2018-09-28,SPY,-1.5035736278326157,5718
2018-09-28,TLT,-1.980772352390602,351
2018-09-28,USO,-0.70726377275708141,991
2018-09-28,UUP,-0.51053518727095959,1149
2018-09-29,GLD,-0.086743682390080235,7
2018-09-29,SPY,-1.3106118648782186,1784
2018-09-29,TLT,-2.1914474769319519,70
2018-09-29,USO,0.66349998876287286,548
2018-09-29,UUP,-1.0044555479811155,422
2018-09-30,GLD,0.56555844467339667,3
2018-09-30,SPY,-1.0895020045951243,1438
2018-09-30,TLT,-2.1370653746143202,26
2018-09-30,USO,0.94732505864482019,526
2018-09-30,UUP,-1.9146650082515566,162
2018-10-01,GLD,1.3521834173868348,9
2018-10-01,SPY,-0.60893842316248559,4921
2018-10-01,TLT,0.24901791173088986,227
2018-10-01,USO,-1.102648721518223,817
2018-10-01,UUP,-0.89044858679428984,639
2018-10-02,GLD,2.7222700681194802,15
2018-10-02,SPY,-0.85345218620990138,4866
2018-10-02,TLT,-1.0496084025185999,324
2018-10-02,USO,-1.1215328794740045,928
2018-10-02,UUP,-0.82431947117155158,643
2018-10-03,GLD,0.59711103799864262,8
2018-10-03,SPY,-0.80894225304222522,4778
2018-10-03,TLT,-0.5710539318402148,239
2018-10-03,USO,-0.50940638230571944,765
2018-10-03,UUP,-1.6421823586892486,844
2018-10-04,GLD,1.2204300786137778,14
2018-10-04,SPY,-0.82813032705741618,4765
2018-10-04,TLT,-0.49363101210881311,232
2018-10-04,USO,-0.7169613057626375,922
2018-10-04,UUP,-1.0830130308271135,1207
2018-10-05,GLD,1.627005292059378,9
2018-10-05,SPY,-1.9818366461096693,7660
2018-10-05,TLT,-1.1526230319752673,232
2018-10-05,USO,-1.106665761303248,816
2018-10-05,UUP,-1.6192701473787749,2025
2018-10-06,GLD,-0.33147758170451491,7
2018-10-06,SPY,-1.2701844796022514,1981
2018-10-06,TLT,-0.63878049015531224,58
2018-10-06,USO,-0.93012298324495368,330
2018-10-06,UUP,-1.6612457257956015,482
2018-10-07,GLD,1.164791371954756,6
2018-10-07,SPY,-1.0124223269132286,1553
2018-10-07,TLT,-0.31829922226539736,33
2018-10-07,USO,-0.61616845066288828,307
2018-10-07,UUP,-1.4533478437444052,205
2018-10-08,GLD,0.030274655408935064,11
2018-10-08,SPY,-1.8634692411884661,4999
2018-10-08,TLT,-1.7694816100394666,295
2018-10-08,USO,-1.4183010515266723,758
2018-10-08,UUP,-1.3572451963302359,661
2018-10-09,GLD,0.52976959874344087,15
2018-10-09,SPY,-1.5445142741742097,4876
2018-10-09,TLT,-1.3528604331335756,357
2018-10-09,USO,-1.0376433874373643,1072
2018-10-09,UUP,-2.1787342026081946,905
2018-10-10,GLD,1.0712929025923723,19
2018-10-10,SPY,-1.6347185250687033,5640
2018-10-10,TLT,-0.65947408494764348,296
2018-10-10,USO,-1.8061141948049324,876
2018-10-10,UUP,-2.1636974037598891,1135
2018-10-11,GLD,1.0224657413555025,17
2018-10-11,SPY,-2.5561581889758278,9989
2018-10-11,TLT,-1.5404245439060265,359
2018-10-11,USO,-2.1095546951676725,1158
2018-10-11,UUP,-2.8059158431289708,3187
2018-10-12,GLD,1.3738072002487265,11
2018-10-12,SPY,-1.8380870112207577,8075
2018-10-12,TLT,-0.62651904688674265,195
2018-10-12,USO,-1.3452485662364588,770
2018-10-12,UUP,-2.0791721504375369,1962
2018-10-13,GLD,3.474775091953803,8
2018-10-13,SPY,-1.1365115441835922,2358
2018-10-13,TLT,-1.0360667350191617,62
2018-10-13,USO,-3.5959546997888858,570
2018-10-13,UUP,-1.7609049902627896,474
2018-10-14,GLD,1.021762826573666,8
2018-10-14,SPY,-1.4652473652722853,1643
2018-10-14,TLT,-1.4327124251977978,26
2018-10-14,USO,-1.4107032002013014,393
2018-10-14,UUP,-1.6973713581354617,433
2018-10-15,GLD,0.45060226388765123,9
2018-10-15,SPY,-1.6306786663896278,4529
2018-10-15,TLT,-0.95559858417056354,139
2018-10-15,USO,-1.7740583368544225,780
2018-10-15,UUP,-2.3066718873570156,931
2018-10-16,GLD,2.1043295282070988,13
2018-10-16,SPY,-0.64834695637400719,5501
2018-10-16,TLT,0.031710559604661334,188
2018-10-16,USO,-2.2150625371128947,1089
2018-10-16,UUP,-1.6161260277335063,1089
2018-10-17,GLD,0.71666685406964192,22
2018-10-17,SPY,-0.51096166858680192,5536
2018-10-17,TLT,-0.41732110981024179,182
2018-10-17,USO,-1.1212400145431434,866
2018-10-17,UUP,-1.3499074281362382,1436
2018-10-18,GLD,1.9801846897485098,16
2018-10-18,SPY,-1.3114797009470112,5689
2018-10-18,TLT,-0.593707267557307,177
2018-10-18,USO,-0.76368764164434522,786
2018-10-18,UUP,-2.2319933727512695,1666
2018-10-19,GLD,2.1907803069822052,10
2018-10-19,SPY,-1.2844880098537681,5387
2018-10-19,TLT,-1.1770538008196709,368
2018-10-19,USO,-0.832657606285867,653
2018-10-19,UUP,-2.1769096732247744,770
2018-10-20,GLD,5.7992407950890188,7
2018-10-20,SPY,-1.0821326285446553,1597
2018-10-20,TLT,-1.6299353533282097,71
2018-10-20,USO,-0.78754205092414375,310
2018-10-20,UUP,-2.9010896424470016,275
2018-10-21,GLD,-2.2000378338763515,6
2018-10-21,SPY,-0.84771724712486607,1306
2018-10-21,TLT,-1.7302914702580021,36
2018-10-21,USO,0.33784559027095318,336
2018-10-21,UUP,-1.9768830722986752,221
2018-10-22,GLD,1.0737073420817023,7
2018-10-22,SPY,-0.92075031613790792,4254
2018-10-22,TLT,-1.4000239901698182,246
2018-10-22,USO,-1.072947969454068,917
2018-10-22,UUP,-1.7922830837748704,500
2018-10-23,GLD,0.53793741365036829,10
2018-10-23,SPY,-1.6020653956594093,5654
2018-10-23,TLT,-1.6121053039705775,278
2018-10-23,USO,-1.9205331126442557,870
2018-10-23,UUP,-2.0620550811425864,787
2018-10-24,GLD,0.71631160666303562,12
2018-10-24,SPY,-1.3469002127279253,7433
2018-10-24,TLT,-1.8194302597735494,176
2018-10-24,USO,-0.9894164842757861,962
2018-10-24,UUP,-2.5337700397614742,1124
2018-10-25,GLD,1.5759260424391428,15
2018-10-25,SPY,-1.4224881392834894,8984
2018-10-25,TLT,-0.36279888195391696,235
2018-10-25,USO,-1.1264952292126484,774
2018-10-25,UUP,-2.2373545023801111,1024
2018-10-26,GLD,1.9187209744839802,12
2018-10-26,SPY,-1.2974553765114307,7157
2018-10-26,TLT,-0.89746840179768061,212
2018-10-26,USO,-1.1502211099503086,682
2018-10-26,UUP,-1.8977198284685197,1491
2018-10-27,GLD,1.8046683314729119,8
2018-10-27,SPY,-1.1052965405571795,2247
2018-10-27,TLT,-1.425509228579229,111
2018-10-27,USO,-1.28408351192865,290
2018-10-27,UUP,-2.8149178925864948,328
2018-10-28,GLD,0.20995252539029874,6
2018-10-28,SPY,-1.2587606880051176,1440
2018-10-28,TLT,-1.9125955778573056,31
2018-10-28,USO,-0.77115525799558171,310
2018-10-28,UUP,-2.3900420005640122,262
2018-10-29,GLD,0.30682823283801719,7
2018-10-29,SPY,-1.2586706961393384,5812
2018-10-29,TLT,-0.825299730693376,211
2018-10-29,USO,-1.283104922410069,885
2018-10-29,UUP,-1.8969847694581354,1031
2018-10-30,GLD,-0.23114962153656873,10
2018-10-30,SPY,-0.992143420728688,5689
2018-10-30,TLT,-0.42677814506306505,189
2018-10-30,USO,-1.1635017984599709,898
2018-10-30,UUP,-2.169080591742218,725
2018-10-31,GLD,0.46962092362062169,25
2018-10-31,SPY,-0.3977900984303272,5647
2018-10-31,TLT,-0.052557821479119214,137
2018-10-31,USO,-0.853220185117653,1011
2018-10-31,UUP,-1.659616381349863,962
2018-11-01,GLD,1.6759093702547503,14
2018-11-01,SPY,-0.6479757241342583,5459
2018-11-01,TLT,-0.22965157215053578,98
2018-11-01,USO,-1.1741303694912242,1049
2018-11-01,UUP,-1.6214088207534885,749
2018-11-02,GLD,2.1922539776242651,18
2018-11-02,SPY,-0.651515524784971,5775
2018-11-02,TLT,-0.24292488634417711,130
2018-11-02,USO,-0.71410922341841909,973
2018-11-02,UUP,-0.62367766272152658,1612
2018-11-03,GLD,0.9950033669283278,6
2018-11-03,SPY,-0.87102906918057332,1744
2018-11-03,TLT,-0.79310979982236585,33
2018-11-03,USO,-1.1340458226225896,333
2018-11-03,UUP,-0.9209037159349025,387
2018-11-04,GLD,1.7079297910667308,3
2018-11-04,SPY,-0.33982613763721115,1223
2018-11-04,TLT,-0.74813671073691435,22
2018-11-04,USO,-2.2845633525881728,1358
2018-11-04,UUP,-1.2932072810507282,307
2018-11-05,GLD,1.7834536043250051,14
2018-11-05,SPY,-0.7122292125493862,5254
2018-11-05,TLT,-0.61682218409268041,103
2018-11-05,USO,-1.7001141102965087,1341
2018-11-05,UUP,-1.2784123642436471,947
2018-11-06,GLD,2.7789269154231957,17
2018-11-06,SPY,-0.58986384656031621,6364
2018-11-06,TLT,-0.55897498128846856,121
2018-11-06,USO,-1.2943779929040542,1121
2018-11-06,UUP,-1.619535145591009,736
2018-11-07,GLD,1.2794370819392265,23
2018-11-07,SPY,-0.27799345908350592,5900
2018-11-07,TLT,0.39608911048084655,135
2018-11-07,USO,-0.89066101294835409,1320
2018-11-07,UUP,-1.2529413181962639,1386
2018-11-08,GLD,0.361929166264925,8
2018-11-08,SPY,-0.50929486997829665,5528
2018-11-08,TLT,-0.46392390708309916,150
2018-11-08,USO,-1.5116222172453684,1019
2018-11-08,UUP,-1.0137975117775004,1929
2018-11-09,GLD,0.9142852255088002,13
2018-11-09,SPY,-1.200152667914705,5047
2018-11-09,TLT,-0.808261023336395,127
2018-11-09,USO,-1.303208778358196,1065
2018-11-09,UUP,-1.679375688640846,1339
2018-11-10,GLD,1.8507795245646868,6
2018-11-10,SPY,-1.6659910701587821,2360
2018-11-10,TLT,-0.41746891895099991,27
2018-11-10,USO,-1.8527394886201607,445
2018-11-10,UUP,-2.2618982075754115,311
2018-11-11,GLD,-1.0450300931985788,4
2018-11-11,SPY,-0.52925910567988221,1123
2018-11-11,TLT,0.025897493915810074,26
2018-11-11,USO,-2.0078563073344347,550
2018-11-11,UUP,-1.9119378792306658,200
2018-11-12,GLD,-5.5965010248255957,21
2018-11-12,SPY,-1.6290001166318906,4885
2018-11-12,TLT,-0.70226733211047,121
2018-11-12,USO,-1.8999519966126808,1225
2018-11-12,UUP,-2.0680603775925506,661
2018-11-13,GLD,-0.43748868185487655,17
2018-11-13,SPY,-1.3588783180185346,6746
2018-11-13,TLT,0.22645994777786976,120
2018-11-13,USO,-1.9875970869111628,1372
2018-11-13,UUP,-1.3872333314143699,701
2018-11-14,GLD,-0.46065736063627211,19
2018-11-14,SPY,-1.2480026778524933,5671
2018-11-14,TLT,-1.6173725232344633,194
2018-11-14,USO,-2.054314362641311,1504
2018-11-14,UUP,-1.6981128943434121,695
2018-11-15,GLD,1.1647676256619466,19
2018-11-15,SPY,-1.1716752816010969,5114
2018-11-15,TLT,-0.63316131552851329,112
2018-11-15,USO,-1.3183855667455715,1100
2018-11-15,UUP,-1.6296887472310795,1303
2018-11-16,GLD,3.3108211943828918,11
2018-11-16,SPY,-1.8789052223891478,5663
2018-11-16,TLT,0.041416700746713948,101
2018-11-16,USO,-0.91776525794993524,804
2018-11-16,UUP,-1.9068524671887987,831
2018-11-17,GLD,-0.21995841387546483,7
2018-11-17,SPY,-1.7618616815233628,2228
2018-11-17,TLT,-0.68350840013887249,36
2018-11-17,USO,-1.1663122704375279,450
2018-11-17,UUP,-1.5080689944466674,273
2018-11-18,GLD,0.30522147566104207,8
2018-11-18,SPY,-1.0468588116594164,1174
2018-11-18,TLT,-0.57236717750366783,21
2018-11-18,USO,-1.0134985405145773,365
2018-11-18,UUP,-1.50927869589584,164
2018-11-19,GLD,2.0935956069332287,17
2018-11-19,SPY,-1.5982267818427034,4338
2018-11-19,TLT,-0.070467497463719359,217
2018-11-19,USO,-1.1110533686253612,797
2018-11-19,UUP,-1.7139186558108286,897
2018-11-20,GLD,2.2220034179384491,18
2018-11-20,SPY,-1.8202721527045216,6886
2018-11-20,TLT,-0.9656051727785625,366
2018-11-20,USO,-1.5821835619104763,825
2018-11-20,UUP,-2.3031273518353781,823
2018-11-21,GLD,-0.58736960632709989,22
2018-11-21,SPY,-1.3871140768529451,5779
2018-11-21,TLT,-0.9778282045548381,315
2018-11-21,USO,-1.617474891470523,1100
2018-11-21,UUP,-1.995491327061353,758
2018-11-22,GLD,2.4964605910038529,4
2018-11-22,SPY,-1.0131398318815317,3347
2018-11-22,TLT,-0.60873295341104106,296
2018-11-22,USO,-1.832972175439775,735
2018-11-22,UUP,-1.7840442535257393,286
2018-11-23,GLD,2.6180062060369131,6
2018-11-23,SPY,-1.5119209559650515,4821
2018-11-23,TLT,-0.74220514456973941,261
2018-11-23,USO,-1.7491104971682243,970
2018-11-23,UUP,-1.9375255128095945,320
2018-11-24,GLD,1.2840237699758072,7
2018-11-24,SPY,-1.4871846625072658,1898
2018-11-24,TLT,-1.4776781923295157,82
2018-11-24,USO,-1.7950758336768584,530
2018-11-24,UUP,-2.2049384305661555,311
2018-11-25,SPY,-1.0610229072425408,1121
2018-11-25,TLT,-1.1275277993192707,48
2018-11-25,USO,-2.1953317212345818,624
2018-11-25,UUP,-0.676453921975887,536
2018-11-26,GLD,3.86209760003813,11
2018-11-26,SPY,-0.94828441514742434,4495
2018-11-26,TLT,0.50782775622174459,246
2018-11-26,USO,-1.5286190356835432,1002
2018-11-26,UUP,-1.6518873235987952,975
2018-11-27,GLD,2.6645860783902338,14
2018-11-27,SPY,-0.62929368264131391,5550
2018-11-27,TLT,-0.060463916992511448,191
2018-11-27,USO,-1.6929008726469263,993
2018-11-27,UUP,-1.647769242700684,764
2018-11-28,GLD,0.96537929910641607,14
2018-11-28,SPY,-1.1151122003148826,5648
2018-11-28,TLT,-0.042175100678410835,128
2018-11-28,USO,-1.8989220181602258,1183
2018-11-28,UUP,-2.2334866958317536,2119
2018-11-29,GLD,1.172986318858199,17
2018-11-29,SPY,-1.0777988799038514,5608
2018-11-29,TLT,0.29198993197742473,186
2018-11-29,USO,-0.54086712751516652,905
2018-11-29,UUP,-1.6980957638427878,1804
2018-11-30,GLD,1.612093742026973,7
2018-11-30,SPY,-1.1275245620308845,4487
2018-11-30,TLT,-0.0792243287906774,150
2018-11-30,USO,-1.3130359929087567,1030
2018-11-30,UUP,-1.36630112915624,1156
2018-12-01,GLD,-0.1051093920086062,6
2018-12-01,SPY,-1.0114921246595792,3113
2018-12-01,TLT,-1.6967142129567536,32
2018-12-01,USO,0.3223395031620464,1527
2018-12-01,UUP,-0.92745260739451918,438
2018-12-02,GLD,1.2518076727057985,6
2018-12-02,SPY,-0.52035967154453688,1660
2018-12-02,TLT,-0.6659575019123195,15
2018-12-02,USO,-0.058988002049825877,458
2018-12-02,UUP,-1.0755135369264326,215
2018-12-03,GLD,2.0596854278158316,21
2018-12-03,SPY,-0.57202365678464917,4967
2018-12-03,TLT,0.25075281427430363,119
2018-12-03,USO,-1.7227530692631519,1493
2018-12-03,UUP,-1.3539042269351955,1194
2018-12-04,GLD,0.98381062759821,2
2018-12-04,SPY,-1.3660237134060074,4686
2018-12-04,TLT,-1.0967804200983544,71
2018-12-04,USO,-2.4952341221080405,939
2018-12-04,UUP,-1.380473421024534,684
2018-12-05,GLD,0.27126432983399285,11
2018-12-05,SPY,-1.7081429910439139,6274
2018-12-05,TLT,-1.0061613437790353,135
2018-12-05,USO,-1.190447471645262,1088
2018-12-05,UUP,-1.7285060696326933,1004
2018-12-06,GLD,2.30476175554029,28
2018-12-06,SPY,-3.0224141686598887,6852
2018-12-06,TLT,-1.0472464681708098,131
2018-12-06,USO,-1.5332759241529121,1068
2018-12-06,UUP,-2.3294711343831231,976
2018-12-07,GLD,1.4515622907869981,9
2018-12-07,SPY,-1.7213134199737241,6022
2018-12-07,TLT,-0.45538497251250876,104
2018-12-07,USO,-0.85111896655984709,1132
2018-12-07,UUP,-1.8771958090779128,1935
2018-12-08,GLD,2.0907701994513603,4
2018-12-08,SPY,-1.7393551788287123,2491
2018-12-08,TLT,-1.271852727164049,20
2018-12-08,USO,-0.42157323647107925,462
2018-12-08,UUP,-1.7606519885808278,661
2018-12-09,GLD,0.16504638741357147,3
2018-12-09,SPY,-1.1182667189104933,1348
2018-12-09,TLT,-0.8958649455721075,18
2018-12-09,USO,-0.6347843349027833,248
2018-12-09,UUP,-1.834448523363144,203
2018-12-10,GLD,4.231031718090267,11
2018-12-10,SPY,-1.836043276934646,4905
2018-12-10,TLT,-0.768356804236388,78
2018-12-10,USO,-1.4868267372281812,670
2018-12-10,UUP,-2.1290759880541645,735
2018-12-11,GLD,2.1581114103621379,12
2018-12-11,SPY,-1.4121363369640454,5056
2018-12-11,TLT,0.4952628729954911,112
2018-12-11,USO,-0.9407302070118535,680
2018-12-11,UUP,-2.0869367870402256,844
2018-12-12,GLD,2.9524747726998313,24
2018-12-12,SPY,-0.84120645853322928,4459
2018-12-12,TLT,0.30506096834712904,126
2018-12-12,USO,-0.72594663292952943,877
2018-12-12,UUP,-1.5401864170588047,736
2018-12-13,GLD,0.6655509116102335,12
2018-12-13,SPY,-1.3055398732774244,4964
2018-12-13,TLT,-0.39039144212604349,146
2018-12-13,USO,-0.88773801342809733,736
2018-12-13,UUP,-1.1857795935694417,704
2018-12-14,GLD,2.1443163647597405,8
2018-12-14,SPY,-2.1279309657974488,5387
2018-12-14,TLT,-1.4278037611881229,97
2018-12-14,USO,-1.1768779544222645,770
2018-12-14,UUP,-1.7173799117986108,781
2018-12-15,GLD,0.44615397894001479,4
2018-12-15,SPY,-2.0062515603583178,1738
2018-12-15,TLT,-1.9203112706063312,30
2018-12-15,USO,-1.3136032937419873,296
2018-12-15,UUP,-1.9558982419870903,207
2018-12-16,GLD,-3.19665759813447,1
2018-12-16,SPY,-2.2475137751758507,1498
2018-12-16,TLT,-2.2087326363077873,28
2018-12-16,USO,-0.64185364028958225,278
2018-12-16,UUP,-1.6859801848008031,311
2018-12-17,GLD,1.6065982034112549,13
2018-12-17,SPY,-1.9536916321486153,4901
2018-12-17,TLT,-0.88744048693534183,84
2018-12-17,USO,-1.055298008297014,526
2018-12-17,UUP,-2.34230106510905,1777
2018-12-18,GLD,3.8954412814153025,15
2018-12-18,SPY,-2.2148047671268736,6720
2018-12-18,TLT,-0.79875969831860516,80
2018-12-18,USO,-1.3379854000072136,821
2018-12-18,UUP,-2.2253657298176797,1974
2018-12-19,GLD,2.4004162153247379,20
2018-12-19,SPY,-1.8096970691041459,7536
2018-12-19,TLT,0.29286874941847529,185
2018-12-19,USO,-1.3249211841764006,952
2018-12-19,UUP,-1.8383050319225793,3181
2018-12-20,GLD,3.1160248628380862,25
2018-12-20,SPY,-1.8851277428536051,6893
2018-12-20,TLT,-0.365793208321713,123
2018-12-20,USO,-1.4398550838389306,886
2018-12-20,UUP,-2.2800131314824217,3127
2018-12-21,GLD,1.9308685425556411,10
2018-12-21,SPY,-2.1904236420058649,6453
2018-12-21,TLT,-0.66964653526472262,98
2018-12-21,USO,-1.661313314327221,888
2018-12-21,UUP,-2.68348789840962,2063
2018-12-22,GLD,0.37017221449978988,28
2018-12-22,SPY,-2.5522217116476522,3008
2018-12-22,TLT,-1.4205601809793527,26
2018-12-22,USO,-0.65137796466541376,277
2018-12-22,UUP,-3.5906476028222425,1006
2018-12-23,GLD,-0.96356483065344012,2
2018-12-23,SPY,-2.298858147315634,1854
2018-12-23,TLT,-1.1482426826976191,19
2018-12-23,USO,0.022910376603173511,204
2018-12-23,UUP,-3.2389454161739568,1168
2018-12-24,GLD,2.4968142006579663,11
2018-12-24,SPY,-2.3460507764307832,5178
2018-12-24,TLT,-2.2038348921516069,47
2018-12-24,USO,-1.7999630356792253,519
2018-12-24,UUP,-2.9037175317764166,3049
2018-12-25,GLD,8.2116216389992083,5
2018-12-25,SPY,-2.6666685711466172,4591
2018-12-25,TLT,-1.742237988380819,27
2018-12-25,USO,-1.5968144519388268,447
2018-12-25,UUP,-2.7866062017397559,2264
2018-12-26,GLD,-2.015499115697494,36
2018-12-26,SPY,-1.5569874664965919,4558
2018-12-26,TLT,0.2643763037461675,41
2018-12-26,USO,-1.5616923840689838,666
2018-12-26,UUP,-2.8251940805113422,3017
2018-12-27,GLD,-0.020823888441292168,23
2018-12-27,SPY,-1.3626225854791181,6664
2018-12-27,TLT,-0.34715833050665745,120
2018-12-27,USO,-1.4999422585330793,1070
2018-12-27,UUP,-2.2616372228991874,1697
2018-12-28,GLD,1.3214119764858578,21
2018-12-28,SPY,-1.3685214441149476,5106
2018-12-28,TLT,-0.093512997001178363,123
2018-12-28,USO,-1.9449449917549266,999
2018-12-28,UUP,-2.318888421692725,873
2018-12-29,GLD,1.40523164941461,3
2018-12-29,SPY,-1.2894584784030254,1822
2018-12-29,TLT,-1.2231798602861554,21
2018-12-29,USO,-1.2937477102159702,386
2018-12-29,UUP,-1.9283418266818328,461
2018-12-30,GLD,-0.39377519444942405,3
2018-12-30,SPY,-1.6489880874215728,1435
2018-12-30,TLT,-0.88690632326892693,19
2018-12-30,USO,-0.63979578926647673,250
2018-12-30,UUP,-2.1387374992571897,363
2018-12-31,GLD,2.5115470895249148,14
2018-12-31,SPY,-1.0611948837429273,4098
2018-12-31,TLT,0.11814601659743287,34
2018-12-31,USO,-1.8914402929050655,475
2018-12-31,UUP,-2.2680624805780565,816
2019-01-01,GLD,0.33580135575010639,7
2019-01-01,SPY,-1.4467135201083232,2393
2019-01-01,TLT,-3.4428091594998453,70
2019-01-01,USO,-0.39449572862470111,306
2019-01-01,UUP,-2.5456631151360809,364
2019-01-02,GLD,3.8610961417173026,26
2019-01-02,SPY,-1.4769870953700197,4265
2019-01-02,TLT,-1.5672632255914283,79
2019-01-02,USO,-1.4024261683246457,636
2019-01-02,UUP,-2.2329149962480752,844
2019-01-03,GLD,1.191516542552457,15
2019-01-03,SPY,-1.9732007264690636,5929
2019-01-03,TLT,-1.5555966505360439,117
2019-01-03,USO,-1.3567554506819639,747
2019-01-03,UUP,-2.3172850162677623,1092
2019-01-04,GLD,0.32777922583777575,22
2019-01-04,SPY,-1.6862407972294295,6404
2019-01-04,TLT,-0.33139073851243,113
2019-01-04,USO,-1.2613124282461645,688
2019-01-04,UUP,-1.8183979511385371,2421
2019-01-05,GLD,3.1521808346020159,6
2019-01-05,SPY,-1.0362722126379358,2345
2019-01-05,TLT,-0.98390717871607092,17
2019-01-05,USO,-0.6228077671886999,312
2019-01-05,UUP,-1.5343057501405177,662
2019-01-06,GLD,2.7667546471564335,10
2019-01-06,SPY,-1.2854932795923217,1279
2019-01-06,TLT,-1.491318439798794,16
2019-01-06,USO,-0.82774222951645482,262
2019-01-06,UUP,-1.8681916443758126,286
2019-01-07,GLD,2.4862128183464893,12
2019-01-07,SPY,-0.68849135981923593,3715
2019-01-07,TLT,-0.15106577648113287,68
2019-01-07,USO,-0.18474429254349065,718
2019-01-07,UUP,-1.0766462479457646,1405
2019-01-08,GLD,3.9963932666410265,20
2019-01-08,SPY,-0.70909692998671836,4389
2019-01-08,TLT,0.48703936373146467,88
2019-01-08,USO,-0.10642784513761736,781
2019-01-08,UUP,-1.2217686969993944,901
2019-01-09,GLD,2.5187847117776831,15
2019-01-09,SPY,-0.34935374544341957,4627
2019-01-09,TLT,0.88303479584735312,55
2019-01-09,USO,-0.619349966358012,784
2019-01-09,UUP,-1.4738120017468674,1076
2019-01-10,GLD,0.85514985207738448,32
2019-01-10,SPY,-0.83801455971324956,4370
2019-01-10,TLT,-0.0559105875817189,89
2019-01-10,USO,-0.66500963060591178,696
2019-01-10,UUP,-1.3482800226503671,1293
2019-01-11,GLD,2.7493730759093165,28
2019-01-11,SPY,-1.0239380189640719,4966
2019-01-11,TLT,-0.090432204565140853,116
2019-01-11,USO,-1.0004020968317571,722
2019-01-11,UUP,-1.4739800380642845,1898
2019-01-12,GLD,-0.13264616402827759,8
2019-01-12,SPY,-0.85983500321890016,1967
2019-01-12,TLT,-0.27927985779973574,13
2019-01-12,USO,-0.39854248132141157,248
2019-01-12,UUP,-1.93729283788006,463
2019-01-13,GLD,-0.828618406552919,4
2019-01-13,SPY,-1.3061105758239666,1687
2019-01-13,TLT,1.5027606649211873,14
2019-01-13,USO,-0.093404755608103768,243
2019-01-13,UUP,-1.9291909267384293,327
2019-01-14,GLD,2.8131745053097963,12
2019-01-14,SPY,-1.511972102328708,4296
2019-01-14,TLT,-1.5591151085976755,91
2019-01-14,USO,0.57120956133207046,708
2019-01-14,UUP,-1.3577635008484457,522
2019-01-15,GLD,1.7607057099899781,12
2019-01-15,SPY,-1.0246180557902047,5421
2019-01-15,TLT,0.23075632598051629,108
2019-01-15,USO,0.681847529579111,749
2019-01-15,UUP,-1.1409909341415809,883
2019-01-16,GLD,5.284819901040315,15
2019-01-16,SPY,-0.870408794448237,4717
2019-01-16,TLT,0.82959803959452194,93
2019-01-16,USO,-0.50495053924343414,612
2019-01-16,UUP,-1.7224790179684102,830
2019-01-17,GLD,2.5952634374701251,14
2019-01-17,SPY,-1.5079925387055446,6415
2019-01-17,TLT,0.15644627630029057,87
2019-01-17,USO,-0.97482704097324913,617
2019-01-17,UUP,-1.4617442864685322,689
2019-01-18,GLD,2.0835766057310412,16
2019-01-18,SPY,-0.94271304386179844,5977
2019-01-18,TLT,0.39550980401841329,88
2019-01-18,USO,-0.668857195627195,577
2019-01-18,UUP,-0.61516420950952833,824
2019-01-19,GLD,-0.64832009189240991,4
2019-01-19,SPY,-1.0768368011240355,1881
2019-01-19,TLT,-0.32367469230774076,30
2019-01-19,USO,-1.1964380795866618,307
2019-01-19,UUP,-0.57651370386606482,251
2019-01-20,GLD,2.4726883198511729,7
2019-01-20,SPY,-0.78316694057033942,1421
2019-01-20,TLT,-0.8120526534758149,9
2019-01-20,USO,-0.75839929731865108,255
2019-01-20,UUP,-1.6572356182723518,171
2019-01-21,GLD,3.4277877395734562,8
2019-01-21,SPY,-0.54790349706424868,2684
2019-01-21,TLT,-1.4373146760050228,60
2019-01-21,USO,-0.8644079449244404,683
2019-01-21,UUP,-0.92090681069534042,477
2019-01-22,GLD,0.99156005263747615,13
2019-01-22,SPY,-0.95045270530241566,3450
2019-01-22,TLT,-0.15430440090643133,63
2019-01-22,USO,-0.97503448182664032,636
2019-01-22,UUP,-1.6780766681422135,427
2019-01-23,GLD,3.5012136061388208,13
2019-01-23,SPY,-0.99000199739895656,4123
2019-01-23,TLT,-0.10334666538830845,81
2019-01-23,USO,-0.73258954047619607,886
2019-01-23,UUP,-1.305451612165055,402
2019-01-24,GLD,0.6158487360035787,14
2019-01-24,SPY,-0.87079620280795123,4677
2019-01-24,TLT,-0.18866928008311024,73
2019-01-24,USO,-1.2194580153562762,705
2019-01-24,UUP,-1.8775346646980011,520
2019-01-25,GLD,2.73371693850921,18
2019-01-25,SPY,-0.31816024456556879,4100
2019-01-25,TLT,1.2662575172747268,82
2019-01-25,USO,-0.47243246086568075,603
2019-01-25,UUP,-1.1389596813885619,597
2019-01-26,GLD,1.7053905383545269,7
2019-01-26,SPY,-0.6007990120902913,1457
2019-01-26,TLT,0.64963208885453616,5
2019-01-26,USO,-1.0374786236562301,315
2019-01-26,UUP,-1.5681343890566679,212
2019-01-27,GLD,5.1832389651549935,3
2019-01-27,SPY,-0.68355452178888809,991
2019-01-27,TLT,-0.078140608812356821,12
2019-01-27,USO,-0.30391400998358548,235
2019-01-27,UUP,-2.148121795473048,270
2019-01-28,GLD,3.564137677679367,8
2019-01-28,SPY,-1.42265748705232,5801
2019-01-28,TLT,0.40040800000555954,70
2019-01-28,USO,-0.77389055559994346,673
2019-01-28,UUP,-1.3890751575250633,761
2019-01-29,GLD,1.9253100359624138,18
2019-01-29,SPY,-1.2831876069092731,5103
2019-01-29,TLT,0.366574993843526,72
2019-01-29,USO,-1.1754245197788304,763
2019-01-29,UUP,-2.5150099153242826,1325
2019-01-30,GLD,2.9495108633211955,17
2019-01-30,SPY,-0.79646680770264144,5925
2019-01-30,TLT,0.75056358078325092,101
2019-01-30,USO,-1.1794574935380704,778
2019-01-30,UUP,-1.6811735570578448,2566
2019-01-31,GLD,2.9198390205266938,10
2019-01-31,SPY,-0.25462457397848381,5928
2019-01-31,TLT,-0.15432164264046469,55
2019-01-31,USO,-0.87996254999396284,594
2019-01-31,UUP,-1.0107580903721241,2092
2019-02-01,GLD,2.8357797018751012,9
2019-02-01,SPY,-0.37802003264708139,5227
2019-02-01,TLT,-1.2528566261593233,114
2019-02-01,USO,-1.074268606123189,742
2019-02-01,UUP,-1.3787175223722368,1825
2019-02-02,GLD,2.0089925190710622,6
2019-02-02,SPY,-0.68797348998073826,1721
2019-02-02,TLT,-0.95944573666543809,22
2019-02-02,USO,-1.4475753972128202,466
2019-02-02,UUP,-1.6211508915402504,371
2019-02-03,GLD,1.0247484798393522,13
2019-02-03,SPY,-0.60997095937157808,1257
2019-02-03,TLT,0.13993190275129991,10
2019-02-03,USO,-0.13090688020520136,216
2019-02-03,UUP,-1.427776786861148,293
2019-02-04,GLD,2.35260684406655,12
2019-02-04,SPY,-0.38249928401395866,3737
2019-02-04,TLT,0.026053686264783035,70
2019-02-04,USO,-0.63757224005915547,449
2019-02-04,UUP,-1.0229030479577557,725
2019-02-05,GLD,1.7827288911286416,16
2019-02-05,SPY,-0.94357453372537281,5856
2019-02-05,TLT,0.63622481254227481,74
2019-02-05,USO,-0.88605616766386186,512
2019-02-05,UUP,-1.1135403539886768,916
2019-02-06,GLD,5.5618825224027288,12
2019-02-06,SPY,-0.29631781590954759,4150
2019-02-06,TLT,0.96806992298145089,110
2019-02-06,USO,-0.85366048920123661,646
2019-02-06,UUP,-0.79360844789501106,673
2019-02-07,GLD,3.58084858495381,13
2019-02-07,SPY,-0.76867076251757016,4869
2019-02-07,TLT,-0.858658910150389,133
2019-02-07,USO,-1.7355603084694364,552
2019-02-07,UUP,-0.89673450395951193,744
2019-02-08,GLD,4.305335475974295,8
2019-02-08,SPY,-1.30686503918123,4396
2019-02-08,TLT,-1.2136206145910695,111
2019-02-08,USO,-1.1271349610496504,498
2019-02-08,UUP,-1.4325788586469461,535
2019-02-09,GLD,1.0518488835877231,3
2019-02-09,SPY,-1.1576628421815389,1717
2019-02-09,TLT,-1.2847335915776568,23
2019-02-09,USO,-0.66441358452302379,279
2019-02-09,UUP,-1.2288859655019162,183
2019-02-10,GLD,-3.1253746862527909,7
2019-02-10,SPY,-1.121177582604274,1611
2019-02-10,TLT,-0.95904654527802746,15
2019-02-10,USO,-0.22174692136613294,170
2019-02-10,UUP,-1.5726210132764513,183
2019-02-11,GLD,1.3095697639496917,20
2019-02-11,SPY,-0.3067686501396622,3475
2019-02-11,TLT,0.41510280445953074,104
2019-02-11,USO,-0.732852612110538,619
2019-02-11,UUP,-1.0740290572596751,429
2019-02-12,GLD,2.8534926168839423,22
2019-02-12,SPY,-0.48122815019356147,3826
2019-02-12,TLT,1.3878001856125586,97
2019-02-12,USO,-0.98759330148913338,760
2019-02-12,UUP,-1.1631543556380899,702
2019-02-13,GLD,3.0124078435253492,10
2019-02-13,SPY,-0.45093683608798718,4202
2019-02-13,TLT,0.76187546164791031,80
2019-02-13,USO,-0.82488978689870007,776
2019-02-13,UUP,-1.580604391091561,1027
2019-02-14,GLD,4.027319060947443,17
2019-02-14,SPY,-0.46977029198836306,4649
2019-02-14,TLT,0.426502339467715,72
2019-02-14,USO,-1.2645530119268107,710
2019-02-14,UUP,-1.3798673288730425,739
2019-02-15,GLD,1.7092695395479311,14
2019-02-15,SPY,-0.91233584037540882,4813
2019-02-15,TLT,1.0312910861013418,82
2019-02-15,USO,-0.92356354189020884,588
2019-02-15,UUP,-1.7676200638959061,722
2019-02-16,SPY,-0.47380222141049111,1563
2019-02-16,TLT,0.88756558538882224,21
2019-02-16,USO,-0.76871275556418317,262
2019-02-16,UUP,-1.122125943967633,259
2019-02-17,GLD,1.651723751541204,5
2019-02-17,SPY,-0.37531978853354375,1265
2019-02-17,TLT,-1.6811326340984021,8
2019-02-17,USO,0.038443290341751063,217
2019-02-17,UUP,-1.0916702809427536,143
2019-02-18,GLD,1.9838838630790403,22
2019-02-18,SPY,-0.52335216046505006,2853
2019-02-18,TLT,0.54199541127324546,70
2019-02-18,USO,0.18901965700975851,746
2019-02-18,UUP,-0.5759574502819681,434
2019-02-19,GLD,3.6965579997121751,26
2019-02-19,SPY,-0.44841778738528543,4073
2019-02-19,TLT,-0.8897366607504783,111
2019-02-19,USO,-0.55138725996813653,650
2019-02-19,UUP,-1.0709865429527443,439
2019-02-20,GLD,1.4984794611098513,27
2019-02-20,SPY,-0.32293720254668085,4039
2019-02-20,TLT,0.40096606811992319,89
2019-02-20,USO,-1.0019151454174997,619
2019-02-20,UUP,-0.819100253055167,961
2019-02-21,GLD,1.6023538685782319,22
2019-02-21,SPY,-0.57526233604434951,4577
2019-02-21,TLT,-0.46045824377028483,82
2019-02-21,USO,-0.4790679522859933,555
2019-02-21,UUP,-1.2716031028926029,976
2019-02-22,GLD,3.1566140350224128,12
2019-02-22,SPY,-0.46171895496777304,4425
2019-02-22,TLT,0.621912730974346,85
2019-02-22,USO,-0.54264483669195729,543
2019-02-22,UUP,-1.6119162692393716,820
2019-02-23,GLD,2.6120182299805728,13
2019-02-23,SPY,-0.90206739478192022,1830
2019-02-23,TLT,0.51114335793275811,10
2019-02-23,USO,-0.020413201029657851,293
2019-02-23,UUP,-1.3806871850035993,230
2019-02-24,GLD,2.5545245644592747,4
2019-02-24,SPY,-0.6313967203781,1137
2019-02-24,TLT,-0.069594612581689141,14
2019-02-24,USO,-0.6674719759657155,253
2019-02-24,UUP,-1.6311366995338834,168
2019-02-25,GLD,2.8416956129045712,10
2019-02-25,SPY,-0.18173445116224682,3390
2019-02-25,TLT,0.8397409250263681,70
2019-02-25,USO,-1.3387942180566068,702
2019-02-25,UUP,-1.5919866372929803,831
2019-02-26,GLD,1.4967347314121844,10
2019-02-26,SPY,-0.96069246249272644,4398
2019-02-26,TLT,0.1779285700480383,76
2019-02-26,USO,-1.3372806546349678,773
2019-02-26,UUP,-1.7019753891967984,1253
2019-02-27,GLD,1.3446575322151115,17
2019-02-27,SPY,-1.0564097833510651,4478
2019-02-27,TLT,0.41581867265822164,100
2019-02-27,USO,-0.87752138368979815,623
2019-02-27,UUP,-1.2738969076129689,1216
2019-02-28,GLD,2.9106315670920897,24
2019-02-28,SPY,-0.65294904792773212,4199
2019-02-28,TLT,0.37326568386906128,97
2019-02-28,USO,-0.62800316313668481,688
2019-02-28,UUP,-1.6541323294839307,896
2019-03-01,GLD,1.1006339035894623,13
2019-03-01,SPY,-0.54251493263635364,4701
2019-03-01,TLT,1.0235603427133542,74
2019-03-01,USO,-0.67666330653458384,697
2019-03-01,UUP,-1.1904406686030595,964
2019-03-02,GLD,-0.051858272833322623,22
2019-03-02,SPY,-0.55641295150510461,1442
2019-03-02,TLT,0.034081300935578131,23
2019-03-02,USO,-0.27626727606407314,281
2019-03-02,UUP,-1.7421394531196026,346
2019-03-03,GLD,-0.31597397013079787,12
2019-03-03,SPY,-0.44546316070970593,1339
2019-03-03,TLT,-0.64824673865715288,18
2019-03-03,USO,-1.0284498657892931,600
2019-03-03,UUP,-1.4810716213178667,846
2019-03-04,GLD,1.8424641311755503,15
2019-03-04,SPY,-0.52260585297396311,4393
2019-03-04,TLT,0.65085308466461544,74
2019-03-04,USO,-0.41929693946108215,695
2019-03-04,UUP,-0.92512178809216483,576
2019-03-05,GLD,2.3220834475963441,18
2019-03-05,SPY,-0.73842937334243453,4690
2019-03-05,TLT,0.26404262935022987,77
2019-03-05,USO,-1.443589165291022,658
2019-03-05,UUP,-1.1696593335400398,568
2019-03-06,GLD,3.699564018110991,16
2019-03-06,SPY,-0.89971073150774639,5064
2019-03-06,TLT,0.28697994941679128,78
2019-03-06,USO,-0.93143254353377913,556
2019-03-06,UUP,-1.849245697091654,968
2019-03-07,GLD,2.1398023502899379,19
2019-03-07,SPY,-1.2430721248943859,5557
2019-03-07,TLT,-0.31032160292607663,89
2019-03-07,USO,-0.72888405803586465,643
2019-03-07,UUP,-1.9219930004045604,1076
2019-03-08,GLD,-0.90429419125645483,15
2019-03-08,SPY,-1.4330581175530344,5380
2019-03-08,TLT,-0.68423823953239338,87
2019-03-08,USO,-1.3176788349235955,665
2019-03-08,UUP,-2.059701519949515,912
2019-03-09,GLD,1.7600585040799794,3
2019-03-09,SPY,-1.1909788010119235,2385
2019-03-09,TLT,0.17297808673332482,16
2019-03-09,USO,-1.0773430512237914,354
2019-03-09,UUP,-1.5585219127183474,462
2019-03-10,GLD,-0.44384378663051016,4
2019-03-10,SPY,-0.7524309656498378,1110
2019-03-10,TLT,0.83862500145064378,8
2019-03-10,USO,-0.1345666452032741,206
2019-03-10,UUP,-1.8414316427092789,266
2019-03-11,GLD,3.0509562930089547,6
2019-03-11,SPY,-1.208312705793795,4068
2019-03-11,TLT,-0.40916963107143439,60
2019-03-11,USO,-0.35353959773171184,553
2019-03-11,UUP,-1.7279656892753503,869
2019-03-12,GLD,4.44198055988635,14
2019-03-12,SPY,-0.99832590717824432,5048
2019-03-12,TLT,0.11944741036016696,43
2019-03-12,USO,-0.47345821689841855,560
2019-03-12,UUP,-1.719544683063962,840
2019-03-13,GLD,2.2336870736555925,18
2019-03-13,SPY,-0.80294647682910869,4165
2019-03-13,TLT,0.85329046869043546,85
2019-03-13,USO,-1.0077267546761983,588
2019-03-13,UUP,-1.5908624137437395,739
2019-03-14,GLD,3.3528582673078584,23
2019-03-14,SPY,-1.0033743123190215,4573
2019-03-14,TLT,1.0300847817061169,100
2019-03-14,USO,-0.23198338373759211,828
2019-03-14,UUP,-1.6689615222901248,606
2019-03-15,GLD,0.45496631368870721,16
2019-03-15,SPY,-0.81896593747794766,4157
2019-03-15,TLT,0.97194231387201779,46
2019-03-15,USO,-5.5104409530458272,3765
2019-03-15,UUP,-1.8010973602940425,655
2019-03-16,GLD,-0.35057328808962251,8
2019-03-16,SPY,-0.91951159945897509,1436
2019-03-16,TLT,-0.37008877486335806,17
2019-03-16,USO,-6.3912285077373872,5689
2019-03-16,UUP,-1.1756102665762904,172
2019-03-17,GLD,0.29762176517666505,4
2019-03-17,SPY,-0.91548904496590455,1262
2019-03-17,TLT,-0.6146994545173271,9
2019-03-17,USO,-5.5854828680107644,4529
2019-03-17,UUP,-0.78866952705289217,214
2019-03-18,GLD,2.2884802601821468,19
2019-03-18,SPY,-1.0941675606439323,4932
2019-03-18,TLT,0.45984159117244411,76
2019-03-18,USO,-4.4425434007987361,4289
2019-03-18,UUP,-1.4931055671735558,1092
2019-03-19,GLD,3.3550505047295984,6
2019-03-19,SPY,-1.264332252520121,5814
2019-03-19,TLT,0.44907614813463215,69
2019-03-19,USO,-3.5066904901876557,3071
2019-03-19,UUP,-1.3448118763565098,1279
2019-03-20,GLD,3.4551726790043111,16
2019-03-20,SPY,-1.2683618561095833,5665
2019-03-20,TLT,-0.38509891592302614,47
2019-03-20,USO,-4.2061362739501496,2321
2019-03-20,UUP,-0.97873286455889619,2154
2019-03-21,GLD,3.6342554788286412,22
2019-03-21,SPY,-0.65230340989119207,5230
2019-03-21,TLT,0.082748605132653225,85
2019-03-21,USO,-3.4291658367421656,2547
2019-03-21,UUP,-0.900322442379562,2279
2019-03-22,GLD,4.2120874234571861,21
2019-03-22,SPY,-1.1574754199700825,4980
2019-03-22,TLT,-1.0859622735676848,130
2019-03-22,USO,-3.2977883717485916,1490
2019-03-22,UUP,-1.6907137291825853,2001
2019-03-23,GLD,2.129014157458565,2
2019-03-23,SPY,-1.6562148635777276,1942
2019-03-23,TLT,-1.2502173312745832,22
2019-03-23,USO,-3.1246233548828197,956
2019-03-23,UUP,-1.8563068792363542,536
2019-03-24,GLD,1.9413469290100964,8
2019-03-24,SPY,-1.432300254507145,1679
2019-03-24,TLT,0.23811540107212673,17
2019-03-24,USO,-3.2212059828938955,1051
2019-03-24,UUP,-2.0818808961163677,264
2019-03-25,GLD,1.6011208541494024,11
2019-03-25,SPY,-0.7359045999304864,5148
2019-03-25,TLT,-0.83838208772771416,71
2019-03-25,USO,-2.8979764482911334,1459
2019-03-25,UUP,-2.0933593814757634,1031
2019-03-26,GLD,2.2703890074469886,14
2019-03-26,SPY,-0.5497362732712926,5423
2019-03-26,TLT,-0.32958600518767112,129
2019-03-26,USO,-2.2502941861882371,851
2019-03-26,UUP,-1.6583210423550376,818
2019-03-27,GLD,3.7838045192491796,18
2019-03-27,SPY,-0.66213032130815086,4414
2019-03-27,TLT,-0.20675817011293349,97
2019-03-27,USO,-2.7277783421101529,1462
2019-03-27,UUP,-2.0336954141895864,640
2019-03-28,GLD,1.6937796664266231,19
2019-03-28,SPY,-0.8794848985205902,4513
2019-03-28,TLT,-0.029252745457773753,118
2019-03-28,USO,-2.28232136711262,1005
2019-03-28,UUP,-2.1149516759513083,1153
2019-03-29,GLD,3.04632508741013,14
2019-03-29,SPY,-0.92028985828436483,5189
2019-03-29,TLT,0.80767980682826468,80
2019-03-29,USO,-1.7500822618560765,1217
2019-03-29,UUP,-1.7200869775317249,1115
2019-03-30,GLD,2.5653147396530085,7
2019-03-30,SPY,-1.5468907730853927,1774
2019-03-30,TLT,-0.33309685718242443,11
2019-03-30,USO,-1.6871197513492195,440
2019-03-30,UUP,-2.7063142332971637,623
2019-03-31,GLD,-1.3173443579857758,6
2019-03-31,SPY,-0.74636888400436363,1255
2019-03-31,TLT,-1.1809154397925834,6
2019-03-31,USO,-2.0480231166352936,463
2019-03-31,UUP,-1.5823201828621734,195
2019-04-01,GLD,2.6519273027489425,10
2019-04-01,SPY,-0.062234804965227104,3825
2019-04-01,TLT,0.19521995007865148,75
2019-04-01,USO,-1.1644669835641708,789
2019-04-01,UUP,-0.98062569253151988,706
2019-04-02,GLD,3.6305319678746688,19
2019-04-02,SPY,-0.84891312919512829,5039
2019-04-02,TLT,0.36380483409647713,77
2019-04-02,USO,-1.753346184628896,961
2019-04-02,UUP,-2.027949409626463,720
2019-04-03,GLD,1.9605322427555789,20
2019-04-03,SPY,-1.2865357817049938,4994
2019-04-03,TLT,0.301578495554986,72
2019-04-03,USO,-2.1783678282542343,800
2019-04-03,UUP,-1.390591585309602,690
2019-04-04,GLD,2.1288755078654549,21
2019-04-04,SPY,-1.0469749844281813,5042
2019-04-04,TLT,0.13136311172810275,74
2019-04-04,USO,-5.4516792355830139,1821
2019-04-04,UUP,-1.6792777092205873,776
2019-04-05,GLD,2.2253097185715518,23
2019-04-05,SPY,-0.64256023327600975,4405
2019-04-05,TLT,0.43494960872001776,72
2019-04-05,USO,-3.9598155737382941,1243
2019-04-05,UUP,-1.1448919900474124,1638
2019-04-06,GLD,5.5048038086218432,4
2019-04-06,SPY,-1.0099270693218338,1698
2019-04-06,TLT,-0.36783983176730761,16
2019-04-06,USO,-1.774430520548824,455
2019-04-06,UUP,-1.6445361741628295,450
2019-04-07,GLD,5.2597547958415891,10
2019-04-07,SPY,-1.3368141238418436,1273
2019-04-07,TLT,0.32141965761608005,4
2019-04-07,USO,-0.7820265604196226,339
2019-04-07,UUP,-1.4354141914629426,517
2019-04-08,GLD,3.2139905805036255,18
2019-04-08,SPY,-1.0230447976347923,4113
2019-04-08,TLT,-0.050044303278601245,102
2019-04-08,USO,-1.6119109678752059,1107
2019-04-08,UUP,-1.4175734828564841,873
2019-04-09,GLD,3.9021833356139539,13
2019-04-09,SPY,-0.817477342725035,4244
2019-04-09,TLT,-1.3114736390240582,105
2019-04-09,USO,-1.4745615740090858,906
2019-04-09,UUP,-1.8088591254551918,992
2019-04-10,GLD,3.2965179111707652,13
2019-04-10,SPY,-0.84020155067813718,4630
2019-04-10,TLT,0.42622843974411395,77
2019-04-10,USO,-2.3835710718476979,1158
2019-04-10,UUP,-1.1746776014755875,1533
2019-04-11,GLD,2.6988916202565871,25
2019-04-11,SPY,-0.81478190477330892,4245
2019-04-11,TLT,0.24668094149943731,89
2019-04-11,USO,-2.6421183849590628,1570
2019-04-11,UUP,-1.6595369497571493,1540
2019-04-12,GLD,1.927939165979393,25
2019-04-12,SPY,-0.3426702037976323,4264
2019-04-12,TLT,-0.0650515558099954,69
2019-04-12,USO,-1.4587086295433489,885
2019-04-12,UUP,-1.5735897019813321,1319
2019-04-13,GLD,2.3269662008858276,8
2019-04-13,SPY,-0.6860896812723547,1724
2019-04-13,TLT,0.40158974725339425,10
2019-04-13,USO,-1.0809305565904044,358
2019-04-13,UUP,-1.4422937227673651,357
2019-04-14,GLD,1.0893295023154284,12
2019-04-14,SPY,-1.1393475392518426,1376
2019-04-14,TLT,0.7497075334705815,5
2019-04-14,USO,-0.79255309848154254,233
2019-04-14,UUP,-1.7352250276487748,436
2019-04-15,GLD,1.5619003739728745,15
2019-04-15,SPY,-0.79586729801851386,4615
2019-04-15,TLT,-0.27727213194209244,56
2019-04-15,USO,-2.0971094017777214,796
2019-04-15,UUP,-1.3660423133937438,955
2019-04-16,GLD,2.471868724942913,20
2019-04-16,SPY,-0.4828567649444096,5400
2019-04-16,TLT,0.48234946389515915,60
2019-04-16,USO,-1.8829301368598619,986
2019-04-16,UUP,-1.2419605650266741,1100
2019-04-17,GLD,2.9188195491734397,10
2019-04-17,SPY,-0.35284950834866874,5127
2019-04-17,TLT,0.12547935761994827,100
2019-04-17,USO,-0.98392076972762743,909
2019-04-17,UUP,-1.5900984985011126,900
2019-04-18,GLD,3.0013853595740412,14
2019-04-18,SPY,-0.39884736031331341,4890
2019-04-18,TLT,0.069887810383536988,78
2019-04-18,USO,-0.68209818076528372,709
2019-04-18,UUP,-1.3578920700229045,809
2019-04-19,GLD,4.0456910998022639,18
2019-04-19,SPY,-0.37408637400036082,2832
2019-04-19,TLT,0.20367904989802729,35
2019-04-19,USO,0.11352457746567216,387
2019-04-19,UUP,-1.4809334207670997,395
2019-04-20,GLD,1.846088668417412,10
2019-04-20,SPY,-0.54184479163034738,952
2019-04-20,TLT,-0.17578654646333883,5
2019-04-20,USO,-0.32110460393216533,216
2019-04-20,UUP,-0.90748584191319859,154
2019-04-21,GLD,1.0847225000422671,9
2019-04-21,SPY,-0.69925217020082375,817
2019-04-21,TLT,-0.87266604333984721,5
2019-04-21,USO,-0.60991134804843294,222
2019-04-21,UUP,-1.8366720334521596,192
2019-04-22,GLD,6.8773009886239889,6
2019-04-22,SPY,-0.99898294237995666,3198
2019-04-22,TLT,-0.887783970904501,20
2019-04-22,USO,-1.601115668456617,782
2019-04-22,UUP,-1.9598877684387337,1080
2019-04-23,GLD,1.1816920758483438,15
2019-04-23,SPY,-0.37323715415864162,4755
2019-04-23,TLT,-0.19930726499152043,67
2019-04-23,USO,-2.8784626704275729,1318
2019-04-23,UUP,-1.8242062228826286,1117
2019-04-24,GLD,1.0041989731897329,29
2019-04-24,SPY,-0.70683491664957832,6462
2019-04-24,TLT,-0.09273316214970212,91
2019-04-24,USO,-3.063204015940054,1367
2019-04-24,UUP,-1.2802325398529637,1667
2019-04-25,GLD,2.005449861627099,20
2019-04-25,SPY,-0.47727232251478147,7034
2019-04-25,TLT,-0.12668096475827456,67
2019-04-25,USO,-1.6104915344112594,727
2019-04-25,UUP,-0.876743506126795,868
2019-04-26,GLD,3.3644080049370189,11
2019-04-26,SPY,-0.37502235000192841,5071
2019-04-26,TLT,-1.0253879670344428,120
2019-04-26,USO,-1.8424247909197857,922
2019-04-26,UUP,-1.3662786821352724,1215
2019-04-27,GLD,1.4201172303374368,7
2019-04-27,SPY,-1.5044690445230395,1647
2019-04-27,TLT,-1.487021502704134,25
2019-04-27,USO,-1.5553795928525107,418
2019-04-27,UUP,-1.4132196695575037,254
2019-04-28,GLD,1.2795941738902745,6
2019-04-28,SPY,-1.110560168863455,1404
2019-04-28,TLT,-1.4300412390381962,13
2019-04-28,USO,-5.355149917685595,970
2019-04-28,UUP,-2.3784286308716278,333
2019-04-29,GLD,3.5321442102972229,22
2019-04-29,SPY,-0.63611078311841274,4431
2019-04-29,TLT,0.026579737335688282,99
2019-04-29,USO,-1.6377908587324872,876
2019-04-29,UUP,-1.3252518809903859,1419
2019-04-30,GLD,1.7876698864647578,26
2019-04-30,SPY,-0.36281280029787549,5619
2019-04-30,TLT,0.42640389339704765,95
2019-04-30,USO,-1.8050351774340072,945
2019-04-30,UUP,-1.2001980529500555,1281
2019-05-01,GLD,1.8160598200369553,19
2019-05-01,SPY,-0.29841532813878219,4245
2019-05-01,TLT,0.05351081799137998,23
2019-05-01,USO,-2.1046261373229966,740
2019-05-01,UUP,-0.93991190799217728,2377
2019-05-02,GLD,2.3927044201352805,18
2019-05-02,SPY,-0.57406783444787424,4932
2019-05-02,TLT,-0.95857330337657409,72
2019-05-02,USO,-1.7869393144830517,678
2019-05-02,UUP,-2.1220009211439157,2365
2019-05-03,GLD,0.57693290325954372,22
2019-05-03,SPY,-0.96412917123011521,5465
2019-05-03,TLT,-0.35596637269242115,62
2019-05-03,USO,-1.930654628002737,678
2019-05-03,UUP,-0.95314540939096482,1928
2019-05-04,GLD,0.0034611976666900635,2
2019-05-04,SPY,-1.2538950965851392,1723
2019-05-04,TLT,-2.5100907659098617,7
2019-05-04,USO,-0.82533351406775257,248
2019-05-04,UUP,-0.67721100305058712,615
2019-05-05,GLD,3.5941924392663775,6
2019-05-05,SPY,-0.86296026655413183,1359
2019-05-05,TLT,-0.68592558160555317,10
2019-05-05,USO,-0.19489909672497382,321
2019-05-05,UUP,-1.3765070737696956,332
2019-05-06,GLD,-0.5248425566673538,19
2019-05-06,SPY,-1.7059577991975843,5521
2019-05-06,TLT,-1.1988546877186184,73
2019-05-06,USO,-1.0424967426378711,544
2019-05-06,UUP,-2.0804239837635747,990
2019-05-07,GLD,3.3206059871600382,22
2019-05-07,SPY,-1.4744961336439577,5799
2019-05-07,TLT,-0.66673951267851694,87
2019-05-07,USO,-1.1673980929311167,745
2019-05-07,UUP,-1.6957002737295066,692
2019-05-08,GLD,3.7617083728341694,11
2019-05-08,SPY,-1.2181919511671639,5850
2019-05-08,TLT,-1.1508765344544289,77
2019-05-08,USO,-1.3521964530648134,679
2019-05-08,UUP,-1.7786544482793905,581
2019-05-09,GLD,3.026492303009904,24
2019-05-09,SPY,-1.4707011333907498,5830
2019-05-09,TLT,-0.30898334880428563,88
2019-05-09,USO,-1.616639224231913,758
2019-05-09,UUP,-1.9518402301006064,709
2019-05-10,GLD,1.6319561159596621,11
2019-05-10,SPY,-1.4359485632035212,5546
2019-05-10,TLT,0.2490049305417133,112
2019-05-10,USO,-2.3082371797347552,908
2019-05-10,UUP,-1.9432586407539387,1450
2019-05-11,GLD,-0.34774599400991113,4
2019-05-11,SPY,-1.7159168009724723,2345
2019-05-11,TLT,-0.63323874483219544,20
2019-05-11,USO,-1.1664857629463592,477
2019-05-11,UUP,-1.200754121463981,584
2019-05-12,GLD,2.0569317482950051,4
2019-05-12,SPY,-1.1594882367956665,1071
2019-05-12,TLT,-1.7056934773733166,6
2019-05-12,USO,-0.60797177995412954,228
2019-05-12,UUP,-1.4876043130703702,229
2019-05-13,GLD,2.4465602413256775,9
2019-05-13,SPY,-2.0490453163546678,5331
2019-05-13,TLT,-1.429890876226021,72
2019-05-13,USO,-2.4143385412508032,863
2019-05-13,UUP,-2.0699286836218644,830
2019-05-14,GLD,0.39858109432389877,10
2019-05-14,SPY,-1.8604215587049582,6066
2019-05-14,TLT,-0.7269230208994143,80
2019-05-14,USO,-2.1365995843659582,991
2019-05-14,UUP,-1.7201598215951452,850
2019-05-15,GLD,0.64879333125357053,9
2019-05-15,SPY,-1.3451589540765476,5179
2019-05-15,TLT,-1.4705658192052595,188
2019-05-15,USO,-2.1189483246922829,748
2019-05-15,UUP,-1.9661686483363823,936
2019-05-16,GLD,3.267390451490944,23
2019-05-16,SPY,-0.886388884501408,4330
2019-05-16,TLT,-0.68351423200900818,121
2019-05-16,USO,-1.3052464243620296,716
2019-05-16,UUP,-1.7882284661212198,691
2019-05-17,GLD,2.580265653654588,12
2019-05-17,SPY,-1.2386939582624457,4021
2019-05-17,TLT,-1.2174040017454879,77
2019-05-17,USO,-0.737863531127833,624
2019-05-17,UUP,-1.5245936961422615,526
2019-05-18,GLD,1.9923986746606999,4
2019-05-18,SPY,-1.2710391481854864,1230
2019-05-18,TLT,-0.33155342359736972,16
2019-05-18,USO,-0.9188440193552887,425
2019-05-18,UUP,-2.142258474016586,153
2019-05-19,GLD,-0.16681990218982623,8
2019-05-19,SPY,-1.2566058645004006,828
2019-05-19,TLT,-0.37530137798093266,15
2019-05-19,USO,-0.70292257759075472,237
2019-05-19,UUP,-1.8518182888922956,143
2019-05-20,GLD,1.7113738984381774,14
2019-05-20,SPY,-1.4306816813919332,3144
2019-05-20,TLT,-1.1337529877121644,43
2019-05-20,USO,-1.69552532340074,786
2019-05-20,UUP,-1.4636005014217808,559
2019-05-21,GLD,1.7760516616650457,30
2019-05-21,SPY,-1.1641217816448792,3988
2019-05-21,TLT,-0.26150926576935707,49
2019-05-21,USO,-6.9809061414964475,1273
2019-05-21,UUP,-2.5088676414944455,564
2019-05-22,GLD,3.2677021703743119,19
2019-05-22,SPY,-1.1399289354929858,4098
2019-05-22,TLT,-0.66999303867490478,62
2019-05-22,USO,-1.6257572799742024,665
2019-05-22,UUP,-1.7103707591659278,702
2019-05-23,GLD,2.8985287667497022,24
2019-05-23,SPY,-1.580484919002932,4392
2019-05-23,TLT,-1.6083246527543751,59
2019-05-23,USO,-1.5036488745855994,634
2019-05-23,UUP,-2.30202555225007,836
2019-05-24,GLD,2.4955235983952657,13
2019-05-24,SPY,-2.1696209445191905,4871
2019-05-24,TLT,0.36091429607786985,75
2019-05-24,USO,-1.15605377238701,749
2019-05-24,UUP,-1.4907209067088205,476
2019-05-25,GLD,1.5518156548753386,4
2019-05-25,SPY,-1.5421062219600008,1447
2019-05-25,TLT,-1.3517769460252942,16
2019-05-25,USO,-2.7261839910716659,478
2019-05-25,UUP,-1.4025552892525919,294
2019-05-26,GLD,-3.4521409793984819,6
2019-05-26,SPY,-0.809388747560229,896
2019-05-26,TLT,-0.62206633658021,11
2019-05-26,USO,-2.3285836819541164,334
2019-05-26,UUP,-1.5145118716591723,156
2019-05-27,GLD,2.5906680237680679,12
2019-05-27,SPY,-0.41345639979802079,2377
2019-05-27,TLT,-0.070450014418073414,119
2019-05-27,USO,-1.8378476485544368,554
2019-05-27,UUP,-0.53728747837947843,248
2019-05-28,GLD,2.7003690272817074,16
2019-05-28,SPY,-0.689869423715926,3743
2019-05-28,TLT,-1.2891669994194073,181
2019-05-28,USO,-0.84810820490951844,567
2019-05-28,UUP,-1.3233573751248466,343
2019-05-29,GLD,3.5851313325997105,15
2019-05-29,SPY,-1.5644417051685537,4177
2019-05-29,TLT,-1.3913223006942224,103
2019-05-29,USO,-1.5081954653534067,596
2019-05-29,UUP,-2.1054515970752545,393
2019-05-30,GLD,0.015953963993537018,14
2019-05-30,SPY,-1.4876812543945654,6167
2019-05-30,TLT,-0.016742150763243622,132
2019-05-30,USO,-1.2619757390355717,696
2019-05-30,UUP,-1.7763789361238431,581
2019-05-31,GLD,1.6835056146027658,23
2019-05-31,SPY,-1.8528410757739273,4929
2019-05-31,TLT,-2.1776377489999788,162
2019-05-31,USO,-1.4914998796333474,758
2019-05-31,UUP,-1.9707574319380359,645
2019-06-01,GLD,-0.095466552641532809,14
2019-06-01,SPY,-2.1470393550173767,3261
2019-06-01,TLT,-1.7683897017541119,26
2019-06-01,USO,-1.0992861876039732,340
2019-06-01,UUP,-2.4001127430424933,242
2019-06-02,GLD,0.79491250016904047,8
2019-06-02,SPY,-1.067475571901255,1420
2019-06-02,TLT,-0.56623098464016663,20
2019-06-02,USO,-2.2730417989740972,330
2019-06-02,UUP,-1.947347910343902,167
2019-06-03,GLD,0.12011814226799955,20
2019-06-03,SPY,-1.6040722230135738,4189
2019-06-03,TLT,-1.6369248476930121,131
2019-06-03,USO,-1.9672943909010399,711
2019-06-03,UUP,-2.0776260817007062,763
2019-06-04,GLD,-0.36121340460165413,22
2019-06-04,SPY,-1.2615741156031268,4897
2019-06-04,TLT,-0.3480621120185986,121
2019-06-04,USO,-1.2930049942753796,627
2019-06-04,UUP,-2.0079104586883463,1481
2019-06-05,GLD,0.34640374930974493,20
2019-06-05,SPY,-1.1479192433995404,4116
2019-06-05,TLT,-1.4557896555766081,105
2019-06-05,USO,-0.83545592027354809,750
2019-06-05,UUP,-2.5127631485160862,2132
2019-06-06,GLD,1.7910815630502381,20
2019-06-06,SPY,-0.95710294115726879,3802
2019-06-06,TLT,0.0900093919808994,73
2019-06-06,USO,-1.6080983133381297,762
2019-06-06,UUP,-2.11124598518358,1298
2019-06-07,GLD,0.99091539091032321,19
2019-06-07,SPY,-0.85093278629308156,3817
2019-06-07,TLT,-0.56491737930527941,57
2019-06-07,USO,-0.81092268195372286,526
2019-06-07,UUP,-2.1595958530386965,1969
2019-06-08,GLD,1.2291583551817638,9
2019-06-08,SPY,-0.92379746541761709,1366
2019-06-08,TLT,-2.1854375694952992,17
2019-06-08,USO,-0.3584474007786953,323
2019-06-08,UUP,-1.886641713859714,893
2019-06-09,GLD,1.0730572138846302,4
2019-06-09,SPY,-0.97247144347091941,1185
2019-06-09,TLT,-1.50870692218253,12
2019-06-09,USO,-1.32760335012263,227
2019-06-09,UUP,-1.6480399569031272,251
2019-06-10,GLD,0.562742711994104,19
2019-06-10,SPY,-0.55107216601932274,3581
2019-06-10,TLT,0.91246133839284893,60
2019-06-10,USO,-1.340373383743281,582
2019-06-10,UUP,-1.7944347072786837,1078
2019-06-11,GLD,1.2248295770940312,24
2019-06-11,SPY,-1.5433074763044963,5323
2019-06-11,TLT,0.68649780802580662,65
2019-06-11,USO,-1.1453919088936906,657
2019-06-11,UUP,-1.7441807203461053,1033
2019-06-12,GLD,1.3227765127698792,19
2019-06-12,SPY,-1.2827976532392962,4365
2019-06-12,TLT,0.74473747286606784,83
2019-06-12,USO,-1.3284568602084579,718
2019-06-12,UUP,-2.713425124108011,1131
2019-06-13,GLD,1.0530336410270082,22
2019-06-13,SPY,-1.3927109912845419,4050
2019-06-13,TLT,0.17482738303883139,81
2019-06-13,USO,-3.3256277736972732,1095
2019-06-13,UUP,-2.2440834824704781,956
2019-06-14,GLD,0.85358511243277624,31
2019-06-14,SPY,-1.5756702874635944,4072
2019-06-14,TLT,-0.658227502461227,96
2019-06-14,USO,-5.4673095066362913,1399
2019-06-14,UUP,-2.5253621610613597,1152
2019-06-15,GLD,1.2780320268611796,12
2019-06-15,SPY,-1.6289390119972551,1199
2019-06-15,TLT,-1.3094174515338339,21
2019-06-15,USO,-2.11806424858852,344
2019-06-15,UUP,-2.9323681126886405,519
2019-06-16,GLD,2.6153072625170748,12
2019-06-16,SPY,-0.67843762024158372,1396
2019-06-16,TLT,0.0092909915624506956,9
2019-06-16,USO,-0.66983824911815781,196
2019-06-16,UUP,-2.2695715261466765,238
2019-06-17,GLD,1.7681721509074424,25
2019-06-17,SPY,-0.957866665458186,3344
2019-06-17,TLT,-1.0115555825458988,41
2019-06-17,USO,-1.2425778250266986,474
2019-06-17,UUP,-2.3649605634138609,1424
2019-06-18,GLD,1.4561415573199661,40
2019-06-18,SPY,-0.456103596856832,3885
2019-06-18,TLT,0.11240352128472397,89
2019-06-18,USO,-1.4410349963630404,683
2019-06-18,UUP,-1.95023243751191,1396
2019-06-19,GLD,2.3329821127391588,25
2019-06-19,SPY,-1.1769145942072341,5299
2019-06-19,TLT,-0.32623401141364383,93
2019-06-19,USO,-0.72096734530665552,713
2019-06-19,UUP,-1.5231244314679029,2148
2019-06-20,GLD,2.137386645370043,35
2019-06-20,SPY,-0.88445296536614237,4268
2019-06-20,TLT,-0.26260293535929535,74
2019-06-20,USO,-0.889044060095181,891
2019-06-20,UUP,-1.7043291692095464,2170
2019-06-21,GLD,2.4399227345072561,39
2019-06-21,SPY,-1.3207520513539941,3689
2019-06-21,TLT,-0.31445250921590717,66
2019-06-21,USO,-1.4507489433384286,864
2019-06-21,UUP,-2.1013688591868651,1904
2019-06-22,GLD,2.4203019025292241,29
2019-06-22,SPY,-1.0355531569715075,1161
2019-06-22,TLT,-1.4330488600417548,14
2019-06-22,USO,-0.47245893315054083,258
2019-06-22,UUP,-1.9456443868378888,461
2019-06-23,GLD,0.37398560807430142,17
2019-06-23,SPY,-1.7157220775012156,941
2019-06-23,TLT,-0.36751211589120547,12
2019-06-23,USO,-0.40154515470818,206
2019-06-23,UUP,-2.3072788190836473,533
2019-06-24,GLD,1.7865468058385334,32
2019-06-24,SPY,-1.2979825038446573,3915
2019-06-24,TLT,-0.50718954667910643,59
2019-06-24,USO,-0.9619637583272469,604
2019-06-24,UUP,-2.1155447526655382,1480
2019-06-25,GLD,0.95320249158892267,37
2019-06-25,SPY,-1.3447759483545307,3916
2019-06-25,TLT,-0.78180444157742335,106
2019-06-25,USO,-1.6515623369363401,808
2019-06-25,UUP,-1.9660118098111561,2001
2019-06-26,GLD,2.0583252870382687,31
2019-06-26,SPY,-1.0174149470457508,4293
2019-06-26,TLT,-0.32356607586591923,58
2019-06-26,USO,-1.1804492331292071,658
2019-06-26,UUP,-1.9446674840386462,1384
2019-06-27,GLD,0.932373590874424,29
2019-06-27,SPY,-0.95517782384713534,3850
2019-06-27,TLT,0.5204500759837416,76
2019-06-27,USO,-0.56741659722596216,735
2019-06-27,UUP,-1.5008576122484152,1273
2019-06-28,GLD,0.29812627941763747,18
2019-06-28,SPY,-1.2861885810189138,5900
2019-06-28,TLT,0.46420609478735997,73
2019-06-28,USO,0.094766777599150531,909
2019-06-28,UUP,-1.4332984748408404,1385
2019-06-29,GLD,1.0867598843952169,10
2019-06-29,SPY,-1.1343139194112315,1631
2019-06-29,TLT,-1.5553980630126569,15
2019-06-29,USO,-0.42914662083240168,266
2019-06-29,UUP,-0.722909656271422,540
2019-06-30,GLD,-0.5544722442581177,9
2019-06-30,SPY,-1.0902966710193791,1049
2019-06-30,TLT,-1.1366387533058842,11
2019-06-30,USO,0.097767429386948074,223
2019-06-30,UUP,-1.4397684202185883,247
2019-07-01,GLD,2.9941050648789354,19
2019-07-01,SPY,-0.46869177757847058,3681
2019-07-01,TLT,-0.10346136478681311,92
2019-07-01,USO,-1.5069319729521142,899
2019-07-01,UUP,-1.2981638756610314,1065
2019-07-02,GLD,1.5051048916518457,18
2019-07-02,SPY,-1.0611462114943224,4857
2019-07-02,TLT,-0.16385896137862266,88
2019-07-02,USO,-0.67203199412297032,739
2019-07-02,UUP,-1.7193905783510932,1178
2019-07-03,GLD,4.8038644036929634,14
2019-07-03,SPY,-0.5340985968681794,4224
2019-07-03,TLT,1.0199161545265838,125
2019-07-03,USO,-1.1339134818682712,993
2019-07-03,UUP,-1.0534505918530586,1284
2019-07-04,GLD,3.3499164749065926,16
2019-07-04,SPY,-0.83480975807544744,3061
2019-07-04,TLT,-0.33200546284292043,101
2019-07-04,USO,-1.0961456358270614,781
2019-07-04,UUP,-1.188393238989822,938
2019-07-05,GLD,1.3143173089758027,22
2019-07-05,SPY,-1.5156987210065649,3313
2019-07-05,TLT,-0.6663640264638272,72
2019-07-05,USO,-0.18039397289210518,744
2019-07-05,UUP,-2.0466848831592284,2379
2019-07-06,GLD,1.4656007820748578,12
2019-07-06,SPY,-0.84519000548194489,1073
2019-07-06,TLT,-1.4696174222252623,17
2019-07-06,USO,-0.45332127330855387,250
2019-07-06,UUP,-1.7347868109192042,594
2019-07-07,GLD,6.6738310521988193,3
2019-07-07,SPY,-0.42806718703995439,1253
2019-07-07,TLT,-0.75405131445832829,10
2019-07-07,USO,-0.36953044383046374,251
2019-07-07,UUP,-1.4135089782605026,327
2019-07-08,GLD,5.1621282550194856,14
2019-07-08,SPY,-1.399956233484362,3672
2019-07-08,TLT,0.39444790893601073,74
2019-07-08,USO,-0.45279936751719868,685
2019-07-08,UUP,-2.2287671892678467,1478
2019-07-09,GLD,3.1642654716752303,33
2019-07-09,SPY,-1.1181740716507758,4405
2019-07-09,TLT,-0.29958563364239366,75
2019-07-09,USO,-1.093512867639586,649
2019-07-09,UUP,-1.7711424951124326,1314
2019-07-10,GLD,1.4676131487656561,15
2019-07-10,SPY,-1.3630992983112289,4743
2019-07-10,TLT,0.2988311831929133,70
2019-07-10,USO,-0.58496296833347816,746
2019-07-10,UUP,-2.0657341188577676,2562
2019-07-11,GLD,1.6315341682591697,20
2019-07-11,SPY,-1.0676518367201357,4228
2019-07-11,TLT,0.53347775995041369,86
2019-07-11,USO,-1.1572348042102154,660
2019-07-11,UUP,-1.7045003325174812,2202
2019-07-12,GLD,3.1790973443395312,11
2019-07-12,SPY,-1.0115908761097465,4499
2019-07-12,TLT,-0.463843609726538,60
2019-07-12,USO,-0.88965892002243774,678
2019-07-12,UUP,-1.8453709139649044,1914
2019-07-13,GLD,-1.280722938201825,6
2019-07-13,SPY,-1.3561030285541633,2214
2019-07-13,TLT,-1.5193597525199953,10
2019-07-13,USO,-0.93972525768069537,473
2019-07-13,UUP,-1.6049515160121832,371
2019-07-14,GLD,4.2751955353893152,8
2019-07-14,SPY,-1.4036716860313574,1656
2019-07-14,TLT,0.58457373692580727,6
2019-07-14,USO,0.555922745775585,350
2019-07-14,UUP,-1.3622579947652127,341
2019-07-15,GLD,-0.72703136166832716,12
2019-07-15,SPY,-1.0119715263041098,3700
2019-07-15,TLT,0.51713116842499263,50
2019-07-15,USO,-0.08594138276146826,548
2019-07-15,UUP,-1.2671665283136142,1335
2019-07-16,GLD,2.7094584818344054,15
2019-07-16,SPY,-0.83700419311297281,3946
2019-07-16,TLT,0.07266537358734787,46
2019-07-16,USO,-1.0549972002436465,948
2019-07-16,UUP,-1.18086005984537,1676
2019-07-17,GLD,2.17196432471958,8
2019-07-17,SPY,-0.71632041150852344,4397
2019-07-17,TLT,-0.33221893837289068,39
2019-07-17,USO,-0.47763113594905465,910
2019-07-17,UUP,-1.7800499803486685,1379
2019-07-18,GLD,2.4286403226687896,16
2019-07-18,SPY,-0.91954326613682347,4537
2019-07-18,TLT,-0.49743516200243104,55
2019-07-18,USO,-0.62757447227975194,899
2019-07-18,UUP,-1.7291507000012567,1262
2019-07-19,GLD,0.021432503019241267,31
2019-07-19,SPY,-0.6869567879391032,3921
2019-07-19,TLT,0.10873670255129758,64
2019-07-19,USO,-0.68161674940376171,773
2019-07-19,UUP,-1.1775567278531491,1476
2019-07-20,GLD,0.17073812076558104,7
2019-07-20,SPY,-0.99791077435221187,1252
2019-07-20,TLT,-1.9620590025658671,17
2019-07-20,USO,0.47215065896989128,485
2019-07-20,UUP,-1.3271809878164145,465
2019-07-21,GLD,0.049185757689947707,8
2019-07-21,SPY,-0.67167126087736284,936
2019-07-21,TLT,-0.80660522681370872,5
2019-07-21,USO,1.1535862272043107,394
2019-07-21,UUP,-1.4355193789476892,206
2019-07-22,GLD,0.86106695844565884,7
2019-07-22,SPY,-0.56247451280947935,4527
2019-07-22,TLT,0.13206621100119773,53
2019-07-22,USO,-0.37475572260685963,893
2019-07-22,UUP,-1.2013626397993813,1264
2019-07-23,GLD,1.9530249696950419,15
2019-07-23,SPY,-0.16545627489307657,4607
2019-07-23,TLT,1.6566750765375524,42
2019-07-23,USO,0.26598387874580176,812
2019-07-23,UUP,-1.614244251938556,880
2019-07-24,GLD,3.0225958673077118,5
2019-07-24,SPY,-0.68507410013722181,4683
2019-07-24,TLT,0.34542904205599911,69
2019-07-24,USO,-0.018283365836265483,683
2019-07-24,UUP,-1.1968492757995091,768
2019-07-25,GLD,0.80473180271927336,12
2019-07-25,SPY,-1.1168368198678957,5354
2019-07-25,TLT,0.69415841517147614,67
2019-07-25,USO,0.2050852086949434,689
2019-07-25,UUP,-1.4653120708476264,846
2019-07-26,GLD,1.2832704298217741,14
2019-07-26,SPY,-0.33950296396364327,4275
2019-07-26,TLT,0.044997118951139808,63
2019-07-26,USO,-0.72788649689682072,788
2019-07-26,UUP,-1.7921310009722013,1573
2019-07-27,GLD,-0.13505269791225802,5
2019-07-27,SPY,-0.42056680801048041,1318
2019-07-27,TLT,0.83420819488802889,13
2019-07-27,USO,0.5948793107824486,397
2019-07-27,UUP,-1.7853910935164923,593
2019-07-28,GLD,0.51711128341401791,27
2019-07-28,SPY,-0.5965900408947753,891
2019-07-28,TLT,-0.36016715232620777,7
2019-07-28,USO,-0.70027490464155773,243
2019-07-28,UUP,-1.7219591081451915,391
2019-07-29,GLD,-0.85500146471807659,9
2019-07-29,SPY,-0.594230457458226,3432
2019-07-29,TLT,0.71239379529830338,55
2019-07-29,USO,-1.0900579454481076,766
2019-07-29,UUP,-1.7586560640336082,1467
2019-07-30,GLD,0.93321558456134635,10
2019-07-30,SPY,-0.77855353551420414,4625
2019-07-30,TLT,-0.18675958746006172,102
2019-07-30,USO,-0.37342774619585234,797
2019-07-30,UUP,-1.8331146683747046,1649
2019-07-31,GLD,4.7545458657508446,12
2019-07-31,SPY,-1.2221126116961698,5565
2019-07-31,TLT,-0.413950200253497,51
2019-07-31,USO,-0.71863527415162221,720
2019-07-31,UUP,-3.2017215553961451,3458
2019-08-01,GLD,0.64316426424818185,16
2019-08-01,SPY,-1.2753733865828392,5862
2019-08-01,TLT,0.3728719766536962,67
2019-08-01,USO,-0.847666020629281,765
2019-08-01,UUP,-3.0115522289516421,3066
2019-08-02,GLD,0.48311621317573955,15
2019-08-02,SPY,-1.924793747424713,5768
2019-08-02,TLT,-2.009580658779893,70
2019-08-02,USO,-0.88393610705555226,729
2019-08-02,UUP,-2.5950839389691631,2983
2019-08-03,GLD,3.7149517294135923,8
2019-08-03,SPY,-1.5032564298242068,1526
2019-08-03,TLT,-1.3592432984768001,18
2019-08-03,USO,-0.76105066358094486,229
2019-08-03,UUP,-2.9552467524983346,615
2019-08-04,GLD,0.67407783656046216,4
2019-08-04,SPY,-1.2544326603232037,1055
2019-08-04,TLT,-0.30063321664764192,7
2019-08-04,USO,-1.1852736870574609,379
2019-08-04,UUP,-2.2872819210689057,239
2019-08-05,GLD,0.69907399558495853,22
2019-08-05,SPY,-2.6486024115839331,4678
2019-08-05,TLT,-1.6869509075998106,53
2019-08-05,USO,-1.6892261565188453,727
2019-08-05,UUP,-3.3590620312548372,1175
2019-08-06,GLD,-0.67232266300420629,38
2019-08-06,SPY,-2.3806442932324696,6223
2019-08-06,TLT,-1.3702770697507116,57
2019-08-06,USO,-2.278969382436002,776
2019-08-06,UUP,-3.0954151598046407,1309
2019-08-07,GLD,0.36908343805219829,45
2019-08-07,SPY,-1.6709232949740631,5840
2019-08-07,TLT,-0.32652829833193331,103
2019-08-07,USO,-0.72722121168967957,929
2019-08-07,UUP,-3.0384692276316732,1720
2019-08-08,GLD,1.1262566779082559,46
2019-08-08,SPY,-1.4748438677320637,4922
2019-08-08,TLT,-0.00872763938183117,108
2019-08-08,USO,-0.8778943971760963,711
2019-08-08,UUP,-2.3174150589223523,1155
2019-08-09,GLD,1.1049987847820788,30
2019-08-09,SPY,-1.7141115680496521,4792
2019-08-09,TLT,-1.5004343754692269,187
2019-08-09,USO,-1.0902762462592177,618
2019-08-09,UUP,-2.0696935948622128,755
2019-08-10,GLD,4.8096644285426811,9
2019-08-10,SPY,-2.6806760793885092,2003
2019-08-10,TLT,-2.6671847826149313,66
2019-08-10,USO,-1.8435750398561679,295
2019-08-10,UUP,-2.5974646901058276,392
2019-08-11,GLD,3.1286934894787022,11
2019-08-11,SPY,-1.6386711395190083,1032
2019-08-11,TLT,-1.7870001957685131,15
2019-08-11,USO,-2.4736753165979986,239
2019-08-11,UUP,-1.5743197378170279,276
2019-08-12,GLD,-0.17590891650828394,20
2019-08-12,SPY,-2.2758269971947365,3582
2019-08-12,TLT,-1.1291494405831048,118
2019-08-12,USO,-1.9253624789479238,694
2019-08-12,UUP,-2.3917429577557514,759
2019-08-13,GLD,1.0338283495880953,18
2019-08-13,SPY,-1.9719329877843614,4937
2019-08-13,TLT,-1.4533821844139112,80
2019-08-13,USO,-1.349327063846504,552
2019-08-13,UUP,-2.1414622988642478,822
2019-08-14,GLD,1.072018386298079,22
2019-08-14,SPY,-2.2688886018537611,5490
2019-08-14,TLT,-1.5719719441286464,97
2019-08-14,USO,-3.3803348267530056,1095
2019-08-14,UUP,-3.45622317575688,1608
2019-08-15,GLD,1.0663736222966167,7
2019-08-15,SPY,-2.6182615621200851,6187
2019-08-15,TLT,-2.2128802399262835,52
2019-08-15,USO,-2.3907633098956058,828
2019-08-15,UUP,-3.5431007192982604,1980
2019-08-16,GLD,2.8800702768018493,15
2019-08-16,SPY,-1.1831401896149458,6822
2019-08-16,TLT,0.38710940700397312,93
2019-08-16,USO,-0.556593940482123,708
2019-08-16,UUP,-2.898615773653737,1201
2019-08-17,GLD,2.0534298902076311,7
2019-08-17,SPY,-1.9626511918614102,1821
2019-08-17,TLT,-1.5452786618972267,21
2019-08-17,USO,-1.3340383817619044,236
2019-08-17,UUP,-3.3041206485289916,736
2019-08-18,GLD,0.042196676365018948,4
2019-08-18,SPY,-0.74549299634173283,1395
2019-08-18,TLT,-1.6478169371632172,7
2019-08-18,USO,0.44566593271480781,273
2019-08-18,UUP,-3.1317315688754861,746
2019-08-19,GLD,2.6123709716445553,21
2019-08-19,SPY,-0.879811511175295,3991
2019-08-19,TLT,0.32681276229370221,48
2019-08-19,USO,-0.52643290242425178,455
2019-08-19,UUP,-2.7057051431744585,2084
2019-08-20,GLD,1.3581501496730617,11
2019-08-20,SPY,-0.85577011407374248,3263
2019-08-20,TLT,-1.1433561915459964,48
2019-08-20,USO,-1.4672873161889832,462
2019-08-20,UUP,-3.1273741760513967,1717
2019-08-21,GLD,2.0335702498716275,18
2019-08-21,SPY,-1.02851985295104,3929
2019-08-21,TLT,0.78497242164024261,50
2019-08-21,USO,-1.0795447948705938,536
2019-08-21,UUP,-2.9297659469733985,2739
2019-08-22,GLD,3.0407543832449559,22
2019-08-22,SPY,-1.0494738009638145,4036
2019-08-22,TLT,-0.37340525523047469,70
2019-08-22,USO,-2.6975503689860778,731
2019-08-22,UUP,-2.8005309410706563,2403
2019-08-23,GLD,0.85123032000768484,16
2019-08-23,SPY,-1.784977093391978,5198
2019-08-23,TLT,-0.38843564063733416,94
2019-08-23,USO,-0.74366423583574992,556
2019-08-23,UUP,-3.5359358293690972,3462
2019-08-24,GLD,0.888867489472032,5
2019-08-24,SPY,-2.3683105202923627,3020
2019-08-24,TLT,-1.1182849029230433,24
2019-08-24,USO,-1.1079643996025066,228
2019-08-24,UUP,-3.162450775290568,1540
2019-08-25,GLD,1.9223728472797093,4
2019-08-25,SPY,-1.8986139989866062,1603
2019-08-25,TLT,-0.25585836523159022,13
2019-08-25,USO,-1.240004246548901,267
2019-08-25,UUP,-2.92304295937383,656
2019-08-26,GLD,1.9547276122868862,26
2019-08-26,SPY,-1.4044277796068665,4277
2019-08-26,TLT,1.0670135885468073,82
2019-08-26,USO,-0.76552851796079635,616
2019-08-26,UUP,-3.0332256166380196,1482
2019-08-27,GLD,2.4012132556240249,21
2019-08-27,SPY,-0.94947528786465041,3856
2019-08-27,TLT,1.0084887932740094,125
2019-08-27,USO,-0.52684129261337,726
2019-08-27,UUP,-2.2495686955555465,866
2019-08-28,GLD,0.0825240552256243,16
2019-08-28,SPY,-1.4291664773799291,4314
2019-08-28,TLT,0.33276240795654,138
2019-08-28,USO,-1.077156410599958,779
2019-08-28,UUP,-2.1302127980369949,631
2019-08-29,GLD,0.95986105843466074,8
2019-08-29,SPY,-0.7318263360429762,4856
2019-08-29,TLT,0.57327643447138887,192
2019-08-29,USO,-0.55708365544995853,765
2019-08-29,UUP,-1.8241937450677632,778
2019-08-30,GLD,2.516927380092965,11
2019-08-30,SPY,-1.3151421754354846,4392
2019-08-30,TLT,-0.2662877335252023,162
2019-08-30,USO,-0.59797050182163236,671
2019-08-30,UUP,-2.1666774541596219,673
2019-08-31,GLD,4.1005814182855023,6
2019-08-31,SPY,-1.5727440852229873,1388
2019-08-31,TLT,-0.48785947188800521,24
2019-08-31,USO,-1.070199072543033,316
2019-08-31,UUP,-2.8851659791980775,239
2019-09-01,GLD,1.8117916611214526,7
2019-09-01,SPY,-1.3614186127883297,1011
2019-09-01,TLT,-1.1751376134778997,24
2019-09-01,USO,0.93813359260397033,303
2019-09-01,UUP,-0.69646529888322573,252
2019-09-02,GLD,1.9472178496295398,11
2019-09-02,SPY,-1.07665321326904,2196
2019-09-02,TLT,0.5984231045879187,72
2019-09-02,USO,0.070360437705541234,499
2019-09-02,UUP,-2.1693372757151921,241
2019-09-03,GLD,2.0083393766075841,11
2019-09-03,SPY,-1.7498474068684431,3798
2019-09-03,TLT,0.0060452241382510531,84
2019-09-03,USO,-0.74684552419731842,639
2019-09-03,UUP,-2.2948224808166278,474
2019-09-04,GLD,2.22280521521353,23
2019-09-04,SPY,-1.5885614235304519,4233
2019-09-04,TLT,0.8732975657462424,155
2019-09-04,USO,-0.96686594245315449,784
2019-09-04,UUP,-2.5109523176894064,985
2019-09-05,GLD,0.20167858132960784,15
2019-09-05,SPY,-0.85084373197698282,4466
2019-09-05,TLT,0.6594448535103018,59
2019-09-05,USO,-0.66421887784249789,695
2019-09-05,UUP,-1.9038342003067048,729
2019-09-06,GLD,0.965908723022783,18
2019-09-06,SPY,-0.7240630509759256,4549
2019-09-06,TLT,0.38093493846099141,72
2019-09-06,USO,-0.9444294711741914,731
2019-09-06,UUP,-2.2651711167238,1819
2019-09-07,GLD,0.93042029426470252,9
2019-09-07,SPY,-0.910200305604768,1369
2019-09-07,TLT,0.5959237337529546,16
2019-09-07,USO,-0.95505766990863994,258
2019-09-07,UUP,-2.2145320026253548,515
2019-09-08,GLD,-0.38065330707096323,3
2019-09-08,SPY,0.147475139992755,1406
2019-09-08,TLT,0.6456431488770954,19
2019-09-08,USO,0.098720700137640158,203
2019-09-08,UUP,-2.0927818900855049,202
2019-09-09,GLD,4.5057769347943379,12
2019-09-09,SPY,-0.99306135987606459,4128
2019-09-09,TLT,0.529650505678,68
2019-09-09,USO,-0.64199284444042493,922
2019-09-09,UUP,-1.6453773423756912,1325
2019-09-10,GLD,1.6993684762851153,28
2019-09-10,SPY,-0.66678297088050742,4043
2019-09-10,TLT,-0.087745847607426986,89
2019-09-10,USO,-1.4356972596349113,868
2019-09-10,UUP,-2.113620124238011,745
2019-09-11,GLD,1.6997200893161437,15
2019-09-11,SPY,-0.43442026095082736,4798
2019-09-11,TLT,0.49320723335066868,62
2019-09-11,USO,-0.79912369168241437,682
2019-09-11,UUP,-1.746539413272119,1271
2019-09-12,GLD,1.16911041065535,12
2019-09-12,SPY,-0.68708244785123163,4429
2019-09-12,TLT,0.71465825772892611,114
2019-09-12,USO,-1.4377995036984195,811
2019-09-12,UUP,-1.6842785777920597,1222
2019-09-13,GLD,2.3216516366350746,13
2019-09-13,SPY,-0.62992632936164461,4508
2019-09-13,TLT,0.87709972537702308,74
2019-09-13,USO,-1.2168571935487464,681
2019-09-13,UUP,-1.9871769198545823,817
2019-09-14,GLD,0.25825442220236994,4
2019-09-14,SPY,-1.0349201174137581,1648
2019-09-14,TLT,-0.36666893879153323,30
2019-09-14,USO,-1.1846832082108314,253
2019-09-14,UUP,-2.2580227764667091,343
2019-09-15,GLD,4.2888505853530656,8
2019-09-15,SPY,-1.7453448319956082,1783
2019-09-15,TLT,0.70610201204304213,9
2019-09-15,USO,-1.3908601711164523,417
2019-09-15,UUP,-2.0014549183175121,358
2019-09-16,GLD,3.6688469673593387,15
2019-09-16,SPY,-2.0381503732058124,5175
2019-09-16,TLT,-1.569724101331861,61
2019-09-16,USO,-2.7026543862704031,2051
2019-09-16,UUP,-3.0777098822730906,1128
2019-09-17,GLD,0.68976362147695724,17
2019-09-17,SPY,-1.4180292038516071,4849
2019-09-17,TLT,-0.25539314566960336,61
2019-09-17,USO,-2.2946168627259569,1704
2019-09-17,UUP,-2.9971790926465909,1650
2019-09-18,GLD,0.82075421183644726,11
2019-09-18,SPY,-1.3318857587001522,4842
2019-09-18,TLT,-0.22632254271200258,67
2019-09-18,USO,-0.987548389649477,1063
2019-09-18,UUP,-2.9862376270394346,3610
2019-09-19,GLD,1.7034816050654997,18
2019-09-19,SPY,-1.1025051035336955,4624
2019-09-19,TLT,0.074501489679428129,77
2019-09-19,USO,-1.118451499775708,807
2019-09-19,UUP,-2.3919990446171449,2255
2019-09-20,GLD,0.34063444955399735,12
2019-09-20,SPY,-1.408552788014648,4385
2019-09-20,TLT,0.51678733869522453,54
2019-09-20,USO,-0.87741840370495794,773
2019-09-20,UUP,-2.4695430984708908,1249
2019-09-21,GLD,-0.27313132680457941,5
2019-09-21,SPY,-2.4755566322173106,2879
2019-09-21,TLT,0.0029736829051066152,12
2019-09-21,USO,-1.7227838323238489,282
2019-09-21,UUP,-2.1765809396364881,251
2019-09-22,GLD,-0.33731436031986256,4
2019-09-22,SPY,-2.0697017349578024,1953
2019-09-22,TLT,-0.29235825955754624,12
2019-09-22,USO,0.30074979646576311,290
2019-09-22,UUP,-2.0112926958274313,207
2019-09-23,GLD,1.4802992460209414,10
2019-09-23,SPY,-1.5693925477590127,4727
2019-09-23,TLT,-0.83163106892742045,64
2019-09-23,USO,-0.32012381152107544,680
2019-09-23,UUP,-1.6707911072630659,599
2019-09-24,GLD,2.7949231013064484,14
2019-09-24,SPY,-1.6154309988820763,5121
2019-09-24,TLT,0.052990665701297859,56
2019-09-24,USO,-0.73289123434642123,761
2019-09-24,UUP,-1.9567988649132322,582
2019-09-25,GLD,2.4253337394893295,15
2019-09-25,SPY,-1.7169640978078231,4786
2019-09-25,TLT,-0.44838929849125481,63
2019-09-25,USO,-0.23142368456548718,701
2019-09-25,UUP,-1.6023833002684229,463
2019-09-26,GLD,3.1767706901108017,19
2019-09-26,SPY,-0.95070683404574186,4073
2019-09-26,TLT,0.775215855318258,64
2019-09-26,USO,-1.7223155508851447,897
2019-09-26,UUP,-2.0086866620216139,599
2019-09-27,GLD,1.56942987794491,13
2019-09-27,SPY,-0.689543961254515,4885
2019-09-27,TLT,0.68802588726447,70
2019-09-27,USO,-1.3027244335313986,813
2019-09-27,UUP,-1.988470679825461,765
2019-09-28,GLD,0.87211128655800751,7
2019-09-28,SPY,-1.0274293149245191,1477
2019-09-28,TLT,0.65891081145692987,28
2019-09-28,USO,-0.38504164426462639,305
2019-09-28,UUP,-1.6569843377525157,256
2019-09-29,GLD,1.529822284458715,2
2019-09-29,SPY,-0.94579854223270121,1338
2019-09-29,TLT,1.1119975882287432,9
2019-09-29,USO,-0.18148800959007305,261
2019-09-29,UUP,-1.9701230189661634,192
2019-09-30,GLD,1.1470774569023185,13
2019-09-30,SPY,-1.2434554679154028,3819
2019-09-30,TLT,0.57204511560037929,67
2019-09-30,USO,-1.1528888334255842,538
2019-09-30,UUP,-2.0697292694816611,608
2019-10-01,GLD,3.0606230760867663,20
2019-10-01,SPY,-1.2913679153081143,4564
2019-10-01,TLT,-0.83269993471141923,87
2019-10-01,USO,-0.98183454057182762,612
2019-10-01,UUP,-2.3460824699569383,1033
2019-10-02,GLD,1.0929166197853926,18
2019-10-02,SPY,-1.7995857239039226,4424
2019-10-02,TLT,-1.1867702140052292,76
2019-10-02,USO,-1.6712402054066795,661
2019-10-02,UUP,-2.8929985119251529,723
2019-10-03,GLD,1.2536761999347998,19
2019-10-03,SPY,-1.9315564127592129,4240
2019-10-03,TLT,-0.55934690191559611,50
2019-10-03,USO,-3.0210992460648551,1031
2019-10-03,UUP,-2.9979178194209721,917
2019-10-04,GLD,1.1678415755589346,27
2019-10-04,SPY,-1.4862866373428645,4512
2019-10-04,TLT,1.2230497694774181,55
2019-10-04,USO,-1.3678694680508336,562
2019-10-04,UUP,-2.7404689317609461,1768
2019-10-05,GLD,2.2293009363630221,5
2019-10-05,SPY,-1.1911155945164884,1736
2019-10-05,TLT,0.53831176956209981,11
2019-10-05,USO,-1.0042998673903325,523
2019-10-05,UUP,-2.4871707935400251,446
2019-10-06,GLD,0.358240451905658,4
2019-10-06,SPY,-0.90664656417828693,1039
2019-10-06,TLT,1.7217923759965079,4
2019-10-06,USO,-0.94621995160427452,456
2019-10-06,UUP,-2.4593438081067038,234
2019-10-07,GLD,1.6123075437270085,19
2019-10-07,SPY,-1.8731600174686764,3574
2019-10-07,TLT,0.68073761708060243,66
2019-10-07,USO,-0.77403189906213443,580
2019-10-07,UUP,-2.627698598960313,934
2019-10-08,GLD,1.4329670662976768,20
2019-10-08,SPY,-1.6636280209242607,4373
2019-10-08,TLT,-0.33125408557584235,49
2019-10-08,USO,-1.2484397725837053,688
2019-10-08,UUP,-1.7178792752309631,979
2019-10-09,GLD,1.033549567426582,19
2019-10-09,SPY,-1.4077648608336397,3505
2019-10-09,TLT,-0.037269867797820627,52
2019-10-09,USO,-0.47689991916070817,639
2019-10-09,UUP,-2.2169772134317434,1030
2019-10-10,GLD,1.7048933416982386,19
2019-10-10,SPY,-1.1822260968376963,3959
2019-10-10,TLT,0.92905181635598788,62
2019-10-10,USO,-0.48400087034645434,679
2019-10-10,UUP,-1.9670634976277508,705
2019-10-11,GLD,3.01815623705836,22
2019-10-11,SPY,-0.87410301696538828,4059
2019-10-11,TLT,1.5737080770493808,77
2019-10-11,USO,-1.7545184015328585,678
2019-10-11,UUP,-0.87954081094569325,559
2019-10-12,GLD,2.3398208864916672,7
2019-10-12,SPY,-0.74230176004214155,1565
2019-10-12,TLT,0.15154952115783751,19
2019-10-12,USO,-0.61409565159355128,340
2019-10-12,UUP,-1.3961688875434177,254
2019-10-13,GLD,1.085789871504155,2
2019-10-13,SPY,-0.747491034345803,993
2019-10-13,TLT,1.5176526682562106,14
2019-10-13,USO,-0.26275633551279337,205
2019-10-13,UUP,-1.110789313967216,211
2019-10-14,GLD,2.8847063413042826,13
2019-10-14,SPY,-0.74130606700742607,3142
2019-10-14,TLT,1.0300919334128356,45
2019-10-14,USO,-1.5202277133476234,603
2019-10-14,UUP,-0.47424351512933616,444
2019-10-15,GLD,0.79381009944146741,12
2019-10-15,SPY,-1.1937867648080145,4700
2019-10-15,TLT,1.4746323198108895,52
2019-10-15,USO,-0.9165473603057237,590
2019-10-15,UUP,-1.0470708978136496,546
2019-10-16,GLD,2.1014181425773097,22
2019-10-16,SPY,-0.84733096534162755,4582
2019-10-16,TLT,0.32679845493178217,55
2019-10-16,USO,-1.1693220321607245,767
2019-10-16,UUP,-1.5892265418268028,775
2019-10-17,GLD,3.8381845340889864,13
2019-10-17,SPY,-0.54750677982260954,4256
2019-10-17,TLT,0.78418479661454377,52
2019-10-17,USO,-0.97564225348280131,789
2019-10-17,UUP,-2.1576381530951414,839
2019-10-18,GLD,1.0940912179780411,18
2019-10-18,SPY,-1.0408449843351504,4327
2019-10-18,TLT,1.2714400649641948,78
2019-10-18,USO,-1.151061039538652,786
2019-10-18,UUP,-1.5013767949063053,432
2019-10-19,GLD,2.0515927317328959,10
2019-10-19,SPY,-0.87716472639436649,1390
2019-10-19,TLT,1.36762233710161,14
2019-10-19,USO,-1.558126820966877,342
2019-10-19,UUP,-3.1432775028886142,315
2019-10-20,GLD,4.62109997454199,2
2019-10-20,SPY,-0.97989543598185591,1011
2019-10-20,TLT,-0.54492926854215673,6
2019-10-20,USO,-1.3213622406627885,309
2019-10-20,UUP,-2.1866345804596348,171
2019-10-21,GLD,1.0593215028057279,8
2019-10-21,SPY,-1.4448050086916833,4110
2019-10-21,TLT,1.5490909993758681,63
2019-10-21,USO,-1.1164245799916366,615
2019-10-21,UUP,-1.7396050693013456,286
2019-10-22,GLD,3.0934295682141628,18
2019-10-22,SPY,-0.39735363416631919,4405
2019-10-22,TLT,0.83681792269091382,91
2019-10-22,USO,-0.54725799089849947,554
2019-10-22,UUP,-0.94192806306669041,443
2019-10-23,GLD,1.7660904654516152,14
2019-10-23,SPY,-0.49969877232980708,4548
2019-10-23,TLT,0.71258505063350541,105
2019-10-23,USO,-0.39538180702002,599
2019-10-23,UUP,-2.0402571895269914,626
2019-10-24,GLD,1.7423054067444617,25
2019-10-24,SPY,-0.31884464193683359,5423
2019-10-24,TLT,1.0762380927370334,53
2019-10-24,USO,-0.19354911439267697,653
2019-10-24,UUP,-2.2129733280683754,684
2019-10-25,GLD,1.8405972405805584,13
2019-10-25,SPY,-0.41090551286855215,5645
2019-10-25,TLT,0.94494016052742424,34
2019-10-25,USO,-0.28802143037006211,692
2019-10-25,UUP,-1.2834549441037852,685
2019-10-26,GLD,5.03249732008758,3
2019-10-26,SPY,-0.65636913379013717,1732
2019-10-26,TLT,-0.16044418292935947,10
2019-10-26,USO,-0.39068321014634311,287
2019-10-26,UUP,-1.2163321509953988,299
2019-10-27,GLD,0.138600138600139,1
2019-10-27,SPY,-0.61123175322016154,995
2019-10-27,TLT,0.97687134718200619,17
2019-10-27,USO,-0.40625104902954562,214
2019-10-27,UUP,-1.6207468007013739,188
2019-10-28,GLD,1.7357251284670112,18
2019-10-28,SPY,-0.015197256708335372,4181
2019-10-28,TLT,0.55543256715810485,57
2019-10-28,USO,-1.49438536954136,657
2019-10-28,UUP,-1.2161042378220621,1252
2019-10-29,GLD,1.9791017651664586,22
2019-10-29,SPY,-0.364003444799189,4716
2019-10-29,TLT,0.56483644178597514,47
2019-10-29,USO,-2.7794574654679898,959
2019-10-29,UUP,-1.1033414001089938,1100
2019-10-30,GLD,1.8042142766447755,14
2019-10-30,SPY,-0.708241246143227,5303
2019-10-30,TLT,0.673117855610902,74
2019-10-30,USO,-0.27601238525038274,648
2019-10-30,UUP,-1.9954521468757529,2547
2019-10-31,GLD,2.4519698759913764,9
2019-10-31,SPY,-0.46779046395718626,5384
2019-10-31,TLT,0.71017794670567391,51
2019-10-31,USO,-0.30470815467602036,759
2019-10-31,UUP,-1.8116752060176795,1753
2019-11-01,GLD,2.6008051345904337,12
2019-11-01,SPY,-0.64908006200092716,4047
2019-11-01,TLT,1.7346558318533158,37
2019-11-01,USO,-0.97570022989836713,610
2019-11-01,UUP,-1.7374808179971022,1189
2019-11-02,GLD,10.331663087568595,4
2019-11-02,SPY,-1.0284329425608751,1184
2019-11-02,TLT,0.39949445257204946,9
2019-11-02,USO,-1.3538619002340566,343
2019-11-02,UUP,-1.858395351343396,336
2019-11-03,GLD,2.9666418744748011,10
2019-11-03,SPY,-0.47554059360000966,1280
2019-11-03,TLT,1.0833832035819131,13
2019-11-03,USO,-0.5315835239962462,285
2019-11-03,UUP,-1.1633396192868601,201
2019-11-04,GLD,5.1665871926637719,27
2019-11-04,SPY,-0.49055539506281759,4385
2019-11-04,TLT,2.2721872620559034,53
2019-11-04,USO,-0.22069584111128943,506
2019-11-04,UUP,-1.6395483033023055,580
2019-11-05,GLD,1.2491835997035894,19
2019-11-05,SPY,-0.11784843757774265,4606
2019-11-05,TLT,0.76453561667169445,40
2019-11-05,USO,-0.80463443249393074,781
2019-11-05,UUP,-0.88177124099882753,586
2019-11-06,GLD,2.4163832251782473,27
2019-11-06,SPY,-0.34132563932239413,4543
2019-11-06,TLT,1.614180177005766,56
2019-11-06,USO,-0.52511790747691878,853
2019-11-06,UUP,-0.69116010570254827,494
2019-11-07,GLD,2.87452338084505,29
2019-11-07,SPY,-0.23827819251844121,4755
2019-11-07,TLT,0.9039295198917473,62
2019-11-07,USO,-0.29801054226914447,639
2019-11-07,UUP,-0.94618708211897085,605
2019-11-08,GLD,2.9354870432459128,17
2019-11-08,SPY,-0.40672380806728947,5191
2019-11-08,TLT,0.53828554311933752,63
2019-11-08,USO,-0.67352352496114432,613
2019-11-08,UUP,-1.0270800688936867,567
2019-11-09,GLD,3.5139100633350555,8
2019-11-09,SPY,-0.63391736221735517,1531
2019-11-09,TLT,-1.1389512587401258,20
2019-11-09,USO,-0.15767372156627571,301
2019-11-09,UUP,-1.3159618097941668,170
2019-11-10,GLD,-3.4376626208628913,19
2019-11-10,SPY,-0.49553214842800292,819
2019-11-10,TLT,-0.39698162316272118,13
2019-11-10,USO,-0.690578499137858,201
2019-11-10,UUP,-0.99579226612083338,163
2019-11-11,GLD,4.7150127801306043,28
2019-11-11,SPY,-0.84234583460274748,3618
2019-11-11,TLT,-0.53720456339644906,66
2019-11-11,USO,-0.749946452272957,712
2019-11-11,UUP,-1.0793808907609617,439
2019-11-12,GLD,3.3253560277873273,27
2019-11-12,SPY,0.056925532444294082,4952
2019-11-12,TLT,1.3161013825809122,66
2019-11-12,USO,-0.0569058064521344,548
2019-11-12,UUP,-0.95614204545634374,667
2019-11-13,GLD,1.9197891881441604,21
2019-11-13,SPY,-0.73470338487038711,4298
2019-11-13,TLT,-0.27546113600222455,69
2019-11-13,USO,-1.636549193926542,573
2019-11-13,UUP,-1.6113222520306161,1319
2019-11-14,GLD,4.1285448338121284,20
2019-11-14,SPY,-0.75798874075064282,4890
2019-11-14,TLT,-0.16468120620423049,64
2019-11-14,USO,-1.0440262272384506,579
2019-11-14,UUP,-1.9715979453288615,1156
2019-11-15,GLD,4.262568869101325,16
2019-11-15,SPY,-0.52946905496959418,3969
2019-11-15,TLT,0.11639010555391353,75
2019-11-15,USO,-0.29182029202858156,596
2019-11-15,UUP,-1.5858181062639363,870
2019-11-16,GLD,-0.4559735868147099,2
2019-11-16,SPY,-0.7989004771691699,1613
2019-11-16,TLT,-1.3769374879370684,23
2019-11-16,USO,-0.51088737447414345,265
2019-11-16,UUP,-1.6643305441801921,258
2019-11-17,GLD,3.88733730786468,4
2019-11-17,SPY,-0.47236788351266989,1049
2019-11-17,TLT,-0.24248058119383792,9
2019-11-17,USO,-0.04799372110248161,248
2019-11-17,UUP,-1.4740794394047756,120
2019-11-18,GLD,5.256752715183012,10
2019-11-18,SPY,-0.67934823054482762,3492
2019-11-18,TLT,-0.56002028909405732,35
2019-11-18,USO,-0.45365231970953146,494
2019-11-18,UUP,-1.1016123970993739,966
2019-11-19,GLD,3.0612248732977467,21
2019-11-19,SPY,-0.59881340897466373,3920
2019-11-19,TLT,0.050932641300982934,64
2019-11-19,USO,-1.2671671174156987,455
2019-11-19,UUP,-1.311636778854661,762
2019-11-20,GLD,3.3031215612310794,19
2019-11-20,SPY,-1.1172425081051565,3722
2019-11-20,TLT,0.10542381479271208,75
2019-11-20,USO,-2.2266576333637493,578
2019-11-20,UUP,-1.2272940321608243,800
2019-11-21,GLD,-0.13540552345310886,15
2019-11-21,SPY,-0.88248826298333716,4455
2019-11-21,TLT,-0.76947292403436807,48
2019-11-21,USO,-0.95608539967263129,627
2019-11-21,UUP,-1.5620525205509772,580
2019-11-22,GLD,0.72407112617694114,20
2019-11-22,SPY,-0.80020478110671933,4248
2019-11-22,TLT,0.26831607758105691,62
2019-11-22,USO,-0.65422682271165622,676
2019-11-22,UUP,-2.1722699488094661,618
2019-11-23,GLD,0.61849019626021517,9
2019-11-23,SPY,-1.1569173287270371,1203
2019-11-23,TLT,-0.99854905583279163,20
2019-11-23,USO,0.10224992885671896,252
2019-11-23,UUP,-1.2008578922698869,126
2019-11-24,GLD,0.63919431520149739,6
2019-11-24,SPY,-0.36824353491141604,1360
2019-11-24,TLT,0.11584226285876406,9
2019-11-24,USO,-0.068036586631004731,165
2019-11-24,UUP,-0.35121541034479126,181
2019-11-25,GLD,4.228383302045132,19
2019-11-25,SPY,-0.1478862555791508,3638
2019-11-25,TLT,1.2030895038482199,39
2019-11-25,USO,-0.32555694910458483,545
2019-11-25,UUP,-0.49046019918596689,305
2019-11-26,GLD,3.648572625652772,21
2019-11-26,SPY,0.016438323285566388,3985
2019-11-26,TLT,-0.23497004196222374,60
2019-11-26,USO,-0.73766109724887985,493
2019-11-26,UUP,-0.35476085700800869,674
2019-11-27,GLD,5.1118642372314467,13
2019-11-27,SPY,-0.25084859503518819,3374
2019-11-27,TLT,0.34774851639432264,66
2019-11-27,USO,-2.1034096113524465,842
2019-11-27,UUP,-0.79864099577299241,1066
2019-11-28,GLD,4.6059704668754886,16
2019-11-28,SPY,-0.76849067273243621,2193
2019-11-28,TLT,-0.053178772196066419,81
2019-11-28,USO,-2.2657091953226569,673
2019-11-28,UUP,-1.6250002630546703,347
2019-11-29,GLD,3.9304460216806043,14
2019-11-29,SPY,-0.74701091595647,2673
2019-11-29,TLT,0.021747941292026479,55
2019-11-29,USO,-0.70895593652105482,497
2019-11-29,UUP,-1.4769034786763435,400
2019-11-30,GLD,1.7251669831597529,4
2019-11-30,SPY,-1.2053464806590217,972
2019-11-30,TLT,-1.3460928152616662,11
2019-11-30,USO,-1.1291475787772287,281
2019-11-30,UUP,-1.387068461120788,99
2019-12-01,GLD,4.130232921376833,3
2019-12-01,SPY,-1.246569072495725,592
2019-12-01,TLT,-2.3268944363546464,7
2019-12-01,USO,-0.54899677146702364,150
2019-12-01,UUP,-1.1542876398802608,91
2019-12-02,GLD,6.75978314129046,13
2019-12-02,SPY,-0.92235169543795448,2433
2019-12-02,TLT,-1.041635228644058,44
2019-12-02,USO,-0.3667089946997531,509
2019-12-02,UUP,-1.61849109130091,700
2019-12-03,GLD,3.5714555490910911,18
2019-12-03,SPY,-0.69544183584062347,4342
2019-12-03,TLT,-0.4609017252708697,46
2019-12-03,USO,-0.9000750172587888,631
2019-12-03,UUP,-1.308750821950645,470
2019-12-04,GLD,0.34791476312972452,18
2019-12-04,SPY,-0.726794553914605,3865
2019-12-04,TLT,0.66467420302701707,54
2019-12-04,USO,0.11944363829015069,896
2019-12-04,UUP,-1.5466610867567889,332
2019-12-05,GLD,2.7792110467774807,14
2019-12-05,SPY,-1.0140428995189661,3974
2019-12-05,TLT,0.97189138797779007,50
2019-12-05,USO,-0.83124735042192688,819
2019-12-05,UUP,-1.4907374164321658,452
2019-12-06,GLD,-4.5918197420331968,82
2019-12-06,SPY,-1.0040783056000575,4113
2019-12-06,TLT,1.4212414114210239,38
2019-12-06,USO,-0.49138690767251458,762
2019-12-06,UUP,-1.6473060967614757,1372
2019-12-07,GLD,-2.2291848019135561,18
2019-12-07,SPY,-0.65302983804875758,1310
2019-12-07,TLT,-0.88566043389873406,10
2019-12-07,USO,-0.17640438532500646,295
2019-12-07,UUP,-1.2055555433620588,221
2019-12-08,GLD,-2.258565947443516,5
2019-12-08,SPY,-0.632781354025921,796
2019-12-08,TLT,0.0090456665349099089,10
2019-12-08,USO,0.6574112466033617,240
2019-12-08,UUP,-1.1991548122534952,188
2019-12-09,GLD,5.106078113961253,17
2019-12-09,SPY,-0.75101912765748324,3567
2019-12-09,TLT,0.12907151408939613,41
2019-12-09,USO,-0.078861074324877239,603
2019-12-09,UUP,-1.8272453112384652,1341
2019-12-10,GLD,2.2328129602571023,14
2019-12-10,SPY,-1.4435952164207742,5064
2019-12-10,TLT,-0.45281343407553815,50
2019-12-10,USO,-0.79574399237877913,574
2019-12-10,UUP,-1.5444484086313652,1015
2019-12-11,GLD,2.6215956623237,16
2019-12-11,SPY,-1.0161835963614594,4144
2019-12-11,TLT,-0.15504376628151179,57
2019-12-11,USO,-0.3693281071463837,757
2019-12-11,UUP,-1.6076282580241064,1420
2019-12-12,GLD,2.5856827126235058,34
2019-12-12,SPY,-0.43104144982778825,3944
2019-12-12,TLT,0.46757191608051973,54
2019-12-12,USO,-0.75246116175360178,564
2019-12-12,UUP,-1.2009745017374889,1458
2019-12-13,GLD,0.80751044244797854,17
2019-12-13,SPY,-0.270831731494603,5097
2019-12-13,TLT,1.2819567376905563,51
2019-12-13,USO,-0.49186034627945574,622
2019-12-13,UUP,-1.3664801330526744,826
2019-12-14,GLD,3.3499347374911848,18
2019-12-14,SPY,-0.65457867162945249,1425
2019-12-14,TLT,0.57419410911014934,6
2019-12-14,USO,-0.48052899188876874,287
2019-12-14,UUP,-0.94343941083383465,164
2019-12-15,GLD,1.6694956022004541,5
2019-12-15,SPY,-0.91453384962208939,863
2019-12-15,TLT,-0.31084342161467737,5
2019-12-15,USO,-0.62856106662204925,233
2019-12-15,UUP,-1.0910763675565551,186
2019-12-16,GLD,2.4349968715730257,12
2019-12-16,SPY,-0.62926383367653715,3616
2019-12-16,TLT,1.9133141928684063,38
2019-12-16,USO,0.2547909398242707,572
2019-12-16,UUP,-0.16240080748755972,580
2019-12-17,GLD,7.1661863026361488,8
2019-12-17,SPY,-0.89005771789921451,4612
2019-12-17,TLT,0.60520271171433115,34
2019-12-17,USO,-0.24089905905563042,579
2019-12-17,UUP,-0.93046348903802256,992
2019-12-18,GLD,7.7508100816586838,16
2019-12-18,SPY,-0.62547059210533473,3873
2019-12-18,TLT,1.4020915110950185,34
2019-12-18,USO,-0.13952320488672407,625
2019-12-18,UUP,-0.91406571800133429,756
2019-12-19,GLD,1.3330582619090388,12
2019-12-19,SPY,-0.96809984635952517,3852
2019-12-19,TLT,0.82514920376703571,51
2019-12-19,USO,-0.011125993802881012,512
2019-12-19,UUP,-1.4715471669034375,724
2019-12-20,GLD,0.92507717361071684,16
2019-12-20,SPY,-0.45145289473687061,3343
2019-12-20,TLT,1.5109867541023256,48
2019-12-20,USO,-0.49531595140618306,524
2019-12-20,UUP,-0.86805941446841262,770
2019-12-21,GLD,-0.69786794989978285,5
2019-12-21,SPY,-0.93657081306445644,1375
2019-12-21,TLT,-0.29836531010964373,8
2019-12-21,USO,-0.23468186146668615,263
2019-12-21,UUP,-1.3576729534898642,217
2019-12-22,GLD,3.9924812030075172,2
2019-12-22,SPY,-0.59687562462142318,712
2019-12-22,TLT,-0.4192817483689365,5
2019-12-22,USO,0.037781758152747195,228
2019-12-22,UUP,-0.8418236680384551,143
2019-12-23,GLD,4.4361566015949361,13
2019-12-23,SPY,-0.42937789971064788,2899
2019-12-23,TLT,-0.36079570064306782,42
2019-12-23,USO,-0.34966065305577088,465
2019-12-23,UUP,-1.1278020953607837,626
2019-12-24,GLD,5.4813722861907452,19
2019-12-24,SPY,-0.59850221132611958,2856
2019-12-24,TLT,0.26584355277815763,12
2019-12-24,USO,-0.32812469959614965,409
2019-12-24,UUP,-1.0690986388220454,408
2019-12-25,GLD,5.9511961549042374,8
2019-12-25,SPY,-0.66839467779517314,1219
2019-12-25,TLT,0.37087420777461255,4
2019-12-25,USO,0.55833336374789122,295
2019-12-25,UUP,-2.6889523231343806,302
2019-12-26,GLD,4.1833205568277156,12
2019-12-26,SPY,-0.073734098915874749,2019
2019-12-26,TLT,0.35502379812049,8
2019-12-26,USO,0.26695858542480383,462
2019-12-26,UUP,-0.77853142750185556,424
2019-12-27,GLD,5.4229562604255444,11
2019-12-27,SPY,0.016098208258456162,3277
2019-12-27,TLT,0.11368028073096662,75
2019-12-27,USO,-0.32062206096014573,619
2019-12-27,UUP,-1.1224456154088158,507
2019-12-28,GLD,1.3292045691757339,11
2019-12-28,SPY,-0.39130971338117232,956
2019-12-28,TLT,0.77870626765919382,13
2019-12-28,USO,-1.0608382997868639,313
2019-12-28,UUP,-1.2430755506683477,230
2019-12-29,GLD,0.41009985479504696,4
2019-12-29,SPY,-0.85047482646250461,794
2019-12-29,TLT,0.96314947946571339,11
2019-12-29,USO,-1.066239273725095,324
2019-12-29,UUP,-1.0046727137808191,151
2019-12-30,GLD,0.97770251589725565,14
2019-12-30,SPY,-0.70521975308374385,3001
2019-12-30,TLT,0.97996072459001216,65
2019-12-30,USO,-1.8547388607505095,829
2019-12-30,UUP,-0.79052124655979938,766
2019-12-31,GLD,1.2990986196024754,6
2019-12-31,SPY,-0.9373356091090993,3548
2019-12-31,TLT,-0.625914562471861,14
2019-12-31,USO,-0.57002639076972494,511
2019-12-31,UUP,-0.64737982831107554,889
2020-01-01,GLD,0.95942606827594989,2
2020-01-01,SPY,0.11683013566921467,1871
2020-01-01,TLT,-0.31572848080922333,7
2020-01-01,USO,-0.54554649502100783,269
2020-01-01,UUP,-0.73822326530199345,401
2020-01-02,GLD,2.2695580510987989,26
2020-01-02,SPY,-0.22275726587465028,2987
2020-01-02,TLT,1.250476796729669,26
2020-01-02,USO,-0.94586484184072528,550
2020-01-02,UUP,-0.55060997632376485,371
2020-01-03,GLD,-1.6703376435050636,42
2020-01-03,SPY,-1.5499151556865804,3779
2020-01-03,TLT,-2.0462448854937043,55
2020-01-03,USO,-2.4907794108822094,1136
2020-01-03,UUP,-1.898849422716665,665
2020-01-04,GLD,2.9558145212166695,15
2020-01-04,SPY,-1.6483821932975458,1581
2020-01-04,TLT,-1.3466934677831406,17
2020-01-04,USO,-2.1008479290128217,312
2020-01-04,UUP,-2.3298394174640848,291
2020-01-05,GLD,1.8422808810609332,11
2020-01-05,SPY,-1.6729195882311616,918
2020-01-05,TLT,-0.40755127526667245,4
2020-01-05,USO,-0.31668879312164749,250
2020-01-05,UUP,-1.4953325170168905,146
2020-01-06,GLD,0.48729555109106482,68
2020-01-06,SPY,-1.2485598504637105,3240
2020-01-06,TLT,-0.63024206513973979,39
2020-01-06,USO,-2.3644074384545308,1015
2020-01-06,UUP,-1.9568688371323382,505
2020-01-07,GLD,3.3222495774390182,34
2020-01-07,SPY,-1.3517557305540266,3645
2020-01-07,TLT,-0.17487433655148069,52
2020-01-07,USO,-0.81977146007556656,815
2020-01-07,UUP,-1.5984950994663267,407
2020-01-08,GLD,2.7201762115650507,67
2020-01-08,SPY,-1.9646650205791087,3917
2020-01-08,TLT,0.28287898597398031,68
2020-01-08,USO,-2.2764953348156611,1071
2020-01-08,UUP,-1.3296350063491507,321
2020-01-09,GLD,1.2697239362441435,40
2020-01-09,SPY,-1.1983824139805863,3799
2020-01-09,TLT,0.65115853549388336,42
2020-01-09,USO,-1.0397227975005423,744
2020-01-09,UUP,-0.8710681859960262,451
2020-01-10,GLD,2.5522704698577816,20
2020-01-10,SPY,-0.96313263541105909,3570
2020-01-10,TLT,-0.40737051727077717,55
2020-01-10,USO,-0.9504444659546557,686
2020-01-10,UUP,-0.69851065906190635,898
2020-01-11,GLD,0.12148868081071518,2
2020-01-11,SPY,-0.95435279835894549,1210
2020-01-11,TLT,0.15848908465094658,10
2020-01-11,USO,-0.81086767572832719,272
2020-01-11,UUP,-1.2029783921975206,219
2020-01-12,GLD,-0.582641611301336,5
2020-01-12,SPY,-1.1810636447533815,1054
2020-01-12,TLT,-0.17252516204687315,9
2020-01-12,USO,0.038147033581060787,435
2020-01-12,UUP,-2.1593922226237647,220
2020-01-13,GLD,1.9940857670088685,13
2020-01-13,SPY,-0.64676519878488636,3260
2020-01-13,TLT,0.91305848965590519,56
2020-01-13,USO,-0.75363061772392381,789
2020-01-13,UUP,-2.1769824441687304,461
2020-01-14,GLD,1.4889848028934227,17
2020-01-14,SPY,-0.26252380189517732,3576
2020-01-14,TLT,1.3420727016907288,83
2020-01-14,USO,-0.2277883290958149,933
2020-01-14,UUP,-1.0689934654867133,642
2020-01-15,GLD,2.7973547582874669,25
2020-01-15,SPY,-0.27013167944953204,3733
2020-01-15,TLT,0.833342460201773,75
2020-01-15,USO,-0.4491063671616225,666
2020-01-15,UUP,-0.74117839691062049,572
2020-01-16,GLD,2.8510184528083706,18
2020-01-16,SPY,0.019412919134300294,3800
2020-01-16,TLT,0.6749080474852337,64
2020-01-16,USO,-0.26877587041442,666
2020-01-16,UUP,-0.45854476620310214,530
2020-01-17,GLD,2.8905323530397067,14
2020-01-17,SPY,-0.23259172866212402,4050
2020-01-17,TLT,1.5564460354249687,65
2020-01-17,USO,-0.12756724834138122,820
2020-01-17,UUP,-0.84384846316486,753
2020-01-18,GLD,4.2345855053043824,5
2020-01-18,SPY,0.2412720097236456,1533
2020-01-18,TLT,-0.02238237571007573,19
2020-01-18,USO,-3.7297406576596739,498
2020-01-18,UUP,-0.93895150480617151,230
2020-01-19,GLD,0.464646464646466,5
2020-01-19,SPY,-0.8831956279344394,1118
2020-01-19,TLT,-2.1174544780306697,4
2020-01-19,USO,-3.3546769977091553,549
2020-01-19,UUP,-0.15572795324047514,204
2020-01-20,GLD,3.606669841850517,13
2020-01-20,SPY,-0.5325127118022086,2818
2020-01-20,TLT,0.53322323492981327,40
2020-01-20,USO,-1.0821282021802185,650
2020-01-20,UUP,-0.81154442880881483,497
2020-01-21,GLD,3.7308898891379543,18
2020-01-21,SPY,-1.483066619889539,3498
2020-01-21,TLT,-1.1456774933394454,37
2020-01-21,USO,-2.2000900930549219,770
2020-01-21,UUP,-1.4201636953721422,463
2020-01-22,GLD,1.356412114209026,32
2020-01-22,SPY,-1.2987150049349698,4433
2020-01-22,TLT,-1.2545086903689333,57
2020-01-22,USO,-1.4745930613283578,696
2020-01-22,UUP,-1.4066351284946779,462
2020-01-23,GLD,0.67326185099034874,12
2020-01-23,SPY,-1.1845163658194684,4111
2020-01-23,TLT,-0.67149342214350849,49
2020-01-23,USO,-0.9331137804923586,581
2020-01-23,UUP,-1.3993800029859214,393
2020-01-24,GLD,6.04137567799844,15
2020-01-24,SPY,-1.2538207495603901,3643
2020-01-24,TLT,0.37498383347006564,53
2020-01-24,USO,-1.3652795963800806,607
2020-01-24,UUP,-0.89397179165940477,301
2020-01-25,GLD,1.9479781808450265,3
2020-01-25,SPY,-2.9421852614599908,1611
2020-01-25,TLT,-1.3370721919876682,13
2020-01-25,USO,-1.3367853447698728,299
2020-01-25,UUP,-1.1293714636987198,274
2020-01-26,GLD,-0.27641213742132831,24
2020-01-26,SPY,-1.4808417844460684,961
2020-01-26,TLT,-0.84304336652174672,14
2020-01-26,USO,-1.1897175486378937,158
2020-01-26,UUP,-2.0974712356009872,133
2020-01-27,GLD,3.75917617713385,25
2020-01-27,SPY,-1.9322616829495791,3489
2020-01-27,TLT,0.19271543740938529,111
2020-01-27,USO,-2.1763261498571427,520
2020-01-27,UUP,-1.3574728748622766,519
2020-01-28,GLD,3.1596746566150511,19
2020-01-28,SPY,-1.4559625694502654,4301
2020-01-28,TLT,0.095601263810859885,91
2020-01-28,USO,-2.1609125448053317,586
2020-01-28,UUP,-1.9371789154654084,734
2020-01-29,GLD,1.8712863463940326,15
2020-01-29,SPY,-0.81297071108807417,5590
2020-01-29,TLT,1.5941405092698573,62
2020-01-29,USO,-0.92380231872300911,594
2020-01-29,UUP,-1.7131644577601122,1206
2020-01-30,GLD,2.2559916515330372,16
2020-01-30,SPY,-0.9848202611012794,4569
2020-01-30,TLT,-0.19646591451403489,61
2020-01-30,USO,-1.1687546363303527,684
2020-01-30,UUP,-2.2562588002318864,1249
2020-01-31,GLD,2.4938547651014629,20
2020-01-31,SPY,-1.3622538237108268,4042
2020-01-31,TLT,-1.0800977565173595,41
2020-01-31,USO,-1.235432638817237,625
2020-01-31,UUP,-1.5909278200318469,481
2020-02-01,GLD,5.67643330282285,10
2020-02-01,SPY,-1.6805862483870508,1499
2020-02-01,TLT,-1.8678935842814002,14
2020-02-01,USO,-2.4442173149497304,416
2020-02-01,UUP,-1.610416886484582,288
2020-02-02,GLD,0.22322749178702989,12
2020-02-02,SPY,-1.2562138518855128,1061
2020-02-02,TLT,-0.17413569270852283,72
2020-02-02,USO,-0.64815531132703019,355
2020-02-02,UUP,-1.3936389279841426,126
2020-02-03,GLD,1.2672434678398345,13
2020-02-03,SPY,-1.7202707697821853,4298
2020-02-03,TLT,0.39874562371637667,53
2020-02-03,USO,-1.96385519240612,770
2020-02-03,UUP,-1.8517501117534791,398
2020-02-04,GLD,1.9284445523148763,17
2020-02-04,SPY,-0.78989881088493163,4718
2020-02-04,TLT,-0.044244391825195281,67
2020-02-04,USO,-1.7766445196196392,719
2020-02-04,UUP,-1.6813840929781789,457
2020-02-05,GLD,5.1166204278246958,14
2020-02-05,SPY,-0.66940685384490861,5365
2020-02-05,TLT,0.8433306158742041,64
2020-02-05,USO,-1.0401266198066874,813
2020-02-05,UUP,-1.7863314339727552,577
2020-02-06,GLD,2.3904222187731543,23
2020-02-06,SPY,-0.39360981052578176,4873
2020-02-06,TLT,0.078331156265691787,50
2020-02-06,USO,-0.79162972414662514,569
2020-02-06,UUP,-1.4967005316059632,330
2020-02-07,GLD,4.2812675589341165,11
2020-02-07,SPY,-0.86730197827970912,4012
2020-02-07,TLT,-1.1551808874222924,41
2020-02-07,USO,-1.1117702271974597,624
2020-02-07,UUP,-1.5444167566925333,736
2020-02-08,GLD,0.0,1
2020-02-08,SPY,-1.1484181445782273,1509
2020-02-08,TLT,-0.33724248946780333,21
2020-02-08,USO,-1.3962725181839188,339
2020-02-08,UUP,-1.9028511243194264,254
2020-02-09,GLD,3.54232011335861,3
2020-02-09,SPY,-0.65661857344407593,1036
2020-02-09,TLT,-0.65544443103141414,14
2020-02-09,USO,-1.4443839071290863,300
2020-02-09,UUP,-1.6159453877322152,124
2020-02-10,GLD,1.5663405699550363,5
2020-02-10,SPY,-1.0614021313534279,3393
2020-02-10,TLT,-0.3757171073133922,54
2020-02-10,USO,-1.5794687828186083,554
2020-02-10,UUP,-2.3659593845395515,601
2020-02-11,GLD,1.6034258264290817,13
2020-02-11,SPY,-0.663688647161055,3562
2020-02-11,TLT,0.22221419532495545,72
2020-02-11,USO,-1.0438964002093591,759
2020-02-11,UUP,-1.6726260653784197,1093
2020-02-12,GLD,2.5180602592010843,59
2020-02-12,SPY,-0.45016626686093841,3880
2020-02-12,TLT,0.22229350125527256,55
2020-02-12,USO,-1.3530756066481961,814
2020-02-12,UUP,-1.5704130862131631,880
2020-02-13,GLD,3.1931367316792429,17
2020-02-13,SPY,-1.0137753107438074,4389
2020-02-13,TLT,-0.33586618710278149,87
2020-02-13,USO,-1.2325465720719957,702
2020-02-13,UUP,-1.4515172074819249,860
2020-02-14,GLD,4.0909336105748695,28
2020-02-14,SPY,-1.579046298522655,4086
2020-02-14,TLT,0.53349804386008082,47
2020-02-14,USO,-1.2573891599031712,590
2020-02-14,UUP,-1.6139302119430403,627
2020-02-15,GLD,1.175426020606307,6
2020-02-15,SPY,-1.9558427427525231,1465
2020-02-15,TLT,-0.78731105973609339,14
2020-02-15,USO,-0.50769449534735278,410
2020-02-15,UUP,-1.793525354129121,224
2020-02-16,GLD,0.98814700197121,3
2020-02-16,SPY,-1.3684256590182902,897
2020-02-16,TLT,0.88757862637574259,6
2020-02-16,USO,-0.49869312603887844,271
2020-02-16,UUP,-1.2647257255923161,159
2020-02-17,GLD,0.527636209242775,20
2020-02-17,SPY,-0.9345890538694902,2068
2020-02-17,TLT,0.91328845709462814,48
2020-02-17,USO,-1.0896902517437641,441
2020-02-17,UUP,-0.93215481621077678,492
2020-02-18,GLD,1.3229412671994558,38
2020-02-18,SPY,-2.1834598527190576,4419
2020-02-18,TLT,-0.17329154939167746,37
2020-02-18,USO,-1.0520648785606741,757
2020-02-18,UUP,-0.89394523403810822,285
2020-02-19,GLD,2.2749175746474393,23
2020-02-19,SPY,-1.7782649313595016,6008
2020-02-19,TLT,1.025335893246327,30
2020-02-19,USO,-0.85706475747193511,621
2020-02-19,UUP,-1.4773450842735087,904
2020-02-20,GLD,1.536259876013953,37
2020-02-20,SPY,-1.0977938807841972,5062
2020-02-20,TLT,-0.9989926353908537,35
2020-02-20,USO,-1.1060860189109754,734
2020-02-20,UUP,-1.8201876026305783,808
2020-02-21,GLD,2.2687652319779055,19
2020-02-21,SPY,-1.4629246650540564,4061
2020-02-21,TLT,-0.872370404928849,43
2020-02-21,USO,-1.4010604073654753,641
2020-02-21,UUP,-2.2420028844972184,607
2020-02-22,GLD,2.3685500842774903,8
2020-02-22,SPY,-1.0062637373953676,1411
2020-02-22,TLT,-0.733966676259869,9
2020-02-22,USO,-1.7378416018225056,313
2020-02-22,UUP,-2.2380866855730219,296
2020-02-23,GLD,0.61183991277549776,16
2020-02-23,SPY,-0.41655025290399139,1293
2020-02-23,TLT,-1.4518590205587323,4
2020-02-23,USO,0.95151342129973693,672
2020-02-23,UUP,-1.8935492199951891,213
2020-02-24,GLD,0.16290332347220271,50
2020-02-24,SPY,-2.6254643939895503,4917
2020-02-24,TLT,-1.918250941505143,90
2020-02-24,USO,-1.7435083404483374,628
2020-02-24,UUP,-3.0170464586725725,777
2020-02-25,GLD,0.41577611155380506,25
2020-02-25,SPY,-2.7499771900812173,7282
2020-02-25,TLT,-2.5397401454519568,108
2020-02-25,USO,-1.5871518922604602,591
2020-02-25,UUP,-3.2465546008935195,849
2020-02-26,GLD,1.4053564766465005,54
2020-02-26,SPY,-2.5413751536403555,6248
2020-02-26,TLT,-1.6797033146177047,75
2020-02-26,USO,-1.282503660534476,692
2020-02-26,UUP,-3.1571697781442634,800
2020-02-27,GLD,1.2970441189102517,26
2020-02-27,SPY,-2.4993992774638838,6656
2020-02-27,TLT,-0.68069795589773863,79
2020-02-27,USO,-1.6165624901463318,848
2020-02-27,UUP,-3.0123990848204039,1131
2020-02-28,GLD,1.2747844734461593,38
2020-02-28,SPY,-3.4439967195772754,9414
2020-02-28,TLT,-2.1314040730954424,133
2020-02-28,USO,-1.5763881160614834,846
2020-02-28,UUP,-4.05514839185109,2336
2020-02-29,GLD,1.2972592916481316,7
2020-02-29,SPY,-3.48816247830109,3203
2020-02-29,TLT,-2.7693591437700045,25
2020-02-29,USO,-1.148263959805464,266
2020-02-29,UUP,-4.1498449433462063,1484
2020-03-01,GLD,-0.95024181818729048,6
2020-03-01,SPY,-2.4079534645619929,1491
2020-03-01,TLT,-1.5217231276234708,24
2020-03-01,USO,-0.99630874105804734,340
2020-03-01,UUP,-3.9032465170486428,930
2020-03-02,GLD,1.6180512802844009,30
2020-03-02,SPY,-2.1537949336502518,5187
2020-03-02,TLT,-0.7962224017663021,79
2020-03-02,USO,-1.1338995666510057,658
2020-03-02,UUP,-2.6305983468970848,1255
2020-03-03,GLD,3.340588307115115,33
2020-03-03,SPY,-2.1169624388475867,7429
2020-03-03,TLT,-0.31121271904331316,92
2020-03-03,USO,-1.2772136022952476,746
2020-03-03,UUP,-3.1791331695187219,4074
2020-03-04,GLD,0.535733218902451,19
2020-03-04,SPY,-2.1179179237285548,6205
2020-03-04,TLT,-0.65894525219347522,78
2020-03-04,USO,-1.3444377768615845,779
2020-03-04,UUP,-3.0749483275628458,3101
2020-03-05,GLD,1.7561371181980354,18
2020-03-05,SPY,-2.0502861077457619,5213
2020-03-05,TLT,-0.94124226006825018,62
2020-03-05,USO,-1.4652315172822028,769
2020-03-05,UUP,-2.73613612888457,2021
2020-03-06,GLD,1.2862629493746551,23
2020-03-06,SPY,-2.7562225378371115,6583
2020-03-06,TLT,-1.9635254638957422,128
2020-03-06,USO,-1.990594381958831,1112
2020-03-06,UUP,-3.31690108534332,1831
2020-03-07,GLD,2.1435889413670686,8
2020-03-07,SPY,-2.132933053604904,3193
2020-03-07,TLT,-3.8649266556997652,66
2020-03-07,USO,-2.0425406937375667,550
2020-03-07,UUP,-3.0528058922639083,601
2020-03-08,GLD,-4.51280951870511,1
2020-03-08,SPY,-1.5750568587797829,1533
2020-03-08,TLT,-2.5550933966778939,18
2020-03-08,USO,-1.9491437851321669,453
2020-03-08,UUP,-3.5401043684612827,413
2020-03-09,GLD,0.44643810998951877,29
2020-03-09,SPY,-3.827923597894253,8370
2020-03-09,TLT,-2.6768535518916687,197
2020-03-09,USO,-3.2738698742697085,2981
2020-03-09,UUP,-4.0840212840987364,2050
2020-03-10,GLD,0.72781518218405794,33
2020-03-10,SPY,-3.1349385078489118,11028
2020-03-10,TLT,-1.4411967444347309,127
2020-03-10,USO,-2.3756976107403522,1923
2020-03-10,UUP,-3.3607661765187689,1742
2020-03-11,GLD,0.958375744168077,20
2020-03-11,SPY,-3.1002171828654217,8619
2020-03-11,TLT,-0.3567528947064198,74
2020-03-11,USO,-2.4445476045490904,1254
2020-03-11,UUP,-3.4256714079742476,1683
2020-03-12,GLD,-1.1328877708116667,35
2020-03-12,SPY,-3.7119949349576431,12593
2020-03-12,TLT,-1.9997776692552902,197
2020-03-12,USO,-2.054691353906164,1121
2020-03-12,UUP,-3.7960241673135307,2028
2020-03-13,GLD,-1.1372174323340929,34
2020-03-13,SPY,-3.2808712614845605,9919
2020-03-13,TLT,-1.0256105898514021,166
2020-03-13,USO,-3.3554386846230164,1120
2020-03-13,UUP,-3.55034322641365,3326
2020-03-14,GLD,2.5835249105718576,4
2020-03-14,SPY,-3.1363435769125183,3196
2020-03-14,TLT,-1.9520420697436029,25
2020-03-14,USO,-4.0095032351196052,667
2020-03-14,UUP,-3.0421884452554249,738
2020-03-15,GLD,-1.2550377003453725,4
2020-03-15,SPY,-2.5919586521995241,2203
2020-03-15,TLT,-2.1098261959076825,16
2020-03-15,USO,-2.1910486560724194,347
2020-03-15,UUP,-2.2518748929871362,1394
2020-03-16,GLD,0.16518277018997879,46
2020-03-16,SPY,-2.9373319201730945,9041
2020-03-16,TLT,-2.0839562807780818,137
2020-03-16,USO,-2.4558446385890758,972
2020-03-16,UUP,-2.9336738642271967,8810
2020-03-17,GLD,-0.30984758949211527,25
2020-03-17,SPY,-3.1373199739330366,9864
2020-03-17,TLT,-0.82701655559338572,122
2020-03-17,USO,-1.7177186139267697,966
2020-03-17,UUP,-3.1346171285667861,4077
2020-03-18,GLD,0.16983276918005144,27
2020-03-18,SPY,-2.8202710037578376,9607
2020-03-18,TLT,-1.464561868415202,116
2020-03-18,USO,-2.0914893810357014,1256
2020-03-18,UUP,-2.4022011512017358,3301
2020-03-19,GLD,2.9989124432509913,19
2020-03-19,SPY,-2.832700300842812,8297
2020-03-19,TLT,-0.66603742386811837,117
2020-03-19,USO,-2.2135747283543643,1200
2020-03-19,UUP,-2.7061311098524068,2892
2020-03-20,GLD,-0.93200779761124242,14
2020-03-20,SPY,-2.2950943831992539,5857
2020-03-20,TLT,-0.27646454029540857,77
2020-03-20,USO,-1.6514836360355261,1228
2020-03-20,UUP,-2.268152962441238,2365
2020-03-21,GLD,1.93965074939285,8
2020-03-21,SPY,-3.157297809072138,2945
2020-03-21,TLT,-1.845102213439044,22
2020-03-21,USO,-2.0305076930256947,360
2020-03-21,UUP,-2.3572302120310935,900
2020-03-22,GLD,2.5914477392652797,5
2020-03-22,SPY,-2.8270345329990296,1742
2020-03-22,TLT,-1.3992974694798981,18
2020-03-22,USO,-0.79527220931565068,295
2020-03-22,UUP,-2.4590878902700815,1607
2020-03-23,GLD,1.2853639280839901,15
2020-03-23,SPY,-2.5123287798682004,6180
2020-03-23,TLT,-0.31987697988490255,146
2020-03-23,USO,-2.0523585467153742,856
2020-03-23,UUP,-2.299683501719036,4385
2020-03-24,GLD,1.2437744438385647,18
2020-03-24,SPY,-1.8734818774279438,7214
2020-03-24,TLT,-0.31720949858208741,105
2020-03-24,USO,-1.2667714710628788,785
2020-03-24,UUP,-2.6724765795513106,3987
2020-03-25,GLD,0.52224802386027447,23
2020-03-25,SPY,-1.8370513007801428,7441
2020-03-25,TLT,0.65527731206566764,85
2020-03-25,USO,-1.453740273412772,841
2020-03-25,UUP,-1.9583642235851191,2094
2020-03-26,GLD,1.5946258031673572,19
2020-03-26,SPY,-1.8750012900409938,5745
2020-03-26,TLT,0.23186831027314453,124
2020-03-26,USO,-4.5691030876078385,1396
2020-03-26,UUP,-2.1330738648742704,1821
2020-03-27,GLD,0.80774315124361828,11
2020-03-27,SPY,-1.9458214184946536,6361
2020-03-27,TLT,-0.618474167990634,73
2020-03-27,USO,-2.0127767422141991,914
2020-03-27,UUP,-1.9174838466729414,2296
2020-03-28,GLD,1.5384477731818129,8
2020-03-28,SPY,-2.4696399399188347,2037
2020-03-28,TLT,-1.6547366830738863,17
2020-03-28,USO,-1.7590049279010116,356
2020-03-28,UUP,-2.4206528391841662,801
2020-03-29,GLD,9.34065934065934,1
2020-03-29,SPY,-2.0386979403027765,1033
2020-03-29,TLT,-1.1835797420743626,14
2020-03-29,USO,-0.57707981740094139,360
2020-03-29,UUP,-2.5665593262906343,423
2020-03-30,GLD,1.1276166183794081,19
2020-03-30,SPY,-2.1707719544847528,4147
2020-03-30,TLT,-0.87918909069701245,68
2020-03-30,USO,-2.446963174190584,1359
2020-03-30,UUP,-2.4460942569233453,1410
2020-03-31,GLD,0.78994053730046443,42
2020-03-31,SPY,-1.8043360917734077,5107
2020-03-31,TLT,-0.43262553831604172,91
2020-03-31,USO,-1.456191730615257,1160
2020-03-31,UUP,-1.4475133741657384,1566
2020-04-01,GLD,0.88174818354662809,49
2020-04-01,SPY,-2.7627778258801015,5593
2020-04-01,TLT,-1.5414229605935739,55
2020-04-01,USO,-2.0775834200905985,1024
2020-04-01,UUP,-2.17190623185529,1217
2020-04-02,GLD,0.066224002345982025,17
2020-04-02,SPY,-3.1177149127612465,6401
2020-04-02,TLT,-0.40673629338445744,79
2020-04-02,USO,-1.701352941917593,1171
2020-04-02,UUP,-2.0187682933558282,1457
2020-04-03,GLD,1.0551677054766988,23
2020-04-03,SPY,-2.5881264847608434,4715
2020-04-03,TLT,-1.8501213386554065,62
2020-04-03,USO,-1.2547359636138122,1108
2020-04-03,UUP,-3.158217580112098,1454
2020-04-04,GLD,2.2547033858526837,8
2020-04-04,SPY,-2.7106188443219383,1404
2020-04-04,TLT,-1.9881047749296643,18
2020-04-04,USO,-1.5816138074392208,369
2020-04-04,UUP,-2.560663345591589,491
2020-04-05,GLD,0.97242043716720961,8
2020-04-05,SPY,-2.0749342256723065,1007
2020-04-05,TLT,-0.86994235525012642,13
2020-04-05,USO,-1.2508601772871273,254
2020-04-05,UUP,-3.1280835056769365,289
2020-04-06,GLD,2.1149670778409333,12
2020-04-06,SPY,-2.0911066066285362,3962
2020-04-06,TLT,0.32605651246498424,88
2020-04-06,USO,-2.1444256352447613,738
2020-04-06,UUP,-2.180184349125557,1184
2020-04-07,GLD,1.5081325013500426,22
2020-04-07,SPY,-2.133976451245323,5534
2020-04-07,TLT,0.39742127877409744,88
2020-04-07,USO,-1.7867274045026247,769
2020-04-07,UUP,-1.8229077496056867,1240
2020-04-08,GLD,2.1018610306121297,14
2020-04-08,SPY,-2.3273594146074124,4398
2020-04-08,TLT,-0.43943530938141612,91
2020-04-08,USO,-0.9807303273380038,868
2020-04-08,UUP,-2.13905882501208,1062
2020-04-09,GLD,0.81253228038347247,13
2020-04-09,SPY,-1.6710998383867339,5492
2020-04-09,TLT,0.60692322698760914,83
2020-04-09,USO,-1.2045779152793097,923
2020-04-09,UUP,-2.1058979364075681,2677
2020-04-10,GLD,3.9448891861639463,8
2020-04-10,SPY,-1.5245774646254591,2846
2020-04-10,TLT,-0.50410901183430368,24
2020-04-10,USO,-1.2224264662046656,956
2020-04-10,UUP,-1.633956884628988,1577
2020-04-11,GLD,0.96181099341169984,9
2020-04-11,SPY,-1.9401521071933048,1167
2020-04-11,TLT,-0.69881465060529646,32
2020-04-11,USO,-1.1012122337737338,276
2020-04-11,UUP,-1.9935775473206316,480
2020-04-12,GLD,1.9598945637306593,9
2020-04-12,SPY,-1.3881352293998426,1272
2020-04-12,TLT,-2.6345392947979023,12
2020-04-12,USO,-1.2441857092128306,445
2020-04-12,UUP,-1.9028841732667763,555
2020-04-13,GLD,1.5705284964162654,14
2020-04-13,SPY,-1.9495661375064481,2856
2020-04-13,TLT,-1.3394794304963367,30
2020-04-13,USO,-1.7306297883899631,1196
2020-04-13,UUP,-2.2910450837290877,1255
2020-04-14,GLD,1.7394666454394105,25
2020-04-14,SPY,-1.3845445517376407,3884
2020-04-14,TLT,0.26450375396079195,81
2020-04-14,USO,-1.5179046558700167,994
2020-04-14,UUP,-2.2923772313393753,1595
2020-04-15,GLD,0.954830704907677,22
2020-04-15,SPY,-1.6766253952703323,4045
2020-04-15,TLT,-1.5676163421454579,131
2020-04-15,USO,-1.6463479737263553,964
2020-04-15,UUP,-3.092435372379831,1244
2020-04-16,GLD,0.99284742284007943,29
2020-04-16,SPY,-2.222249111236716,4158
2020-04-16,TLT,0.4150783365689461,107
2020-04-16,USO,-1.4967169196727885,875
2020-04-16,UUP,-2.6651686030956321,2006
2020-04-17,GLD,0.78460140607972562,20
2020-04-17,SPY,-1.4709104658446792,4564
2020-04-17,TLT,0.98465147399867048,111
2020-04-17,USO,-0.91374773858524894,840
2020-04-17,UUP,-1.9152931955513737,1291
2020-04-18,GLD,1.7101041491935611,9
2020-04-18,SPY,-1.5938387227880644,1569
2020-04-18,TLT,0.11895477760446005,28
2020-04-18,USO,-1.7281707606620389,325
2020-04-18,UUP,-1.6375771257053664,731
2020-04-19,GLD,-2.0940305761915132,4
2020-04-19,SPY,-1.6074269757979631,992
2020-04-19,TLT,-0.44317306469809714,7
2020-04-19,USO,-1.3917327438849905,303
2020-04-19,UUP,-1.8786862880189439,309
2020-04-20,GLD,1.104366008733531,33
2020-04-20,SPY,-1.9791972801738948,3966
2020-04-20,TLT,-1.1608662264129117,99
2020-04-20,USO,-3.4471903046605017,1960
2020-04-20,UUP,-2.4074967073303442,948
2020-04-21,GLD,1.6240334145417934,19
2020-04-21,SPY,-2.6008097904194676,5181
2020-04-21,TLT,-2.2658478690845616,110
2020-04-21,USO,-3.35329002246431,3838
2020-04-21,UUP,-1.8398217593951456,1324
2020-04-22,GLD,1.2769950055064987,54
2020-04-22,SPY,-1.8756120212154508,4692
2020-04-22,TLT,0.24207580053420158,77
2020-04-22,USO,-2.8573525861470586,2233
2020-04-22,UUP,-1.5442240441412842,853
2020-04-23,GLD,2.4392889744272241,34
2020-04-23,SPY,-1.395013164711203,4143
2020-04-23,TLT,-0.1196988110751301,63
2020-04-23,USO,-2.2839263043576041,1483
2020-04-23,UUP,-2.2643020521821029,1394
2020-04-24,GLD,0.74502904546575177,17
2020-04-24,SPY,-1.7118742032349985,3835
2020-04-24,TLT,-0.49697619655691888,116
2020-04-24,USO,-2.2737693906498775,1124
2020-04-24,UUP,-1.6056618285876338,924
2020-04-25,GLD,2.7106538892686078,11
2020-04-25,SPY,-1.2808553188414569,1281
2020-04-25,TLT,-0.75375072912797547,14
2020-04-25,USO,-1.3750877873043312,391
2020-04-25,UUP,-1.8113251440165239,228
2020-04-26,GLD,1.90199762762507,8
2020-04-26,SPY,-2.0345063263950545,1047
2020-04-26,TLT,-1.727521152758952,4
2020-04-26,USO,-2.001974316102924,436
2020-04-26,UUP,-1.8032558368185798,265
2020-04-27,GLD,0.29024261622188907,29
2020-04-27,SPY,-1.1371751749322168,3746
2020-04-27,TLT,0.53214850299994654,79
2020-04-27,USO,-2.5946245862640316,1184
2020-04-27,UUP,-1.6144427965802954,916
2020-04-28,GLD,1.8157676200810635,14
2020-04-28,SPY,-1.0488751107715084,4586
2020-04-28,TLT,0.96815033609000756,70
2020-04-28,USO,-2.3862204217677063,1455
2020-04-28,UUP,-1.3664298144121603,1042
2020-04-29,GLD,2.2827387058407758,13
2020-04-29,SPY,-1.0495909478194854,5318
2020-04-29,TLT,-0.37007782558717461,125
2020-04-29,USO,-1.531833512175802,1151
2020-04-29,UUP,-1.5462061363858093,1832
2020-04-30,GLD,1.382943149041473,23
2020-04-30,SPY,-1.1760906849741475,5519
2020-04-30,TLT,-0.723098857404292,117
2020-04-30,USO,-1.3592792739999475,1084
2020-04-30,UUP,-1.9437491859216152,1868
2020-05-01,GLD,0.46998813458579419,11
2020-05-01,SPY,-1.8843310995662323,3711
2020-05-01,TLT,-0.0060192779940333348,28
2020-05-01,USO,-1.1021335121704714,711
2020-05-01,UUP,-2.24700240120078,1153
2020-05-02,GLD,3.1515197221079565,3
2020-05-02,SPY,-2.212212887538449,1686
2020-05-02,TLT,-1.9608563456897656,13
2020-05-02,USO,-1.3298166547617312,311
2020-05-02,UUP,-1.5333296384625059,236
2020-05-03,GLD,3.4935737184834341,7
2020-05-03,SPY,-1.9122290311353209,1048
2020-05-03,TLT,-0.68768477719987831,7
2020-05-03,USO,-0.844549143111901,339
2020-05-03,UUP,-1.7954814175668441,338
2020-05-04,GLD,0.46597840173035049,31
2020-05-04,SPY,-2.1818225627450745,3169
2020-05-04,TLT,-1.6934343438855857,77
2020-05-04,USO,-1.5462131987137224,725
2020-05-04,UUP,-2.0138328093520514,725
2020-05-05,GLD,0.97611075296456906,17
2020-05-05,SPY,-0.91144500498357872,4416
2020-05-05,TLT,-0.015850489337936719,106
2020-05-05,USO,-1.3748677554046504,860
2020-05-05,UUP,-2.244703486410637,990
2020-05-06,GLD,0.097260119081238633,28
2020-05-06,SPY,-1.0308128305057982,4568
2020-05-06,TLT,-1.5242013040951834,78
2020-05-06,USO,-0.87818428067763366,941
2020-05-06,UUP,-2.3087083692767449,785
2020-05-07,GLD,1.6518485210122196,24
2020-05-07,SPY,-1.0511065324623095,4452
2020-05-07,TLT,1.1302887552608845,71
2020-05-07,USO,-1.4352587007981148,1003
2020-05-07,UUP,-2.4034375126184688,708
2020-05-08,GLD,1.7570133278399278,15
2020-05-08,SPY,-1.2481720538258685,4526
2020-05-08,TLT,0.62830923798967686,80
2020-05-08,USO,-1.5879520862234457,854
2020-05-08,UUP,-3.1110817577790044,1766
2020-05-09,GLD,1.4935439058928306,11
2020-05-09,SPY,-1.2420324218573793,1766
2020-05-09,TLT,-1.2847860874128392,28
2020-05-09,USO,-0.52430414237815848,331
2020-05-09,UUP,-2.3144572228437239,409
2020-05-10,GLD,3.7376803925390307,5
2020-05-10,SPY,-1.7990865119955504,1111
2020-05-10,TLT,-0.11495488724057923,16
2020-05-10,USO,-0.671958180206854,281
2020-05-10,UUP,-2.0281369639394948,516
2020-05-11,GLD,2.3132411252789433,24
2020-05-11,SPY,-1.704634822622038,3806
2020-05-11,TLT,-0.64834184485063107,79
2020-05-11,USO,-1.2407902734764475,929
2020-05-11,UUP,-2.1956002677054305,714
2020-05-12,GLD,1.4770472077535906,31
2020-05-12,SPY,-1.6118845492080656,3778
2020-05-12,TLT,0.57337045111859175,61
2020-05-12,USO,-1.1979789615064322,752
2020-05-12,UUP,-2.5275677473871356,989
2020-05-13,GLD,0.76419281280824858,39
2020-05-13,SPY,-2.5952686656605191,4207
2020-05-13,TLT,-0.34498462086056181,71
2020-05-13,USO,-2.2003581943575874,802
2020-05-13,UUP,-3.2193312558321017,1977
2020-05-14,GLD,0.66170844869465528,30
2020-05-14,SPY,-2.2785038539579507,4208
2020-05-14,TLT,-0.88126861766796016,47
2020-05-14,USO,-1.6957149428006149,786
2020-05-14,UUP,-3.5970857194401811,2212
2020-05-15,GLD,0.68962747192875951,13
2020-05-15,SPY,-1.6135739244766545,3693
2020-05-15,TLT,0.18342440169479066,109
2020-05-15,USO,-2.2670893733873183,887
2020-05-15,UUP,-3.5011164837504287,1670
2020-05-16,GLD,4.2772312711290263,5
2020-05-16,SPY,-1.9624780585100083,1444
2020-05-16,TLT,0.260723307470977,18
2020-05-16,USO,-1.2769268883249636,259
2020-05-16,UUP,-3.8398342590345078,507
2020-05-17,GLD,-0.085201103321869809,3
2020-05-17,SPY,-1.7771630164815844,785
2020-05-17,TLT,0.528080854146999,17
2020-05-17,USO,-0.74915746454201881,333
2020-05-17,UUP,-2.358235122845282,591
2020-05-18,GLD,2.13720637480527,22
2020-05-18,SPY,-0.71054743995369829,3777
2020-05-18,TLT,2.1877159972371469,196
2020-05-18,USO,-1.1474744739410665,734
2020-05-18,UUP,-1.5019470403225053,1961
2020-05-19,GLD,2.2042963161995011,25
2020-05-19,SPY,-0.60797701550641892,4790
2020-05-19,TLT,0.33056278416571727,166
2020-05-19,USO,-0.92342416801723937,713
2020-05-19,UUP,-0.49752768073271453,1951
2020-05-20,GLD,2.965921817122477,18
2020-05-20,SPY,-1.003800742086171,3994
2020-05-20,TLT,1.2385456264892214,104
2020-05-20,USO,-1.3772374163381988,866
2020-05-20,UUP,-1.5080774721891892,1316
2020-05-21,GLD,2.6030559288029322,18
2020-05-21,SPY,-1.4990135736010364,3594
2020-05-21,TLT,1.2803383070701875,139
2020-05-21,USO,-0.89249226654039326,635
2020-05-21,UUP,-2.6210506161584619,927
2020-05-22,GLD,1.5798824247947347,24
2020-05-22,SPY,-1.6477729128764187,3502
2020-05-22,TLT,0.39815864271583951,133
2020-05-22,USO,-1.5184556533713749,667
2020-05-22,UUP,-2.9013041001885882,792
2020-05-23,GLD,-0.521187037222807,4
2020-05-23,SPY,-2.2993767962536857,1091
2020-05-23,TLT,0.98979891354189753,21
2020-05-23,USO,-0.35840281411442249,408
2020-05-23,UUP,-2.0594561186432303,302
2020-05-24,GLD,-0.37649975359449561,4
2020-05-24,SPY,-1.3214396148353365,690
2020-05-24,TLT,1.1357503822983883,15
2020-05-24,USO,-0.17021984996125347,263
2020-05-24,UUP,-1.4908090545025892,324
2020-05-25,GLD,-0.75171313193891665,13
2020-05-25,SPY,-1.2604758899142514,1572
2020-05-25,TLT,0.36598129124289575,57
2020-05-25,USO,-0.64754088904818874,428
2020-05-25,UUP,-1.7693292282806368,232
2020-05-26,GLD,-0.71757470054794981,14
2020-05-26,SPY,-1.2293694095808547,4004
2020-05-26,TLT,1.8182470571745881,76
2020-05-26,USO,-0.75481365971708,707
2020-05-26,UUP,-1.2824601086392606,716
2020-05-27,GLD,0.32030450368301006,24
2020-05-27,SPY,-1.2664901319959641,4585
2020-05-27,TLT,1.1612752716024746,57
2020-05-27,USO,-0.77957461861221256,575
2020-05-27,UUP,-1.5495628603445717,773
2020-05-28,GLD,3.62729627331829,29
2020-05-28,SPY,-0.98610257753206476,4213
2020-05-28,TLT,1.6278728016856185,66
2020-05-28,USO,-0.8222835149797596,652
2020-05-28,UUP,-1.7691393600666878,1130
2020-05-29,GLD,2.0431148794143703,19
2020-05-29,SPY,-1.6005683594931233,3770
2020-05-29,TLT,0.50971408957791653,64
2020-05-29,USO,-1.0664329061099125,630
2020-05-29,UUP,-2.3954652701140939,1024
2020-05-30,GLD,2.7487341815756441,9
2020-05-30,SPY,-1.6374818768412445,1397
2020-05-30,TLT,-3.328236342042755,2
2020-05-30,USO,-1.0631553586109055,293
2020-05-30,UUP,-2.1872538454934038,235
2020-05-31,GLD,1.6055962958597314,8
2020-05-31,SPY,-1.6276047203543791,821
2020-05-31,TLT,-5.54414784394251,2
2020-05-31,USO,-0.70672096668435058,257
2020-05-31,UUP,-1.8345762712618856,185
2020-06-01,GLD,3.5267006482146805,13
2020-06-01,SPY,-1.7573349673091607,2836
2020-06-01,TLT,0.35766666805294173,49
2020-06-01,USO,-1.5739066259379886,554
2020-06-01,UUP,-2.5556430033776554,531
2020-06-02,GLD,2.0123985285341495,29
2020-06-02,SPY,-1.3763992736374786,4026
2020-06-02,TLT,0.10932462736286304,60
2020-06-02,USO,-1.012558917569206,669
2020-06-02,UUP,-2.3870408789866544,489
2020-06-03,GLD,2.4230666824758678,33
2020-06-03,SPY,-1.1263923168626793,3693
2020-06-03,TLT,1.2734190511378196,105
2020-06-03,USO,-1.2133807210035077,773
2020-06-03,UUP,-1.3618255778839208,543
2020-06-04,GLD,2.7339880364012448,19
2020-06-04,SPY,-1.2492852505562868,3761
2020-06-04,TLT,0.32251959681964881,116
2020-06-04,USO,-1.0253661692768117,641
2020-06-04,UUP,-1.862191868631782,662
2020-06-05,GLD,5.0010552531267294,17
2020-06-05,SPY,-1.2964948943377639,4192
2020-06-05,TLT,0.87871973518471291,110
2020-06-05,USO,-0.990560513148099,829
2020-06-05,UUP,-1.8520392124564393,527
2020-06-06,GLD,3.1568084595495125,5
2020-06-06,SPY,-1.4533584080121495,1632
2020-06-06,TLT,-0.714911530650201,37
2020-06-06,USO,-0.7681914704190218,552
2020-06-06,UUP,-2.5139670741583346,295
2020-06-07,GLD,1.2273339643915269,10
2020-06-07,SPY,-1.7960684988079763,1133
2020-06-07,TLT,0.47456078851211747,10
2020-06-07,USO,-1.0099101972333511,414
2020-06-07,UUP,-1.9978267349427947,163
2020-06-08,GLD,3.7597139576543248,17
2020-06-08,SPY,-1.1226368040654,3383
2020-06-08,TLT,1.422845996756009,106
2020-06-08,USO,-1.0427356217216519,673
2020-06-08,UUP,-1.6980963752705609,797
2020-06-09,GLD,3.1318240071976939,22
2020-06-09,SPY,-1.1004992220549181,4088
2020-06-09,TLT,0.378786197088298,99
2020-06-09,USO,-1.4067661742965452,651
2020-06-09,UUP,-1.4716098937635822,1068
2020-06-10,GLD,3.3143735757203929,14
2020-06-10,SPY,-1.3509927391539438,3834
2020-06-10,TLT,0.028580114824289175,80
2020-06-10,USO,-1.0226055155378748,701
2020-06-10,UUP,-1.5965239815890786,1886
2020-06-11,GLD,2.9583743885316904,16
2020-06-11,SPY,-1.8357729219814189,5084
2020-06-11,TLT,-0.80618989933909457,81
2020-06-11,USO,-1.4175967409675285,729
2020-06-11,UUP,-2.2453375863129303,2730
2020-06-12,GLD,5.3105502919721248,14
2020-06-12,SPY,-2.1148965463516527,6080
2020-06-12,TLT,-0.33405116286009912,59
2020-06-12,USO,-1.4969277374578158,801
2020-06-12,UUP,-2.3230175320181989,2018
2020-06-13,GLD,7.8723700683275277,4
2020-06-13,SPY,-1.5833369934817878,1613
2020-06-13,TLT,-0.081114204923563055,11
2020-06-13,USO,-0.84741879434687339,244
2020-06-13,UUP,-1.8443986495656248,269
2020-06-14,GLD,-0.0089440676263322916,9
2020-06-14,SPY,-1.7040280925443814,913
2020-06-14,TLT,-2.5437253127303903,2
2020-06-14,USO,-1.5719734054971817,240
2020-06-14,UUP,-2.1885662801135233,265
2020-06-15,GLD,2.9891423360187819,20
2020-06-15,SPY,-1.94432095258242,4093
2020-06-15,TLT,-0.42904250291099255,104
2020-06-15,USO,-0.84422470620230428,571
2020-06-15,UUP,-2.250130470465157,1216
2020-06-16,GLD,4.5123660511173158,14
2020-06-16,SPY,-0.89731610938146911,4736
2020-06-16,TLT,0.53927366244900254,49
2020-06-16,USO,-1.1043594171890734,628
2020-06-16,UUP,-1.7353880000711444,2121
2020-06-17,GLD,3.3676522131607403,24
2020-06-17,SPY,-1.2535898215043224,4476
2020-06-17,TLT,0.70725287675376958,62
2020-06-17,USO,-1.1551321005583937,638
2020-06-17,UUP,-1.6699824332620612,1170
2020-06-18,GLD,3.3023728375648482,13
2020-06-18,SPY,-1.7600690119963021,5226
2020-06-18,TLT,-1.3689088482642153,56
2020-06-18,USO,-0.80612247055354525,587
2020-06-18,UUP,-1.6179689607499055,998
2020-06-19,GLD,1.8697778788237509,14
2020-06-19,SPY,-1.5548198490929455,5059
2020-06-19,TLT,1.1499623649896646,127
2020-06-19,USO,-0.81709268106321353,596
2020-06-19,UUP,-1.5591993620849847,1039
2020-06-20,GLD,6.2923867598965444,5
2020-06-20,SPY,-2.3340860085398365,2412
2020-06-20,TLT,0.93903618868673744,16
2020-06-20,USO,-1.0211046978022269,293
2020-06-20,UUP,-2.0540492563241859,398
2020-06-21,GLD,-1.9309752179507538,7
2020-06-21,SPY,-2.5100701397763787,2286
2020-06-21,TLT,0.978317043352776,9
2020-06-21,USO,-0.50263309974614212,195
2020-06-21,UUP,-2.4536066091292619,381
2020-06-22,GLD,2.6763706911208112,38
2020-06-22,SPY,-1.3143096181464049,3759
2020-06-22,TLT,0.1312587614375389,63
2020-06-22,USO,-0.60878075465026393,548
2020-06-22,UUP,-1.3368824591589656,476
2020-06-23,GLD,3.3819735385211955,27
2020-06-23,SPY,-0.95211848771802454,4509
2020-06-23,TLT,0.35152257350238014,51
2020-06-23,USO,-0.49613281571428319,607
2020-06-23,UUP,-0.90801059558066755,595
2020-06-24,GLD,2.5723021833561117,20
2020-06-24,SPY,-1.2864590051686491,3823
2020-06-24,TLT,-1.3654027386523819,43
2020-06-24,USO,-1.1770990412214608,627
2020-06-24,UUP,-1.5631316828048987,478
2020-06-25,GLD,2.1374346799579858,26
2020-06-25,SPY,-2.0702513359479342,3953
2020-06-25,TLT,-0.0074671601390652095,75
2020-06-25,USO,-1.3376788069655643,604
2020-06-25,UUP,-2.0508996206334631,707
2020-06-26,GLD,1.879580290683015,23
2020-06-26,SPY,-1.5132909238525709,3811
2020-06-26,TLT,0.85506330737065317,46
2020-06-26,USO,-1.3845795710971509,448
2020-06-26,UUP,-2.6284797204408217,1525
2020-06-27,GLD,5.7159234247420709,10
2020-06-27,SPY,-2.579689205205268,1834
2020-06-27,TLT,-0.021517173920385546,9
2020-06-27,USO,-1.645121687549266,354
2020-06-27,UUP,-2.7081366261551039,348
2020-06-28,GLD,7.4878880777805019,7
2020-06-28,SPY,-1.47681696178867,1232
2020-06-28,TLT,-0.43168372790834492,6
2020-06-28,USO,-1.010375044812891,359
2020-06-28,UUP,-1.709983644299768,182
2020-06-29,GLD,2.66630157183042,19
2020-06-29,SPY,-1.5779687205188795,3729
2020-06-29,TLT,1.5753306149822297,36
2020-06-29,USO,-0.80100459476914676,587
2020-06-29,UUP,-2.1200487211701535,921
2020-06-30,GLD,1.8568920749674873,21
2020-06-30,SPY,-0.75839619771329481,3929
2020-06-30,TLT,0.02409334395904851,56
2020-06-30,USO,-0.966361392663221,740
2020-06-30,UUP,-1.0791867894473548,1148
2020-07-01,GLD,3.5344953726250319,29
2020-07-01,SPY,-0.95816609688199406,4013
2020-07-01,TLT,0.59565719284581209,44
2020-07-01,USO,-0.6655180428175228,590
2020-07-01,UUP,-1.2395221875365248,1064
2020-07-02,GLD,1.4592973893655965,16
2020-07-02,SPY,-0.72564219080921966,3802
2020-07-02,TLT,0.9780957200942163,58
2020-07-02,USO,-1.1829123152849954,578
2020-07-02,UUP,-1.5877502966109498,782
2020-07-03,GLD,2.5226045695140513,16
2020-07-03,SPY,-0.72380162674694737,2432
2020-07-03,TLT,2.78698952644453,53
2020-07-03,USO,-0.95743700321970981,636
2020-07-03,UUP,-1.9859918713916727,315
2020-07-04,GLD,2.5888674353681962,6
2020-07-04,SPY,-1.3419359978571426,940
2020-07-04,TLT,0.35749006562402019,9
2020-07-04,USO,0.079376303469836346,263
2020-07-04,UUP,-2.8198493638503415,331
2020-07-05,GLD,5.104207097094184,5
2020-07-05,SPY,-1.5117297509317049,699
2020-07-05,TLT,0.57573621137340414,14
2020-07-05,USO,-0.84093262428452986,410
2020-07-05,UUP,-1.6512178354253502,175
2020-07-06,GLD,3.1576536073909454,21
2020-07-06,SPY,-0.43749856503407875,2651
2020-07-06,TLT,2.2762341457417197,104
2020-07-06,USO,-0.74482705402073179,656
2020-07-06,UUP,-0.74824920162046282,475
2020-07-07,GLD,3.971388533325571,24
2020-07-07,SPY,-1.0398078651329934,3372
2020-07-07,TLT,0.492325197523224,64
2020-07-07,USO,-1.3706591110485531,710
2020-07-07,UUP,-0.27425949346581041,873
2020-07-08,GLD,3.0362310258891219,27
2020-07-08,SPY,-1.2869195050759052,3532
2020-07-08,TLT,-0.34858145519469386,55
2020-07-08,USO,-0.74919846473337459,603
2020-07-08,UUP,-0.35856789934407213,840
2020-07-09,GLD,2.7811155893303328,29
2020-07-09,SPY,-1.2077719952426651,3756
2020-07-09,TLT,0.1242628385122031,59
2020-07-09,USO,-1.3225825296150711,603
2020-07-09,UUP,-0.56286800814030913,688
2020-07-10,GLD,3.4538449835423721,20
2020-07-10,SPY,-1.1123415531175189,3495
2020-07-10,TLT,1.5985920460581204,111
2020-07-10,USO,-1.2250896522858654,619
2020-07-10,UUP,-1.9125388444824127,542
2020-07-11,GLD,1.3583958477476947,10
2020-07-11,SPY,-1.1933675252781422,982
2020-07-11,TLT,0.96431444783376208,28
2020-07-11,USO,-0.61049824827573618,299
2020-07-11,UUP,-1.2970355360689914,191
2020-07-12,GLD,5.1379480592008813,6
2020-07-12,SPY,-1.358330568400653,1166
2020-07-12,TLT,0.31677885641212056,9
2020-07-12,USO,-0.61685772238303049,210
2020-07-12,UUP,-0.766030811346737,160
2020-07-13,GLD,3.783898451318612,25
2020-07-13,SPY,-0.80598820706974827,3130
2020-07-13,TLT,2.0918590540427364,36
2020-07-13,USO,-1.8143673347026033,561
2020-07-13,UUP,-1.7475126692651217,511
2020-07-14,GLD,1.3975203582246718,17
2020-07-14,SPY,-1.5937037720843032,3848
2020-07-14,TLT,-0.11671457424676378,37
2020-07-14,USO,-0.75709458197391155,554
2020-07-14,UUP,-1.7669474122531708,748
2020-07-15,GLD,0.88271829929215251,13
2020-07-15,SPY,-0.55924665457332989,3975
2020-07-15,TLT,2.5520327648060981,26
2020-07-15,USO,-1.0740639432958903,638
2020-07-15,UUP,-1.423978960112894,1021
2020-07-16,GLD,5.5173107273631992,29
2020-07-16,SPY,-1.0755170421263682,3587
2020-07-16,TLT,0.24516065116238442,55
2020-07-16,USO,-0.74352389811160358,605
2020-07-16,UUP,-1.6146640197094491,992
2020-07-17,GLD,3.9917534286187069,15
2020-07-17,SPY,-1.1247901948928523,3352
2020-07-17,TLT,0.5968911947563813,47
2020-07-17,USO,-0.65133535583646318,523
2020-07-17,UUP,-0.64098209915012794,790
2020-07-18,GLD,3.2973570191023618,5
2020-07-18,SPY,-1.2091293746950784,1220
2020-07-18,TLT,0.17921565421848842,40
2020-07-18,USO,-1.0403695256895715,243
2020-07-18,UUP,-2.223091140616658,415
2020-07-19,GLD,4.4148740577312005,2
2020-07-19,SPY,-1.6088159697494406,1019
2020-07-19,TLT,0.043638619459978795,28
2020-07-19,USO,-0.3496865819764291,160
2020-07-19,UUP,-2.6543993331972597,332
2020-07-20,GLD,2.6236171520313145,46
2020-07-20,SPY,-0.68056862356364989,2922
2020-07-20,TLT,0.43063973305055137,84
2020-07-20,USO,-0.71769753217147114,502
2020-07-20,UUP,-1.2247538456875131,442
2020-07-21,GLD,3.2854000047027183,25
2020-07-21,SPY,-0.3799492435945851,3837
2020-07-21,TLT,2.7355810644782039,66
2020-07-21,USO,-0.6319391585668962,677
2020-07-21,UUP,-0.73210758206139714,716
2020-07-22,GLD,2.0899672463135439,57
2020-07-22,SPY,-0.863157832960377,3899
2020-07-22,TLT,0.4238567191002976,53
2020-07-22,USO,-1.1839914776702065,642
2020-07-22,UUP,-1.1686502819034605,847
2020-07-23,GLD,2.4403671967887837,31
2020-07-23,SPY,-0.79726880547251544,4180
2020-07-23,TLT,-0.13947441735582389,64
2020-07-23,USO,-0.28146030104670727,613
2020-07-23,UUP,-1.0313086734281707,921
2020-07-24,GLD,3.4508229258400078,29
2020-07-24,SPY,-1.8037785518641023,3694
2020-07-24,TLT,-0.87620544998909011,66
2020-07-24,USO,-0.81659799495046093,532
2020-07-24,UUP,-1.7611646066306472,515
2020-07-25,GLD,6.0410805426710921,12
2020-07-25,SPY,-1.7833490869059727,1102
2020-07-25,TLT,-0.65484989075657352,19
2020-07-25,USO,-0.028426032067391274,309
2020-07-25,UUP,-1.4935376573842956,242
2020-07-26,GLD,5.1839420404751282,5
2020-07-26,SPY,-1.2555695184134819,694
2020-07-26,TLT,-1.48517588168047,6
2020-07-26,USO,-0.1755943492882229,245
2020-07-26,UUP,-1.0109799686748258,193
2020-07-27,GLD,0.49741174771790564,195
2020-07-27,SPY,-0.93595572502576885,3586
2020-07-27,TLT,0.44515343753861369,45
2020-07-27,USO,-0.49725955463399862,500
2020-07-27,UUP,-0.80314561989547306,900
2020-07-28,GLD,1.9929307730270118,72
2020-07-28,SPY,-0.77696093767747432,4406
2020-07-28,TLT,0.51856327879063568,86
2020-07-28,USO,0.0036665656292289121,637
2020-07-28,UUP,-0.98653646366552827,1397
2020-07-29,GLD,3.2034839970924547,36
2020-07-29,SPY,-0.79528057525430962,4912
2020-07-29,TLT,-0.17795779284481714,45
2020-07-29,USO,-0.5092077977180155,562
2020-07-29,UUP,-1.5350078710543991,2126
2020-07-30,GLD,1.792425347245862,45
2020-07-30,SPY,-1.0143930119287887,5084
2020-07-30,TLT,0.043222207063030128,62
2020-07-30,USO,-1.0509264267558678,647
2020-07-30,UUP,-2.3272724433136296,2420
2020-07-31,GLD,2.341334832024772,26
2020-07-31,SPY,-1.0228063905241223,4335
2020-07-31,TLT,0.59146274085322115,42
2020-07-31,USO,-1.1719704248470333,558
2020-07-31,UUP,-2.3969825598790684,987
2020-08-01,GLD,2.3137935271524839,15
2020-08-01,SPY,-1.5669277518120635,2393
2020-08-01,TLT,-1.1036689907249617,12
2020-08-01,USO,-0.98740534360055543,237
2020-08-01,UUP,-1.8049048242422803,291
2020-08-02,GLD,0.83704255880269907,14
2020-08-02,SPY,-1.3512479240535966,1321
2020-08-02,TLT,-1.9396369560963875,4
2020-08-02,USO,-0.3701622229798317,141
2020-08-02,UUP,-0.81914720292663445,191
2020-08-03,GLD,2.1075257026532754,24
2020-08-03,SPY,-0.84803005577600621,3300
2020-08-03,TLT,0.44517657277115541,37
2020-08-03,USO,-0.86611179281076089,549
2020-08-03,UUP,-1.3550660081228019,416
2020-08-04,GLD,2.4378526507323874,51
2020-08-04,SPY,-0.51091999705709312,4333
2020-08-04,TLT,0.48202464508168297,37
2020-08-04,USO,-0.648466491444875,560
2020-08-04,UUP,-1.175179656504717,598
2020-08-05,GLD,3.1095916217916852,46
2020-08-05,SPY,-0.35904080883257017,4117
2020-08-05,TLT,0.29030557167198312,53
2020-08-05,USO,-0.46901375422161662,608
2020-08-05,UUP,-1.5576675997577891,759
2020-08-06,GLD,3.5193773303734726,36
2020-08-06,SPY,-0.51839929091222414,3850
2020-08-06,TLT,0.6657177350684429,32
2020-08-06,USO,-1.2335535061393943,514
2020-08-06,UUP,-1.2042709633231297,933
2020-08-07,GLD,2.5272016768358969,23
2020-08-07,SPY,-1.0762497076870052,3782
2020-08-07,TLT,-0.737657420294726,59
2020-08-07,USO,-0.646406931408522,1066
2020-08-07,UUP,-2.0966528774458419,729
2020-08-08,GLD,1.7829669830544372,7
2020-08-08,SPY,-1.1696122215536315,968
2020-08-08,TLT,0.86371369213437055,15
2020-08-08,USO,-0.3008143749510106,382
2020-08-08,UUP,-2.7306384147200258,281
2020-08-09,GLD,4.5609277996801092,13
2020-08-09,SPY,-1.3951358995121583,1298
2020-08-09,TLT,-1.1423302893077434,7
2020-08-09,USO,-1.8078610011445626,363
2020-08-09,UUP,-2.9999303562567379,323
2020-08-10,GLD,4.2067046551252165,23
2020-08-10,SPY,-1.1158673708878966,3300
2020-08-10,TLT,0.016363382367799141,59
2020-08-10,USO,-0.48298673712968421,671
2020-08-10,UUP,-1.6537195427922193,468
2020-08-11,GLD,4.9161167934253323,18
2020-08-11,SPY,-0.70912189029739636,3512
2020-08-11,TLT,0.77006349519861061,39
2020-08-11,USO,0.0249170687146828,585
2020-08-11,UUP,-1.1692864228655568,557
2020-08-12,GLD,3.0135164439879705,28
2020-08-12,SPY,-0.93735938329673185,3917
2020-08-12,TLT,0.918217573882391,37
2020-08-12,USO,-1.4829446977300971,858
2020-08-12,UUP,-1.8448336682004538,1084
2020-08-13,GLD,2.3868095824176185,21
2020-08-13,SPY,-0.92701794513163815,3500
2020-08-13,TLT,0.85322950705763612,49
2020-08-13,USO,-0.45161040959648879,668
2020-08-13,UUP,-1.8469357913202491,1103
2020-08-14,GLD,1.3481562295275276,15
2020-08-14,SPY,-1.3016021208149544,3202
2020-08-14,TLT,-0.203165442571669,41
2020-08-14,USO,-0.934752795084468,488
2020-08-14,UUP,-2.1549817427020685,732
2020-08-15,GLD,4.4549530990165973,12
2020-08-15,SPY,-1.2281196105944614,1139
2020-08-15,TLT,-0.21107383648006867,15
2020-08-15,USO,-1.896534984473484,326
2020-08-15,UUP,-2.4689570512369161,210
2020-08-16,GLD,2.8388922987911163,11
2020-08-16,SPY,-0.34475271424209447,1604
2020-08-16,TLT,0.043665329965480171,4
2020-08-16,USO,-0.68679178992629375,177
2020-08-16,UUP,-2.3158781780575586,194
2020-08-17,GLD,3.0390327490251474,27
2020-08-17,SPY,-1.0200852907233089,3007
2020-08-17,TLT,-0.49021343991700939,22
2020-08-17,USO,-0.82276061648960619,508
2020-08-17,UUP,-1.7267021478952218,586
2020-08-18,GLD,1.5492199486273253,37
2020-08-18,SPY,-1.0924185658655543,4226
2020-08-18,TLT,0.18125356713830806,31
2020-08-18,USO,-0.55947742784140342,557
2020-08-18,UUP,-1.1569247326642205,1110
2020-08-19,GLD,3.8022146751228147,24
2020-08-19,SPY,-1.069439822442906,4282
2020-08-19,TLT,0.96959796191527914,42
2020-08-19,USO,-0.68547349450583728,661
2020-08-19,UUP,-1.3537805964320246,1336
2020-08-20,GLD,3.2883610370138872,23
2020-08-20,SPY,-1.2516177916847113,3631
2020-08-20,TLT,-1.5581155692468955,36
2020-08-20,USO,-0.69302341214665675,614
2020-08-20,UUP,-1.9190987126359318,1443
2020-08-21,GLD,1.7351268621184825,20
2020-08-21,SPY,-0.87289561605079236,3345
2020-08-21,TLT,-0.38451931460062583,42
2020-08-21,USO,-0.71878730046594064,662
2020-08-21,UUP,-1.2005754443211505,744
2020-08-22,GLD,4.2888085968612417,9
2020-08-22,SPY,-1.1423326258573518,1085
2020-08-22,TLT,-1.031392475741904,5
2020-08-22,USO,-0.92858187795918312,302
2020-08-22,UUP,-1.4831191258174754,149
2020-08-23,GLD,6.5731930732215842,10
2020-08-23,SPY,-1.3150877534285281,653
2020-08-23,TLT,-0.490383084737996,3
2020-08-23,USO,-3.2928209564531046,584
2020-08-23,UUP,-1.0400607209399544,177
2020-08-24,GLD,5.2806040264022833,33
2020-08-24,SPY,-0.68460648501171306,3088
2020-08-24,TLT,1.698845739964729,40
2020-08-24,USO,-4.37264207433744,1220
2020-08-24,UUP,-1.0590080828633333,683
2020-08-25,GLD,4.267702205637713,21
2020-08-25,SPY,-0.54256642487968088,3281
2020-08-25,TLT,0.24207495620874961,30
2020-08-25,USO,-3.003035394287624,987
2020-08-25,UUP,-0.82415659204752068,566
2020-08-26,GLD,4.870350067347891,24
2020-08-26,SPY,-0.45877043855543154,3349
2020-08-26,TLT,0.57880888482115023,36
2020-08-26,USO,-3.5965101201370877,996
2020-08-26,UUP,-1.1547589547041044,890
2020-08-27,GLD,2.6209297269734608,16
2020-08-27,SPY,-0.45752646212398645,3340
2020-08-27,TLT,0.19258862467799778,36
2020-08-27,USO,-5.963379820115863,2068
2020-08-27,UUP,-0.88302053142174275,1608
2020-08-28,GLD,2.4318726281534322,19
2020-08-28,SPY,-0.76449340599210935,3248
2020-08-28,TLT,1.3177622006996526,62
2020-08-28,USO,-2.7722299458614779,795
2020-08-28,UUP,-1.1704534141156484,1451
2020-08-29,GLD,-0.14143111445550016,7
2020-08-29,SPY,-0.66681246489464108,1468
2020-08-29,TLT,0.072467869888353881,7
2020-08-29,USO,-0.98280785775807333,192
2020-08-29,UUP,-1.8706620188876519,382
2020-08-30,GLD,1.3176079621642294,3
2020-08-30,SPY,-1.156937565520634,859
2020-08-30,TLT,-1.041856009333384,4
2020-08-30,USO,-0.073574288344020786,319
2020-08-30,UUP,-1.900460966804161,269
2020-08-31,GLD,3.21108354026977,19
2020-08-31,SPY,-0.73033580996539382,3268
2020-08-31,TLT,0.26739011707639071,41
2020-08-31,USO,-0.43224389892307757,608
2020-08-31,UUP,-0.90486957049731342,988
2020-09-01,GLD,4.2877536456826331,15
2020-09-01,SPY,-0.63742822776731578,3538
2020-09-01,TLT,0.057105885942367957,35
2020-09-01,USO,-0.377994531656265,571
2020-09-01,UUP,-0.79393720520301336,874
2020-09-02,GLD,3.9939925330502941,18
2020-09-02,SPY,-0.47882133431853424,3811
2020-09-02,TLT,0.64588463898961046,34
2020-09-02,USO,-1.9789043069450702,583
2020-09-02,UUP,-1.3386355895002506,717
2020-09-03,GLD,3.1362516841585615,17
2020-09-03,SPY,-1.2383918938692529,4034
2020-09-03,TLT,0.6681009244340621,33
2020-09-03,USO,-1.3335361065455393,515
2020-09-03,UUP,-2.3947082354023443,968
2020-09-04,GLD,1.3038765491254745,29
2020-09-04,SPY,-1.6656752625619446,4671
2020-09-04,TLT,0.17235267556279454,53
2020-09-04,USO,-1.7163945674021015,684
2020-09-04,UUP,-2.4102707283698308,1210
2020-09-05,GLD,3.1283321176962455,9
2020-09-05,SPY,-1.6495080940717184,1265
2020-09-05,TLT,-2.3599101023381897,12
2020-09-05,USO,-2.0830372722437471,359
2020-09-05,UUP,-3.8620720927922831,393
2020-09-06,GLD,1.5399356805935298,9
2020-09-06,SPY,-2.0494781538208886,907
2020-09-06,TLT,-1.0367307968319524,4
2020-09-06,USO,-1.2667790506686283,232
2020-09-06,UUP,-1.8428277688826562,209
2020-09-07,GLD,4.156890167459113,23
2020-09-07,SPY,-1.2503258371218167,2388
2020-09-07,TLT,1.79798492665544,44
2020-09-07,USO,-1.2235221275643289,509
2020-09-07,UUP,-1.2267427457137166,236
2020-09-08,GLD,2.4038102367442629,12
2020-09-08,SPY,-1.3891169092160758,3165
2020-09-08,TLT,-0.5319504557749366,48
2020-09-08,USO,-1.3853555107001225,557
2020-09-08,UUP,-1.0399238634052468,435
2020-09-09,GLD,1.888166495005795,26
2020-09-09,SPY,-1.6793375012836707,3785
2020-09-09,TLT,0.36540591253085475,48
2020-09-09,USO,-1.6040924700951582,581
2020-09-09,UUP,-1.3060317876718448,490
2020-09-10,GLD,3.1474547972180393,16
2020-09-10,SPY,-0.67911252035134573,3912
2020-09-10,TLT,0.26779885997752673,42
2020-09-10,USO,-1.1978102537406849,450
2020-09-10,UUP,-1.5970722321607789,842
2020-09-11,GLD,0.345798251539506,28
2020-09-11,SPY,-1.2488326122203859,3542
2020-09-11,TLT,-0.51512933705038044,57
2020-09-11,USO,-1.005643377754837,468
2020-09-11,UUP,-1.7609039542985747,591
2020-09-12,GLD,2.0204407287121144,18
2020-09-12,SPY,-1.323169956864175,1112
2020-09-12,TLT,-1.8539899440040275,15
2020-09-12,USO,-1.4145322942531517,245
2020-09-12,UUP,-1.21710186924158,183
2020-09-13,GLD,2.2046338250515571,10
2020-09-13,SPY,-1.2632887523214464,764
2020-09-13,TLT,0.467737849672493,2
2020-09-13,USO,-0.61051750409257777,223
2020-09-13,UUP,-1.4114161299420636,174
2020-09-14,GLD,1.3885401498657006,18
2020-09-14,SPY,-0.57426071709187876,2850
2020-09-14,TLT,-0.252028979371266,28
2020-09-14,USO,-1.3568066424871774,820
2020-09-14,UUP,-0.7731644513190814,782
2020-09-15,GLD,0.49863120506229786,18
2020-09-15,SPY,-0.53253180014772661,3429
2020-09-15,TLT,0.94353395855382693,32
2020-09-15,USO,-1.19603868103766,504
2020-09-15,UUP,-0.75382428269277291,1200
2020-09-16,GLD,3.4231588968063367,17
2020-09-16,SPY,-0.50908411196529613,2934
2020-09-16,TLT,0.22628550101215308,48
2020-09-16,USO,-0.80019071798667141,482
2020-09-16,UUP,-0.57780957980929959,1927
2020-09-17,GLD,2.4108644270509854,23
2020-09-17,SPY,-1.2054553855881023,3304
2020-09-17,TLT,-0.59546399753853863,37
2020-09-17,USO,-0.67211435835948985,455
2020-09-17,UUP,-1.2260089065687478,1449
2020-09-18,GLD,3.9611032466946483,15
2020-09-18,SPY,-1.1547656624139735,3059
2020-09-18,TLT,-1.1531833986037114,33
2020-09-18,USO,-0.65651374910533189,464
2020-09-18,UUP,-1.7733300602235136,966
2020-09-19,GLD,4.5139024909516738,5
2020-09-19,SPY,-1.4035822363032167,1370
2020-09-19,TLT,-1.4047506019086955,10
2020-09-19,USO,-0.63238346689188107,236
2020-09-19,UUP,-1.7901541655902302,168
2020-09-20,GLD,5.8274891015274051,5
2020-09-20,SPY,-1.1613362513337186,963
2020-09-20,TLT,0.36013696774367326,29
2020-09-20,USO,-0.78610221756849163,156
2020-09-20,UUP,-1.1035283837664114,167
2020-09-21,GLD,2.9125061867794821,14
2020-09-21,SPY,-2.1460192265289524,3896
2020-09-21,TLT,-1.0632094116065283,48
2020-09-21,USO,-1.3291470914637762,361
2020-09-21,UUP,-2.2687501231209954,1247
2020-09-22,GLD,2.3038670091852809,20
2020-09-22,SPY,-1.6353918288477358,3399
2020-09-22,TLT,0.29499540282011061,69
2020-09-22,USO,-1.3198579664195109,442
2020-09-22,UUP,-1.2767015951344511,985
2020-09-23,GLD,1.9078635786410285,17
2020-09-23,SPY,-1.0073001361820175,3603
2020-09-23,TLT,0.96770949108425808,43
2020-09-23,USO,-1.0031489265661184,476
2020-09-23,UUP,-1.4303786062847792,1053
2020-09-24,GLD,0.9621578640439068,25
2020-09-24,SPY,-1.5656916349115222,3364
2020-09-24,TLT,-0.39240890760668029,67
2020-09-24,USO,-0.22367640306020059,386
2020-09-24,UUP,-2.0246654242829631,1104
2020-09-25,GLD,2.5762531424276807,18
2020-09-25,SPY,-1.0245403185922703,2832
2020-09-25,TLT,0.015254717571508661,39
2020-09-25,USO,-1.2575379778254328,437
2020-09-25,UUP,-1.4943393830226248,660
2020-09-26,GLD,4.0204932620662168,6
2020-09-26,SPY,-0.83157762526553092,566
2020-09-26,TLT,-2.1599324436878566,14
2020-09-26,USO,-0.76263668171150012,186
2020-09-26,UUP,-1.4030057681918084,114
2020-09-27,GLD,1.5598042149208977,8
2020-09-27,SPY,-1.1219816731841623,596
2020-09-27,TLT,-1.7821113427719302,3
2020-09-27,USO,-0.46039136174372897,174
2020-09-27,UUP,-1.7089521081873837,165
2020-09-28,GLD,3.6757425633604695,11
2020-09-28,SPY,-0.86463756559076776,2553
2020-09-28,TLT,1.1026482737241086,46
2020-09-28,USO,-0.26190156766580108,355
2020-09-28,UUP,-0.91227914144733713,469
2020-09-29,GLD,2.3791560283685351,21
2020-09-29,SPY,-1.0127440492092112,2639
2020-09-29,TLT,-0.43238937507827835,52
2020-09-29,USO,-1.0526920055326832,444
2020-09-29,UUP,-1.4398993910034437,389
2020-09-30,GLD,3.0418170107630167,15
2020-09-30,SPY,-1.374995704571115,2801
2020-09-30,TLT,0.13070232073367,44
2020-09-30,USO,-0.61501951758142448,407
2020-09-30,UUP,-1.3028226465070152,479
2020-10-01,GLD,2.7438445206862445,17
2020-10-01,SPY,-0.80716845136412962,2830
2020-10-01,TLT,-0.10177614712464332,26
2020-10-01,USO,-0.88396208785375019,492
2020-10-01,UUP,-1.862715792388083,822
2020-10-02,GLD,5.33581081540901,122
2020-10-02,SPY,-1.6130012536944094,3515
2020-10-02,TLT,-1.4454181930898442,77
2020-10-02,USO,-1.890189551424752,422
2020-10-02,UUP,-1.3359949848676971,316
2020-10-03,GLD,5.5128081702396656,53
2020-10-03,SPY,-1.4973359383292131,781
2020-10-03,TLT,-3.0008848250288249,4
2020-10-03,USO,-2.4851505613402822,176
2020-10-03,UUP,-1.3867775335270087,99
2020-10-04,GLD,4.6223141822216363,13
2020-10-04,SPY,-1.2135067175443017,716
2020-10-04,TLT,-0.042974663569465221,4
2020-10-04,USO,-1.7955832939040908,277
2020-10-04,UUP,-2.0078198849201536,86
2020-10-05,GLD,5.7154942876187711,21
2020-10-05,SPY,-0.59489901587056326,2736
2020-10-05,TLT,1.1344833565980608,45
2020-10-05,USO,-0.99366396434779169,311
2020-10-05,UUP,-0.752468651640012,245
2020-10-06,GLD,2.9761580119520512,39
2020-10-06,SPY,-0.83128365599767007,3195
2020-10-06,TLT,0.18139638699823885,52
2020-10-06,USO,-1.0917471857059609,275
2020-10-06,UUP,-1.5494628224025948,1400
2020-10-07,GLD,1.817422571900247,11
2020-10-07,SPY,-0.87254364778619509,3115
2020-10-07,TLT,-0.66210722917104792,34
2020-10-07,USO,-0.87211229340022156,285
2020-10-07,UUP,-1.8517025225110975,1690
2020-10-08,GLD,4.0776562723583574,16
2020-10-08,SPY,-0.39991143136832896,2495
2020-10-08,TLT,2.1542727536671418,26
2020-10-08,USO,-1.3182521698779444,313
2020-10-08,UUP,-1.7660928228831021,623
2020-10-09,GLD,1.4928145866337139,5
2020-10-09,SPY,-0.502906336855399,1563
2020-10-09,TLT,-0.29371677566915655,21
2020-10-09,USO,-1.2847464217754343,185
2020-10-09,UUP,-1.0575688307816367,396
2020-10-10,GLD,6.5737384346649428,3
2020-10-10,SPY,-0.88688571156549323,1117
2020-10-10,TLT,-1.2522019820816688,24
2020-10-10,USO,-1.2197877171609435,217
2020-10-10,UUP,-0.78251921287357407,207
2020-10-11,GLD,5.51876379690949,1
2020-10-11,SPY,-0.94787043435273965,815
2020-10-11,TLT,-0.51411693022127436,10
2020-10-11,USO,-0.67603313204532622,174
2020-10-11,UUP,-1.0532148617421602,162
2020-10-12,GLD,4.9010578164093275,10
2020-10-12,SPY,-0.20500370052782327,1748
2020-10-12,TLT,0.28375937502634435,65
2020-10-12,USO,-0.58663533117212974,237
2020-10-12,UUP,-0.73385203347560946,551
2020-10-13,GLD,2.8702041194022621,19
2020-10-13,SPY,-0.72966199033816137,2626
2020-10-13,TLT,-0.63404944412921327,96
2020-10-13,USO,-1.277465685167644,364
2020-10-13,UUP,-0.9102041836792919,468
2020-10-14,GLD,2.8686143996756326,17
2020-10-14,SPY,-1.1940328358681604,2804
2020-10-14,TLT,-0.043089061660752236,54
2020-10-14,USO,0.086642356239942889,279
2020-10-14,UUP,-1.0478625276640274,489
2020-10-15,GLD,2.594077122065289,48
2020-10-15,SPY,-1.3085991697735062,2457
2020-10-15,TLT,-1.5092885210996492,35
2020-10-15,USO,-0.714500255432494,238
2020-10-15,UUP,-1.2999408709711433,576
2020-10-16,GLD,3.55777015096649,11
2020-10-16,SPY,-1.0095326740202839,933
2020-10-16,TLT,0.34438353654772763,14
2020-10-16,USO,-0.25187019412997591,148
2020-10-16,UUP,-0.64435390480762955,84
2020-10-17,GLD,0.44800000892925629,10
2020-10-17,SPY,-1.428661683882297,776
2020-10-17,TLT,1.6586005222488931,5
2020-10-17,USO,-0.34305051829327904,117
2020-10-17,UUP,-2.0684079124074488,112
2020-10-18,GLD,0.64877540385616994,2
2020-10-18,SPY,-1.9417316755406928,824
2020-10-18,TLT,-1.62798248589352,4
2020-10-18,USO,-0.4627540801907627,134
2020-10-18,UUP,-1.6483822851147836,134
2020-10-19,GLD,2.5649780781541267,9
2020-10-19,SPY,-1.0896303491983022,2072
2020-10-19,TLT,-0.0053584464760007208,32
2020-10-19,USO,-1.0067707237795902,289
2020-10-19,UUP,-1.2500213400022877,227
2020-10-20,GLD,1.5428973712769833,11
2020-10-20,SPY,-0.85465176224281814,2580
2020-10-20,TLT,-0.31118634210545282,50
2020-10-20,USO,-0.31429543401163912,313
2020-10-20,UUP,-1.2610892392272535,174
2020-10-21,GLD,3.0486978635395627,7
2020-10-21,SPY,-0.47246219251085353,2245
2020-10-21,TLT,0.0097795000397001529,46
2020-10-21,USO,-0.018024348847870963,298
2020-10-21,UUP,-0.79944146440705233,203
2020-10-22,GLD,6.5770073049764619,12
2020-10-22,SPY,-1.1199387161396055,2301
2020-10-22,TLT,0.42540759226480523,39
2020-10-22,USO,-1.000426027175779,227
2020-10-22,UUP,-1.6205691200665624,206
2020-10-23,GLD,3.1208550225379081,6
2020-10-23,SPY,-1.0927230118979139,1265
2020-10-23,TLT,0.231819360508697,17
2020-10-23,USO,-0.50403896170364759,125
2020-10-23,UUP,-1.4154633839152324,113
2020-10-24,GLD,4.4684698784590982,4
2020-10-24,SPY,-1.188074541170254,417
2020-10-24,TLT,-0.79032351029737458,7
2020-10-24,USO,-0.22019766227830878,77
2020-10-24,UUP,-0.85780552929944476,36
2020-10-25,GLD,0.84317032040472,2
2020-10-25,SPY,-1.0855943205895744,480
2020-10-25,TLT,-0.63432014990237662,3
2020-10-25,USO,-0.29145435425027411,123
2020-10-25,UUP,-1.6215924204316443,52
2020-10-26,GLD,3.7334022805384262,21
2020-10-26,SPY,-1.1015971571776908,1811
2020-10-26,TLT,-1.4150316547460517,44
2020-10-26,USO,-1.3449434453948521,252
2020-10-26,UUP,-1.3122708545475188,265
2020-10-27,GLD,6.43986457846928,13
2020-10-27,SPY,-1.063642990024074,2333
2020-10-27,TLT,0.23230274812630694,50
2020-10-27,USO,-0.57448523257941553,347
2020-10-27,UUP,-1.7220577880709866,294
2020-10-28,GLD,4.828429974936661,10
2020-10-28,SPY,-1.6022826423465566,2666
2020-10-28,TLT,-0.85843814291316167,36
2020-10-28,USO,-1.4026574929186519,410
2020-10-28,UUP,-1.4483461902185126,188
2020-10-29,GLD,2.2577402186959739,26
2020-10-29,SPY,-1.2094116147935587,2398
2020-10-29,TLT,0.82746718007414111,31
2020-10-29,USO,-1.5780383480654421,225
2020-10-29,UUP,-1.2841010545296834,115
2020-10-30,GLD,1.9385727962001229,9
2020-10-30,SPY,-1.3989073148265945,1075
2020-10-30,TLT,-0.19768057027468122,13
2020-10-30,USO,-1.8227991887536938,160
2020-10-30,UUP,-1.2963728172219093,82
2020-10-31,GLD,4.17910447761194,1
2020-10-31,SPY,-1.4886548449686694,336
2020-10-31,TLT,-0.14962179392197272,3
2020-10-31,USO,-2.8435214206372526,103
2020-10-31,UUP,-1.1504578640304681,48
2020-11-01,GLD,4.8372711531430923,2
2020-11-01,SPY,-1.8378314863251308,431
2020-11-01,TLT,0.3077833306058757,2
2020-11-01,USO,-1.0620009984102676,69
2020-11-01,UUP,-1.3026840357585796,77
2020-11-02,GLD,5.2791132551536268,8
2020-11-02,SPY,-0.96626596754902649,1965
2020-11-02,TLT,-0.47570175419362309,22
2020-11-02,USO,-0.968291966449288,282
2020-11-02,UUP,-1.8081013572523061,453
2020-11-03,GLD,2.8961493929922981,5
2020-11-03,SPY,-0.44418353392583176,1520
2020-11-03,TLT,0.48369006150334537,22
2020-11-03,USO,-1.4922985377375158,172
2020-11-03,UUP,-0.30461392177097696,251
2020-11-04,GLD,4.0365229954967772,7
2020-11-04,SPY,-0.74282367369023083,2503
2020-11-04,TLT,-0.010519221643261439,25
2020-11-04,USO,-0.56804994764689354,223
2020-11-04,UUP,-1.0613231605066136,355
2020-11-05,GLD,3.2978523248576659,19
2020-11-05,SPY,-0.1211846833058821,1824
2020-11-05,TLT,1.3347070988785916,22
2020-11-05,USO,-0.61884262773006082,183
2020-11-05,UUP,-0.87721040267258521,573
2020-11-06,GLD,3.4938657016823829,19
2020-11-06,SPY,-0.60172773346592412,731
2020-11-06,TLT,0.86926909514019646,15
2020-11-06,USO,-2.10502520117965,90
2020-11-06,UUP,-2.3216900825895963,238
2020-11-07,GLD,-0.3828936632239307,3
2020-11-07,SPY,-0.99962995015589151,166
2020-11-07,TLT,1.5062737307145135,8
2020-11-07,USO,-1.2154885238301445,41
2020-11-07,UUP,-1.546424518876456,39
2020-11-08,GLD,2.2767078111338668,3
2020-11-08,SPY,-0.465989930765521,310
2020-11-08,TLT,1.6477391803108574,4
2020-11-08,USO,-0.536603948882558,49
2020-11-08,UUP,-0.93427488236313561,46
2020-11-09,GLD,6.4243026983050129,6
2020-11-09,SPY,-0.022844708443611333,2025
2020-11-09,TLT,1.752373779764153,51
2020-11-09,USO,-0.17592746493760608,288
2020-11-09,UUP,-1.683344138015205,565
2020-11-10,GLD,4.4026176314037038,9
2020-11-10,SPY,-0.42351744013128084,1456
2020-11-10,TLT,1.1465019529491556,26
2020-11-10,USO,-0.45349385800733288,178
2020-11-10,UUP,-1.1803544030860638,204
2020-11-11,GLD,4.6870443205069545,6
2020-11-11,SPY,-0.47290495200865068,1298
2020-11-11,TLT,-0.096255003749771709,23
2020-11-11,USO,-1.1150287555666549,197
2020-11-11,UUP,-0.76728989266072911,206
2020-11-12,GLD,1.0216236604643889,8
2020-11-12,SPY,-0.65757352988522177,1078
2020-11-12,TLT,0.63365983003836079,29
2020-11-12,USO,-0.69143898121160741,187
2020-11-12,UUP,-1.694477182243149,295
2020-11-13,GLD,5.3520665064878941,3
2020-11-13,SPY,-1.7223538563036727,416
2020-11-13,TLT,-0.48602551446613579,6
2020-11-13,USO,-0.82496457324714367,53
2020-11-13,UUP,-1.5355754961316328,40
2020-11-14,GLD,0.646203554119548,1
2020-11-14,SPY,-0.86246159120460963,126
2020-11-14,USO,-1.8066513723882838,25
2020-11-14,UUP,-0.59356219617454631,20
2020-11-15,SPY,-1.5126185409800523,147
2020-11-15,USO,0.57879265833198446,50
2020-11-15,UUP,-0.75548798831544106,36
2020-11-16,GLD,5.0467904650126307,9
2020-11-16,SPY,0.14668040675097069,1249
2020-11-16,TLT,0.48992927096455807,20
2020-11-16,USO,-0.13312756642311852,185
2020-11-16,UUP,-1.1984884890583707,192
2020-11-17,GLD,2.8195504840895209,7
2020-11-17,SPY,-0.54391444930137678,1115
2020-11-17,TLT,1.0049324072542138,16
2020-11-17,USO,-0.38340416884046435,141
2020-11-17,UUP,-1.5185503288505744,166
2020-11-18,GLD,3.7644208578643892,22
2020-11-18,SPY,-0.69462467436228048,3515
2020-11-18,TLT,0.28964482206672659,55
2020-11-18,USO,-0.70676900817505417,478
2020-11-18,UUP,-1.7292850687537618,985
2020-11-19,GLD,1.4563962150604959,17
2020-11-19,SPY,-1.1692967137945187,3843
2020-11-19,TLT,-1.1216065961065611,55
2020-11-19,USO,-0.57752452267511944,506
2020-11-19,UUP,-1.6750011235952325,762
2020-11-20,GLD,2.8894031587443068,20
2020-11-20,SPY,-0.77213973220297694,3387
2020-11-20,TLT,1.4214599164626545,54
2020-11-20,USO,-0.4790305107020823,483
2020-11-20,UUP,-1.2984603961919734,2102
2020-11-21,GLD,4.54545454545455,1
2020-11-21,SPY,-1.1674101133149284,797
2020-11-21,TLT,-0.21963609072132087,12
2020-11-21,USO,-0.37639752279429883,314
2020-11-21,UUP,-2.0310833231088443,492
2020-11-22,GLD,1.0107627729241315,6
2020-11-22,SPY,-0.70397676978488311,597
2020-11-22,TLT,-0.53218387148966906,5
2020-11-22,USO,0.07280059042707672,179
2020-11-22,UUP,-1.4064477739051691,283
2020-11-23,GLD,4.7283353401992123,14
2020-11-23,SPY,-0.48218189056726662,3169
2020-11-23,TLT,0.70631225559282773,48
2020-11-23,USO,-0.66822290319765587,445
2020-11-23,UUP,-0.81249533089556691,1243
2020-11-24,GLD,1.13959121570875,12
2020-11-24,SPY,0.17445004511719786,4789
2020-11-24,TLT,1.8039725103145425,63
2020-11-24,USO,-0.23691564062729908,681
2020-11-24,UUP,-0.28816585248330506,3341
2020-11-25,GLD,0.47388421911426565,23
2020-11-25,SPY,-0.16142389360297973,4894
2020-11-25,TLT,1.0413561179944149,49
2020-11-25,USO,-0.66785274368100844,690
2020-11-25,UUP,-0.054033721611182028,1712
2020-11-26,GLD,2.7361987130070275,12
2020-11-26,SPY,-0.43802159849772,2748
2020-11-26,TLT,0.43009958170613649,52
2020-11-26,USO,-0.5480615921039742,409
2020-11-26,UUP,-1.0955279316225344,392
2020-11-27,GLD,2.0899698353528362,20
2020-11-27,SPY,-0.23424870979418858,2253
2020-11-27,TLT,1.2064685172993919,57
2020-11-27,USO,-0.550982311576342,412
2020-11-27,UUP,-0.27345394002022694,327
2020-11-28,GLD,2.6999756364715783,7
2020-11-28,SPY,-0.20526267890147645,907
2020-11-28,TLT,0.26668428453163134,9
2020-11-28,USO,-0.32593950830554241,184
2020-11-28,UUP,-0.4311538230628264,191
2020-11-29,GLD,-1.2997723308739142,7
2020-11-29,SPY,-0.4022544778421952,885
2020-11-29,TLT,0.81345911101828994,3
2020-11-29,USO,-1.0798704404767709,175
2020-11-29,UUP,-0.96614689348514315,249
2020-11-30,GLD,1.361901428048701,27
2020-11-30,SPY,-0.63315139759415306,3611
2020-11-30,TLT,-0.36831681831690483,42
2020-11-30,USO,-0.96444596869340682,560
2020-11-30,UUP,-0.26587768700408809,1680
2020-12-01,GLD,4.5123189942486155,18
2020-12-01,SPY,0.039397074059636689,4040
2020-12-01,TLT,1.1829283910682011,29
2020-12-01,USO,-0.70238401082876245,648
2020-12-01,UUP,-0.5465079110965162,1745
2020-12-02,GLD,2.964031149720749,17
2020-12-02,SPY,-0.18691472833377809,3496
2020-12-02,TLT,-1.1228069387701016,34
2020-12-02,USO,-0.57789514005095022,598
2020-12-02,UUP,-0.81833207863497337,1386
2020-12-03,GLD,3.4981831506172592,23
2020-12-03,SPY,-0.63472230217563641,3672
2020-12-03,TLT,-0.0058246250151888224,53
2020-12-03,USO,-0.66952589962713316,657
2020-12-03,UUP,-0.82486446788703516,1141
2020-12-04,GLD,3.0599595004627758,17
2020-12-04,SPY,-1.1457747944592485,4403
2020-12-04,TLT,0.652479561194903,50
2020-12-04,USO,-0.59021927568223154,670
2020-12-04,UUP,-1.6049842145055462,678
2020-12-05,GLD,3.7959391458854341,9
2020-12-05,SPY,-1.132832016728339,1322
2020-12-05,TLT,0.25244911925385077,9
2020-12-05,USO,-0.39982258478607768,199
2020-12-05,UUP,-1.219930238758679,209
2020-12-06,GLD,2.4518837379249261,3
2020-12-06,SPY,-0.78139198282235067,761
2020-12-06,TLT,1.2395051193648938,5
2020-12-06,USO,0.17290450579140415,170
2020-12-06,UUP,-1.6245483922546393,137
2020-12-07,GLD,3.4273612670538904,19
2020-12-07,SPY,-0.95510072413325342,3142
2020-12-07,TLT,0.2416377151718348,36
2020-12-07,USO,-1.4992715168097437,466
2020-12-07,UUP,-1.1893802375864426,308
2020-12-08,GLD,2.6485676644304075,22
2020-12-08,SPY,-0.75135043073059626,3354
2020-12-08,TLT,0.20204392296735393,33
2020-12-08,USO,-2.3389634285050334,740
2020-12-08,UUP,-1.1523644537102653,425
2020-12-09,GLD,1.0402422289501387,13
2020-12-09,SPY,-0.57472525363107163,3692
2020-12-09,TLT,-0.014084411203622388,53
2020-12-09,USO,-0.91457997962502613,557
2020-12-09,UUP,-1.1888385002216959,324
2020-12-10,GLD,3.6567411218124475,24
2020-12-10,SPY,-0.99291791012660391,3892
2020-12-10,TLT,0.28355246429219261,60
2020-12-10,USO,-0.32852073648945035,441
2020-12-10,UUP,-0.97506089379107241,518
2020-12-11,GLD,3.5579015386975135,16
2020-12-11,SPY,-0.9840711880589299,3297
2020-12-11,TLT,-0.82950300401473653,47
2020-12-11,USO,-0.85416610733912746,498
2020-12-11,UUP,-1.4463952419476249,417
2020-12-12,GLD,3.4508547008547,2
2020-12-12,SPY,-0.92030709697208157,1239
2020-12-12,TLT,-0.30089686336359733,8
2020-12-12,USO,-1.3795202685567123,241
2020-12-12,UUP,-1.7708303269510375,254
2020-12-13,GLD,1.407857370114185,4
2020-12-13,SPY,-0.953672687326692,1051
2020-12-13,TLT,1.4020508915249832,9
2020-12-13,USO,-1.8821368315246374,363
2020-12-13,UUP,-1.6556451733769193,214
2020-12-14,GLD,3.4423637693172662,12
2020-12-14,SPY,-0.7762644636182584,3015
2020-12-14,TLT,0.62377680339362074,43
2020-12-14,USO,-0.35887408849301838,418
2020-12-14,UUP,-0.865812624900491,514
2020-12-15,GLD,3.0241654578594579,22
2020-12-15,SPY,-0.77922553052505217,3811
2020-12-15,TLT,0.22310375644242258,29
2020-12-15,USO,-0.65597309306454343,434
2020-12-15,UUP,-0.63565244439142388,755
2020-12-16,GLD,3.2055013578407903,22
2020-12-16,SPY,-0.47381481683922583,3785
2020-12-16,TLT,0.9661888804987161,59
2020-12-16,USO,-0.18884919489941013,509
2020-12-16,UUP,-0.43635992472079715,1711
2020-12-17,GLD,1.1863383785916999,11
2020-12-17,SPY,-0.79089983896743976,3626
2020-12-17,TLT,1.3325760975576495,41
2020-12-17,USO,-0.23315167042935553,503
2020-12-17,UUP,-1.1087377019196887,2227
2020-12-18,GLD,1.4293345539745619,15
2020-12-18,SPY,-0.707967612301228,3420
2020-12-18,TLT,0.0043392429088719153,42
2020-12-18,USO,-0.76257404439756171,450
2020-12-18,UUP,-1.1617977115643374,1545
2020-12-19,GLD,4.7021787610390033,6
2020-12-19,SPY,-0.75992488447053819,1193
2020-12-19,TLT,1.0570510204115324,6
2020-12-19,USO,-0.29301555295569637,178
2020-12-19,UUP,-1.234937077304157,1478
2020-12-20,GLD,0.82845127006116126,7
2020-12-20,SPY,-1.2767936393356472,881
2020-12-20,TLT,0.97909491088386069,5
2020-12-20,USO,-0.88078634137480816,296
2020-12-20,UUP,-1.4864284119592359,1670
2020-12-21,GLD,3.0457848086348682,19
2020-12-21,SPY,-1.7046869590520211,3307
2020-12-21,TLT,-0.942438934667574,37
2020-12-21,USO,-2.1802631722293984,525
2020-12-21,UUP,-0.73690631907303872,2168
2020-12-22,GLD,2.4396927677282707,23
2020-12-22,SPY,-1.1838677528448538,3352
2020-12-22,TLT,0.51227546528471934,39
2020-12-22,USO,-1.0499849528474965,454
2020-12-22,UUP,-0.86631215247429161,732
2020-12-23,GLD,2.2607207605369117,22
2020-12-23,SPY,-0.81959296421448891,2915
2020-12-23,TLT,1.1099591829840154,52
2020-12-23,USO,-0.450693890913814,484
2020-12-23,UUP,-2.7850801355103454,455
2020-12-24,GLD,4.7907880999267656,9
2020-12-24,SPY,-1.2356487258654378,2780
2020-12-24,TLT,1.0341488314598635,14
2020-12-24,USO,0.61971978110375758,407
2020-12-24,UUP,-1.3627368307679388,231
2020-12-25,GLD,5.4494088620445984,11
2020-12-25,SPY,-0.70257745019168227,1624
2020-12-25,TLT,-0.20635672744397082,6
2020-12-25,USO,0.71239510089541358,235
2020-12-25,UUP,-1.3634185852672189,106
2020-12-26,GLD,3.7680996919231724,13
2020-12-26,SPY,-0.68026322694642527,703
2020-12-26,TLT,0.57999954045109026,12
2020-12-26,USO,-0.42394510466936619,130
2020-12-26,UUP,-1.6253520595324216,123
2020-12-27,GLD,0.55432372505543,2
2020-12-27,SPY,-0.6586153546760205,883
2020-12-27,TLT,0.61146367726041406,11
2020-12-27,USO,0.0072495878760411442,132
2020-12-27,UUP,-1.5585289981223127,134
2020-12-28,GLD,5.9462344765311874,11
2020-12-28,SPY,-0.36137120046989807,2549
2020-12-28,TLT,1.6936035387050326,43
2020-12-28,USO,-0.45601322399997712,326
2020-12-28,UUP,-0.99727854868474985,339
2020-12-29,GLD,3.2847577903787166,21
2020-12-29,SPY,-0.016651426458682984,3266
2020-12-29,TLT,1.2516045885610156,31
2020-12-29,USO,-0.70269062868991639,499
2020-12-29,UUP,-1.0296975495565828,331
2020-12-30,GLD,4.3262858760257128,14
2020-12-30,SPY,-0.60871106364610239,2941
2020-12-30,TLT,0.98728561332441478,41
2020-12-30,USO,-0.58000097726913258,603
2020-12-30,UUP,-0.955564662049597,476
2020-12-31,GLD,3.2865831561336383,21
2020-12-31,SPY,-0.59689949226634864,2869
2020-12-31,TLT,-0.74842875091253414,13
2020-12-31,USO,-1.131229689867375,404
2020-12-31,UUP,-0.88403373860744361,603
2021-01-01,GLD,4.9669758936548742,3
2021-01-01,SPY,-0.68621565471203116,1329
2021-01-01,TLT,0.004559385916126384,7
2021-01-01,USO,-1.0297474891033633,260
2021-01-01,UUP,-0.36957759243938532,416
2021-01-02,GLD,5.1916909635304931,6
2021-01-02,SPY,-1.4848636200702248,1053
2021-01-02,TLT,0.52489780750650494,2
2021-01-02,USO,-0.53312139514272872,237
2021-01-02,UUP,-0.88278302642114248,150
2021-01-03,GLD,0.99902981583825656,2
2021-01-03,SPY,-0.39776540771254881,747
2021-01-03,TLT,-0.68311285269891819,7
2021-01-03,USO,-0.646754872841341,183
2021-01-03,UUP,-0.9561435383858613,277
2021-01-04,GLD,5.8501340247598632,15
2021-01-04,SPY,-0.37267901845859952,2869
2021-01-04,TLT,0.64059894192621891,58
2021-01-04,USO,-0.62790378440668138,532
2021-01-04,UUP,-0.57979956533594368,519
2021-01-05,GLD,-0.0043514016617982078,70
2021-01-05,SPY,-1.3852757947162972,4024
2021-01-05,TLT,0.68299535703084524,56
2021-01-05,USO,-0.68737002402862279,692
2021-01-05,UUP,-0.92771793069866759,393
2021-01-06,GLD,2.1596958277101979,21
2021-01-06,SPY,-0.74535628738211024,3266
2021-01-06,TLT,0.9078175070699418,47
2021-01-06,USO,-0.63452342287282537,679
2021-01-06,UUP,-0.528340334147791,445
2021-01-07,GLD,4.0090740544397567,11
2021-01-07,SPY,-0.81198751294647609,3817
2021-01-07,TLT,0.24891463361338603,60
2021-01-07,USO,-0.48056087765651989,480
2021-01-07,UUP,-0.71961467659116629,533
2021-01-08,GLD,2.9904213582158188,14
2021-01-08,SPY,-1.2303942598446378,4136
2021-01-08,TLT,1.4462278505152666,62
2021-01-08,USO,-0.60767632548400841,444
2021-01-08,UUP,-1.1288950825651667,838
2021-01-09,GLD,4.1322122617084371,9
2021-01-09,SPY,-1.4343837503731869,1073
2021-01-09,TLT,-0.21206844734621486,12
2021-01-09,USO,-1.6822512045375073,644
2021-01-09,UUP,-0.59118182576490619,179
2021-01-10,GLD,9.3619919363626245,2
2021-01-10,SPY,-1.3651203829501668,830
2021-01-10,TLT,-0.764128670792458,5
2021-01-10,USO,-1.4211944933425851,264
2021-01-10,UUP,-1.6131580844260673,106
2021-01-11,GLD,3.1669795203252327,13
2021-01-11,SPY,-1.2280317691364853,2870
2021-01-11,TLT,-0.733332246878725,55
2021-01-11,USO,-1.9587109365380351,595
2021-01-11,UUP,-1.2877919934099307,516
2021-01-12,GLD,3.7479422883348987,18
2021-01-12,SPY,-0.97045925344962669,4175
2021-01-12,TLT,0.48398258963451812,72
2021-01-12,USO,-0.92479430671838891,613
2021-01-12,UUP,-1.4755568973368127,538
2021-01-13,GLD,3.7122349749269734,20
2021-01-13,SPY,-0.873774695964572,3432
2021-01-13,TLT,0.19984046539197908,89
2021-01-13,USO,-0.75558952955426884,596
2021-01-13,UUP,-1.293749033240001,814
2021-01-14,GLD,1.9464582983371943,35
2021-01-14,SPY,-1.0628118295395641,3292
2021-01-14,TLT,0.44551319018020175,101
2021-01-14,USO,-0.79838154813862228,430
2021-01-14,UUP,-0.966158531086896,835
2021-01-15,GLD,3.4578897091725507,18
2021-01-15,SPY,-1.1604432117040835,3315
2021-01-15,TLT,-0.2428441651805554,71
2021-01-15,USO,-1.0615827994979192,455
2021-01-15,UUP,-1.428268131317282,877
2021-01-16,GLD,7.5098243957244888,5
2021-01-16,SPY,-1.5066274752812496,1065
2021-01-16,TLT,-0.48880037963881784,9
2021-01-16,USO,-0.720598704016255,211
2021-01-16,UUP,-1.0940782444718773,197
2021-01-17,GLD,4.5654979688682662,5
2021-01-17,SPY,-1.352192103212098,813
2021-01-17,TLT,-0.87469243538349351,2
2021-01-17,USO,-0.27612325900161561,137
2021-01-17,UUP,-0.96478896126618585,95
2021-01-18,GLD,7.6822897590514287,9
2021-01-18,SPY,-0.982842712169918,2643
2021-01-18,TLT,0.70197277977267936,34
2021-01-18,USO,0.35998771655368256,367
2021-01-18,UUP,-0.87558655752212555,421
2021-01-19,GLD,5.061052726771468,5
2021-01-19,SPY,-0.08324730834967875,3147
2021-01-19,TLT,0.27922836146237651,37
2021-01-19,USO,-0.069287487812060219,556
2021-01-19,UUP,-0.99852632498398619,1283
2021-01-20,GLD,3.2950764631644947,15
2021-01-20,SPY,0.095558328008447518,3771
2021-01-20,TLT,0.98581221432484567,52
2021-01-20,USO,-0.42658451479064274,534
2021-01-20,UUP,-0.64208661020639379,607
2021-01-21,GLD,6.1211824240807724,13
2021-01-21,SPY,-0.095598948364409367,3901
2021-01-21,TLT,0.75169805802933509,52
2021-01-21,USO,-0.4927587041490728,417
2021-01-21,UUP,-1.2108346659156801,645
2021-01-22,GLD,5.1783987024616165,22
2021-01-22,SPY,0.661812687256538,4045
2021-01-22,TLT,-1.6785248601945788,85
2021-01-22,USO,-0.77297595746505365,455
2021-01-22,UUP,-0.90453068367209877,561
2021-01-23,GLD,0.57252596410830336,6
2021-01-23,SPY,-1.0048070767815847,1010
2021-01-23,TLT,-4.5851811545069339,23
2021-01-23,USO,-0.61528604572655887,174
2021-01-23,UUP,-0.70747164485506264,179
2021-01-24,GLD,6.1703817715983309,3
2021-01-24,SPY,-1.1130957971043571,776
2021-01-24,TLT,-1.8930228773146014,13
2021-01-24,USO,0.23568823740221206,149
2021-01-24,UUP,-0.9642702893160322,181
2021-01-25,GLD,6.7530338546512043,9
2021-01-25,SPY,-0.515833107374299,2713
2021-01-25,TLT,-0.53496917018568424,41
2021-01-25,USO,-0.12449104980520873,462
2021-01-25,UUP,-1.0884399244005076,764
2021-01-26,GLD,3.114634224428436,20
2021-01-26,SPY,-0.55011878318679919,3944
2021-01-26,TLT,0.53265694690353182,52
2021-01-26,USO,-1.5711715092481531,822
2021-01-26,UUP,-0.42769159275255281,1538
2021-01-27,GLD,3.1500339347006117,21
2021-01-27,SPY,-0.986859658278574,4575
2021-01-27,TLT,-1.1968907356254317,75
2021-01-27,USO,-0.68425678425816649,473
2021-01-27,UUP,-1.2960729372249609,1490
2021-01-28,GLD,4.2346183097398127,18
2021-01-28,SPY,-1.618093134960813,7256
2021-01-28,TLT,0.6332681704483849,72
2021-01-28,USO,-1.4068878972096013,427
2021-01-28,UUP,-2.5013471924245363,1720
2021-01-29,GLD,3.6109094348410742,12
2021-01-29,SPY,-2.0933610741244411,6559
2021-01-29,TLT,-0.81255321620605137,58
2021-01-29,USO,-0.895858462280845,493
2021-01-29,UUP,-2.2576102795751778,736
2021-01-30,GLD,1.155860328881438,6
2021-01-30,SPY,-2.32779827855614,2582
2021-01-30,TLT,-0.53573295440509217,14
2021-01-30,USO,-1.775791157407367,261
2021-01-30,UUP,-1.7300524675594249,217
2021-01-31,GLD,4.95323944691033,3
2021-01-31,SPY,-2.2389903686562804,1948
2021-01-31,TLT,1.56716845526059,2
2021-01-31,USO,-0.49185902100624174,235
2021-01-31,UUP,-1.7239027304515009,122
2021-02-01,GLD,3.0440720997786581,10
2021-02-01,SPY,-1.2199849682732282,4473
2021-02-01,TLT,1.3518798424149909,48
2021-02-01,USO,-0.12548245364842525,455
2021-02-01,UUP,-0.96190928848554624,519
2021-02-02,GLD,3.6472831349024148,8
2021-02-02,SPY,-0.69314461170902564,5475
2021-02-02,TLT,0.17278878432240904,50
2021-02-02,USO,-0.17325036451316245,565
2021-02-02,UUP,-0.88813283347806227,539
2021-02-03,GLD,3.7186970299811919,20
2021-02-03,SPY,-0.21389971298216517,5225
2021-02-03,TLT,1.1950517557700933,145
2021-02-03,USO,-0.6990585111171751,580
2021-02-03,UUP,-0.799190380562672,679
2021-02-04,GLD,2.4027852492258979,18
2021-02-04,SPY,-0.47451553432546306,3909
2021-02-04,TLT,1.1780675640647298,101
2021-02-04,USO,-0.22147820809939733,527
2021-02-04,UUP,-0.69850196892454,657
2021-02-05,GLD,3.9535208832826929,11
2021-02-05,SPY,-0.35512670803729013,3904
2021-02-05,TLT,1.5620630125238593,112
2021-02-05,USO,0.41187990267490371,562
2021-02-05,UUP,-0.69375202457792762,477
2021-02-06,GLD,5.2601475766058243,7
2021-02-06,SPY,-1.1520169215168758,1299
2021-02-06,TLT,0.91683772570122846,33
2021-02-06,USO,-0.41094211660722069,218
2021-02-06,UUP,0.1197610364819387,166
2021-02-07,GLD,4.23495157028978,6
2021-02-07,SPY,-1.1485267175547744,910
2021-02-07,TLT,1.1112128652266562,6
2021-02-07,USO,-0.49705233556483119,173
2021-02-07,UUP,-1.2080852250278775,317
2021-02-08,GLD,4.8690927545249583,12
2021-02-08,SPY,-0.46728986672564404,4114
2021-02-08,TLT,1.8044465011611535,87
2021-02-08,USO,-0.52336751759727262,554
2021-02-08,UUP,-0.308565322562778,434
2021-02-09,GLD,1.4809293698174864,31
2021-02-09,SPY,-0.4269811624110042,4111
2021-02-09,TLT,0.87859860624568364,77
2021-02-09,USO,0.37737170659863534,681
2021-02-09,UUP,-0.4900571920658181,409
2021-02-10,GLD,3.6912216152889665,22
2021-02-10,SPY,-0.62555658176197249,3976
2021-02-10,TLT,0.80226238586980858,70
2021-02-10,USO,-0.72892789723663509,498
2021-02-10,UUP,-0.86819983461136052,722
2021-02-11,GLD,4.1304851294644171,27
2021-02-11,SPY,-0.60795324268023343,3675
2021-02-11,TLT,0.78765379803782387,109
2021-02-11,USO,-0.6379769901424589,332
2021-02-11,UUP,-1.4435661809864413,1026
2021-02-12,GLD,3.9328481416596421,18
2021-02-12,SPY,-0.87744539637968777,3126
2021-02-12,TLT,0.098437128147141034,95
2021-02-12,USO,-0.87763165042601377,331
2021-02-12,UUP,-1.4075342013208423,392
2021-02-13,GLD,-1.1965798059615929,5
2021-02-13,SPY,-1.2977236529547196,1502
2021-02-13,TLT,0.36011060531634481,15
2021-02-13,USO,-0.61623195441928447,178
2021-02-13,UUP,-1.4817374522796403,138
2021-02-14,GLD,2.4885435040743431,3
2021-02-14,SPY,-1.1960537257903365,821
2021-02-14,TLT,0.58818369616046273,9
2021-02-14,USO,-0.27503878041001661,128
2021-02-14,UUP,0.62119435690168512,219
2021-02-15,GLD,3.509096957181693,17
2021-02-15,SPY,-0.60487073675539549,2441
2021-02-15,TLT,1.0694712730335427,64
2021-02-15,USO,-0.508816679538917,412
2021-02-15,UUP,-0.64465441252649214,315
2021-02-16,GLD,2.67983583403754,24
2021-02-16,SPY,-0.29743647876428947,3066
2021-02-16,TLT,0.96080736005468748,74
2021-02-16,USO,-1.2619867935739766,596
2021-02-16,UUP,-0.79398195699456586,493
2021-02-17,GLD,1.3781826893538047,17
2021-02-17,SPY,-0.49068114679924779,4202
2021-02-17,TLT,0.27089015185005688,90
2021-02-17,USO,-1.4921072391782344,622
2021-02-17,UUP,-0.39164122407927937,793
2021-02-18,GLD,3.1198196878647075,25
2021-02-18,SPY,-0.97307750753043976,5003
2021-02-18,TLT,-0.73116113964504281,96
2021-02-18,USO,-1.1123336089042239,659
2021-02-18,UUP,-0.857106833059238,983
2021-02-19,GLD,3.0112600158516574,30
2021-02-19,SPY,-1.045417844543246,3609
2021-02-19,TLT,0.29738716462405934,69
2021-02-19,USO,-0.29009078695440271,499
2021-02-19,UUP,-1.8351813811661946,740
2021-02-20,GLD,2.5432211160042217,9
2021-02-20,SPY,-0.97450632014986427,1359
2021-02-20,TLT,1.2266756788459392,24
2021-02-20,USO,-0.26473901710786135,261
2021-02-20,UUP,-1.553224552987045,242
2021-02-21,GLD,4.8460581558078051,2
2021-02-21,SPY,-0.88570044742138088,867
2021-02-21,TLT,0.39840455928013441,10
2021-02-21,USO,-0.447139758085717,211
2021-02-21,UUP,-1.2462366604193928,122
2021-02-22,GLD,4.1487158252055716,24
2021-02-22,SPY,-0.65475899464748422,2905
2021-02-22,TLT,-0.17991159325688102,64
2021-02-22,USO,-0.52592419074006447,528
2021-02-22,UUP,-1.252870840574942,864
2021-02-23,GLD,5.65172976180572,19
2021-02-23,SPY,-0.43272533653291884,3375
2021-02-23,TLT,0.15439430810300503,54
2021-02-23,USO,-0.84249291990115716,562
2021-02-23,UUP,-0.99426048955066482,945
2021-02-24,GLD,4.9514239185136475,18
2021-02-24,SPY,-0.75033584481224846,3489
2021-02-24,TLT,0.19263270840202334,72
2021-02-24,USO,-1.4112001493333086,664
2021-02-24,UUP,-1.5014855837264032,1136
2021-02-25,GLD,1.6734527973429074,27
2021-02-25,SPY,-0.2552238188321298,3920
2021-02-25,TLT,0.86466822069070093,83
2021-02-25,USO,-0.58908088747652954,678
2021-02-25,UUP,-0.53985311552085924,1184
2021-02-26,GLD,1.5435768412284689,28
2021-02-26,SPY,-0.82489781099924542,3735
2021-02-26,TLT,-0.73867739782216335,86
2021-02-26,USO,-0.96387568274397761,516
2021-02-26,UUP,-1.4049759465584624,918
2021-02-27,GLD,1.1804579145619605,3
2021-02-27,SPY,-1.0080572963719481,1237
2021-02-27,TLT,-1.4974988379192984,14
2021-02-27,USO,-0.11085127206094916,208
2021-02-27,UUP,-1.1852572557213246,337
2021-02-28,GLD,0.284900284900285,1
2021-02-28,SPY,-0.64211650569815548,870
2021-02-28,TLT,-1.6033333025266536,6
2021-02-28,USO,-0.21021418647371648,124
2021-02-28,UUP,-1.2379432194170321,166
2021-03-01,GLD,4.3011062471687094,17
2021-03-01,SPY,-0.21355892035489607,2549
2021-03-01,TLT,1.5466797736366891,54
2021-03-01,USO,-0.59589617214642521,522
2021-03-01,UUP,-0.49947403155243614,511
2021-03-02,GLD,3.8040750044252407,17
2021-03-02,SPY,-0.534940210554946,3375
2021-03-02,TLT,0.073275783218563373,88
2021-03-02,USO,-0.60473453885175954,579
2021-03-02,UUP,-1.2027984668773624,688
2021-03-03,GLD,4.0082681375112079,18
2021-03-03,SPY,-0.26922650116810581,2936
2021-03-03,TLT,0.81135938011964415,83
2021-03-03,USO,-0.31442279820482938,513
2021-03-03,UUP,-0.92947874656104623,808
2021-03-04,GLD,3.7214965158346263,17
2021-03-04,SPY,-0.93090664184585137,3587
2021-03-04,TLT,0.50795523348770522,86
2021-03-04,USO,-1.3870613640807521,667
2021-03-04,UUP,-1.1133901007129652,1466
2021-03-05,GLD,3.5462394896796616,26
2021-03-05,SPY,-1.1426295286252524,4460
2021-03-05,TLT,0.35454766573513052,79
2021-03-05,USO,-0.39558023468674797,588
2021-03-05,UUP,-0.94941048972320252,1840
2021-03-06,GLD,3.9723389355742293,2
2021-03-06,SPY,-0.98306992639012214,1507
2021-03-06,TLT,0.29433688168666716,11
2021-03-06,USO,-0.084638739491898388,346
2021-03-06,UUP,-1.0441667853640981,321
2021-03-07,GLD,5.3777396132262183,5
2021-03-07,SPY,-0.870592505215317,1652
2021-03-07,TLT,0.4992086460679005,8
2021-03-07,USO,-0.076316419763532123,187
2021-03-07,UUP,-1.1504892850022304,140
2021-03-08,GLD,3.0707094109021469,11
2021-03-08,SPY,-0.49600235622896749,3711
2021-03-08,TLT,1.0387709335060462,77
2021-03-08,USO,-1.1073094577060107,774
2021-03-08,UUP,-1.1962332942520251,619
2021-03-09,GLD,1.8832790138535138,14
2021-03-09,SPY,-0.34398756346448051,3369
2021-03-09,TLT,0.566776470221632,88
2021-03-09,USO,-0.61249341550004477,651
2021-03-09,UUP,-0.61931843445697643,362
2021-03-10,GLD,4.6301146642694038,15
2021-03-10,SPY,-0.40807502529417078,3490
2021-03-10,TLT,0.17522245671412226,71
2021-03-10,USO,-0.6741848243164984,524
2021-03-10,UUP,-1.0024588537975467,638
2021-03-11,GLD,5.00304716962197,13
2021-03-11,SPY,-0.424075928110343,3564
2021-03-11,TLT,1.1651115926192313,102
2021-03-11,USO,0.44483697683458695,446
2021-03-11,UUP,-0.85837604644282972,555
2021-03-12,GLD,3.3180734063458486,15
2021-03-12,SPY,-0.85774932637237167,3841
2021-03-12,TLT,0.39740195262739492,81
2021-03-12,USO,-1.672199656622724,648
2021-03-12,UUP,-1.0927525119863444,680
2021-03-13,GLD,4.424300156123171,4
2021-03-13,SPY,-0.95915201547119067,1116
2021-03-13,TLT,0.70397400911659291,11
2021-03-13,USO,-3.6624017831117914,601
2021-03-13,UUP,-1.777880437455488,304
2021-03-14,GLD,5.9801600744699517,4
2021-03-14,SPY,-0.52375513752504133,690
2021-03-14,TLT,-0.47905180941647396,6
2021-03-14,USO,-0.21323326206899776,184
2021-03-14,UUP,-1.6330150488938202,191
2021-03-15,GLD,2.303330943663807,16
2021-03-15,SPY,-0.33838012349269647,2514
2021-03-15,TLT,0.89828364391718729,61
2021-03-15,USO,-1.0771745661980123,495
2021-03-15,UUP,-0.70750032246685435,1014
2021-03-16,GLD,4.6957705959814078,18
2021-03-16,SPY,-0.45167998132499859,3448
2021-03-16,TLT,0.015700503833368167,59
2021-03-16,USO,-1.3162261530181962,456
2021-03-16,UUP,-0.68594877037741309,724
2021-03-17,GLD,3.2989453096307542,15
2021-03-17,SPY,-0.88308921074435975,3219
2021-03-17,TLT,0.33053865723574116,60
2021-03-17,USO,-0.8313046264063737,460
2021-03-17,UUP,-1.1916108963347105,1560
2021-03-18,GLD,4.1976617400921246,20
2021-03-18,SPY,-0.49159769241509449,3325
2021-03-18,TLT,-0.18080964527111532,64
2021-03-18,USO,-1.4193713327250834,581
2021-03-18,UUP,-0.56135483257182772,1446
2021-03-19,GLD,2.4646871246997768,10
2021-03-19,SPY,-1.0553172734945937,3621
2021-03-19,TLT,-0.87355969720115911,60
2021-03-19,USO,-1.8028384459714679,639
2021-03-19,UUP,-1.2982987650783597,1226
2021-03-20,GLD,4.802064718961141,6
2021-03-20,SPY,-1.1644234465207082,1168
2021-03-20,TLT,0.11999469239898933,17
2021-03-20,USO,-1.1112557354519952,257
2021-03-20,UUP,-1.8297295704620335,406
2021-03-21,GLD,9.4989912594104862,5
2021-03-21,SPY,-0.74195948844982829,866
2021-03-21,TLT,-0.83497645394701814,8
2021-03-21,USO,-0.14067585070864849,162
2021-03-21,UUP,-1.8234515164148355,275
2021-03-22,GLD,2.5090648017557737,21
2021-03-22,SPY,-0.687235706236135,2862
2021-03-22,TLT,0.13300748246769523,54
2021-03-22,USO,-0.36559661413067784,396
2021-03-22,UUP,-0.92685590627529491,742
2021-03-23,GLD,2.5856944817985661,17
2021-03-23,SPY,-0.36875200648703726,3608
2021-03-23,TLT,-0.14489290024768739,56
2021-03-23,USO,-0.64016728227463215,540
2021-03-23,UUP,-0.93392103641838908,1328
2021-03-24,GLD,2.997991541712969,19
2021-03-24,SPY,-0.9235602919053818,3518
2021-03-24,TLT,0.042747034690653538,54
2021-03-24,USO,-1.8864654543318549,653
2021-03-24,UUP,-1.7136199787250666,995
2021-03-25,GLD,5.7858465171302376,11
2021-03-25,SPY,-1.31798738163565,3267
2021-03-25,TLT,0.63627032745585987,63
2021-03-25,USO,-0.92958487479402618,612
2021-03-25,UUP,-1.7501108428410674,1327
2021-03-26,GLD,2.0071636604917713,15
2021-03-26,SPY,-0.1761341908399438,3102
2021-03-26,TLT,1.5775882196279314,56
2021-03-26,USO,-1.0650927071374767,507
2021-03-26,UUP,-0.9679563855881741,766
2021-03-27,GLD,1.9866311057795123,8
2021-03-27,SPY,-0.84468359259943937,879
2021-03-27,TLT,2.5889788760480235,3
2021-03-27,USO,-1.3218562293578662,239
2021-03-27,UUP,-1.0345239889225633,126
2021-03-28,GLD,5.0810907762954312,5
2021-03-28,SPY,-1.4054669098587604,703
2021-03-28,TLT,0.84350629644123143,13
2021-03-28,USO,-1.688503770628357,350
2021-03-28,UUP,-0.074484172389869679,168
2021-03-29,GLD,3.6386718746610009,15
2021-03-29,SPY,-0.92256360231336487,2818
2021-03-29,TLT,0.4461638415127982,54
2021-03-29,USO,-0.50976009107498632,702
2021-03-29,UUP,-1.1841737929132683,304
2021-03-30,GLD,3.2241746319780855,26
2021-03-30,SPY,-0.7712271810597604,3238
2021-03-30,TLT,1.2744635072664692,85
2021-03-30,USO,0.17396932594787645,640
2021-03-30,UUP,-1.0141348180880791,471
2021-03-31,GLD,3.8215371700354166,23
2021-03-31,SPY,-0.80773389072048829,3587
2021-03-31,TLT,0.42486469692331397,64
2021-03-31,USO,-0.78582944118406417,460
2021-03-31,UUP,-0.5712171273806731,348
2021-04-01,GLD,3.9962816401351091,16
2021-04-01,SPY,-0.068313666412438,3178
2021-04-01,TLT,1.3635260526533812,62
2021-04-01,USO,-0.058460001570665804,481
2021-04-01,UUP,-1.0174960996085147,553
2021-04-02,GLD,4.7458041620546085,5
2021-04-02,SPY,0.028006983906175613,2073
2021-04-02,TLT,0.17164306499460377,13
2021-04-02,USO,-0.11330886341766606,305
2021-04-02,UUP,-0.6832265894399171,513
2021-04-03,GLD,4.2947416328245431,4
2021-04-03,SPY,-0.64837746151855258,722
2021-04-03,TLT,-0.54086121199114556,5
2021-04-03,USO,0.13182899059128697,229
2021-04-03,UUP,-0.44421291874050667,83
2021-04-04,GLD,-4.17233560090703,1
2021-04-04,SPY,-0.95992141141332432,577
2021-04-04,TLT,-1.4638286366640629,2
2021-04-04,USO,0.64761075972921156,268
2021-04-04,UUP,-1.4881002394531566,111
2021-04-05,GLD,5.8857805296080112,8
2021-04-05,SPY,-0.27665697304638065,1892
2021-04-05,TLT,1.0224836140564986,15
2021-04-05,USO,0.13200330645977018,368
2021-04-05,UUP,-0.90745990391922127,422
2021-04-06,GLD,4.8004349415631857,14
2021-04-06,SPY,-0.12328093701380062,3028
2021-04-06,TLT,0.64977637409444455,68
2021-04-06,USO,-0.3653571020514807,467
2021-04-06,UUP,-0.081789884173150834,393
2021-04-07,GLD,4.708618012475795,14
2021-04-07,SPY,-0.67912977964260979,3139
2021-04-07,TLT,0.671001968624056,60
2021-04-07,USO,-0.598069352813503,533
2021-04-07,UUP,-0.29165339680887647,689
2021-04-08,GLD,1.9646549279292636,15
2021-04-08,SPY,-0.4892149393214637,2593
2021-04-08,TLT,0.20486300927337309,71
2021-04-08,USO,-0.029113436830495984,460
2021-04-08,UUP,-0.34182786444484792,894
2021-04-09,GLD,1.9054110030667073,8
2021-04-09,SPY,-0.44273763985740844,2874
2021-04-09,TLT,0.22921789502650328,62
2021-04-09,USO,-0.96894645035349358,576
2021-04-09,UUP,-0.41108842599700168,752
2021-04-10,GLD,3.4057639552084287,8
2021-04-10,SPY,-0.39210027124373281,916
2021-04-10,TLT,0.658737748540581,11
2021-04-10,USO,-1.5216783829871514,352
2021-04-10,UUP,-0.88726967208576657,137
2021-04-11,GLD,4.9645390070922,1
2021-04-11,SPY,-0.69167376385101531,716
2021-04-11,TLT,-0.16400720534633556,6
2021-04-11,USO,-1.4879029271476036,205
2021-04-11,UUP,-1.0462443801092642,152
2021-04-12,GLD,4.0571257766415325,9
2021-04-12,SPY,-0.72096378108638592,2560
2021-04-12,TLT,0.32838555025596783,37
2021-04-12,USO,-0.46516693485670241,476
2021-04-12,UUP,-1.4483733656612172,899
2021-04-13,GLD,1.7293513993381224,21
2021-04-13,SPY,-0.30138512450494642,2935
2021-04-13,TLT,1.2409481154854274,85
2021-04-13,USO,-0.48260500557371155,536
2021-04-13,UUP,-0.79070332368159035,737
2021-04-14,GLD,4.9296423704637142,26
2021-04-14,SPY,-0.93375250789217645,4064
2021-04-14,TLT,0.31693429786403554,46
2021-04-14,USO,-0.95629345278478106,518
2021-04-14,UUP,-0.51140658074677459,957
2021-04-15,GLD,2.7659627861004896,16
2021-04-15,SPY,-0.27485124447452847,4106
2021-04-15,TLT,0.52289952509414239,60
2021-04-15,USO,-0.54076796971399288,544
2021-04-15,UUP,-0.28035434407573817,1333
2021-04-16,GLD,3.924511016777815,19
2021-04-16,SPY,-0.049199248906687913,2965
2021-04-16,TLT,1.2645063224672239,100
2021-04-16,USO,-0.75280411512931145,434
2021-04-16,UUP,-0.035831569613849583,466
2021-04-17,GLD,4.326905343093995,9
2021-04-17,SPY,-0.64006311085784151,803
2021-04-17,TLT,2.495107570715223,10
2021-04-17,USO,-0.396634827482022,197
2021-04-17,UUP,-0.23834460844312388,156
2021-04-18,GLD,4.6887442420614454,4
2021-04-18,SPY,-0.84068690333670815,757
2021-04-18,TLT,0.64761662383924623,15
2021-04-18,USO,0.67557097475064387,202
2021-04-18,UUP,-0.28875683228288251,116
2021-04-19,GLD,4.4937158295792878,16
2021-04-19,SPY,-0.21131251299372511,2680
2021-04-19,TLT,0.74652077162920671,124
2021-04-19,USO,-0.5308142987101272,461
2021-04-19,UUP,-0.22376000798192233,535
2021-04-20,GLD,4.1582003541563832,17
2021-04-20,SPY,-0.792758412490774,3486
2021-04-20,TLT,0.21701105240306356,78
2021-04-20,USO,-0.068957038646780489,445
2021-04-20,UUP,-0.63302560164938115,312
2021-04-21,GLD,2.7884119746221825,18
2021-04-21,SPY,-0.81994963395266518,3463
2021-04-21,TLT,0.81488253840580693,62
2021-04-21,USO,-0.75026991692796852,428
2021-04-21,UUP,-0.42272604718212209,279
2021-04-22,GLD,2.1716489522777191,27
2021-04-22,SPY,-0.87650123722162143,3987
2021-04-22,TLT,-0.041453097382527462,66
2021-04-22,USO,-0.54161691447485971,439
2021-04-22,UUP,-1.6017288465355446,618
2021-04-23,GLD,3.3072979301220631,21
2021-04-23,SPY,-1.2403356672637815,3151
2021-04-23,TLT,0.50353053422243288,113
2021-04-23,USO,-0.47886466892706159,403
2021-04-23,UUP,-1.0348216090426252,377
2021-04-24,GLD,7.8670022387510343,6
2021-04-24,SPY,-0.46562863688896733,881
2021-04-24,TLT,3.3276395883260168,16
2021-04-24,USO,0.11069309400125046,308
2021-04-24,UUP,-1.2361360534987591,153
2021-04-25,GLD,-1.23609394313968,1
2021-04-25,SPY,-1.0099741436763288,638
2021-04-25,TLT,1.2248854923138432,6
2021-04-25,USO,0.25702561492384324,261
2021-04-25,UUP,-1.1607261501349893,171
2021-04-26,GLD,2.9832700001390737,15
2021-04-26,SPY,0.19487818137192744,2418
2021-04-26,TLT,0.15813569021605792,62
2021-04-26,USO,-0.5769818577956275,424
2021-04-26,UUP,-0.33400008321001279,699
2021-04-27,GLD,3.1683380710944706,14
2021-04-27,SPY,-0.00078791750046685542,3389
2021-04-27,TLT,-0.825968280313341,76
2021-04-27,USO,-1.5881538891983502,788
2021-04-27,UUP,0.0004534702181360423,910
2021-04-28,GLD,2.5651370979396049,18
2021-04-28,SPY,-0.32326998556132697,3638
2021-04-28,TLT,0.88444702590237323,71
2021-04-28,USO,-0.67349877544707526,617
2021-04-28,UUP,-0.48414996084744127,1123
2021-04-29,GLD,2.8273539883436731,13
2021-04-29,SPY,-0.14934411002377559,4333
2021-04-29,TLT,0.96394330052727084,75
2021-04-29,USO,-0.58028131553320883,587
2021-04-29,UUP,-0.40095891560015795,1598
2021-04-30,GLD,2.5518677589782945,19
2021-04-30,SPY,-0.33249736116821166,2915
2021-04-30,TLT,0.65137326506044424,49
2021-04-30,USO,-0.76142223971250589,539
2021-04-30,UUP,-0.34073643782739721,530
2021-05-01,GLD,2.6593556421460822,5
2021-05-01,SPY,-0.54117753046983319,847
2021-05-01,TLT,0.0286943626293122,5
2021-05-01,USO,-0.36638403800809444,211
2021-05-01,UUP,-0.84732675879329022,371
2021-05-02,GLD,2.734375,1
2021-05-02,SPY,-0.537915388557157,635
2021-05-02,TLT,-1.7059549931367524,2
2021-05-02,USO,-0.054356979670603461,158
2021-05-02,UUP,-0.57964710999372993,296
2021-05-03,GLD,4.0434070822484856,17
2021-05-03,SPY,0.26571799676416169,2410
2021-05-03,TLT,1.2955168969271535,40
2021-05-03,USO,-0.89294129864877447,317
2021-05-03,UUP,-0.062584735049716012,861
2021-05-04,GLD,3.5266052821510172,16
2021-05-04,SPY,0.22965943368818489,3608
2021-05-04,TLT,-0.37004139007808368,46
2021-05-04,USO,-1.4037812016716638,550
2021-05-04,UUP,-0.045593272402913249,765
2021-05-05,GLD,2.4283664360552839,11
2021-05-05,SPY,-0.21731196582402215,3642
2021-05-05,TLT,0.88079490076759859,38
2021-05-05,USO,-1.1259820911512062,607
2021-05-05,UUP,-0.73490184324165364,682
2021-05-06,GLD,1.2361750439472254,33
2021-05-06,SPY,0.087785149972964743,3537
2021-05-06,TLT,0.775669146530761,49
2021-05-06,USO,-0.57226658248125373,439
2021-05-06,UUP,-0.7669375229831199,580
2021-05-07,GLD,2.400440072699622,15
2021-05-07,SPY,-0.29227558690362909,3693
2021-05-07,TLT,1.1815659158064449,69
2021-05-07,USO,-0.1010637556698893,467
2021-05-07,UUP,-0.64633567595774655,1514
2021-05-08,GLD,2.5188359930823019,4
2021-05-08,SPY,-0.76442284200515842,1098
2021-05-08,TLT,0.050422029447832251,5
2021-05-08,USO,-0.22593422661455442,312
2021-05-08,UUP,-0.95198273628853147,236
2021-05-09,GLD,6.88111744825165,6
2021-05-09,SPY,-0.8059098751001188,772
2021-05-09,TLT,-2.79600720874676,3
2021-05-09,USO,-1.2610684544190771,206
2021-05-09,UUP,-1.0622880044536125,153
2021-05-10,GLD,6.2265201156474319,23
2021-05-10,SPY,-0.69559525970058944,3242
2021-05-10,TLT,0.73385680236405559,41
2021-05-10,USO,-0.84373006237138981,482
2021-05-10,UUP,-0.86060898664649177,800
2021-05-11,GLD,4.9863032470978279,19
2021-05-11,SPY,-1.0015612896248642,3324
2021-05-11,TLT,-0.19922162421197392,65
2021-05-11,USO,-0.78672746572717234,423
2021-05-11,UUP,-1.281423562284433,746
2021-05-12,GLD,3.3247899666872907,17
2021-05-12,SPY,-1.2980822839933404,3358
2021-05-12,TLT,0.6104385781838465,75
2021-05-12,USO,-0.708529221823357,500
2021-05-12,UUP,-2.0505328878238314,1234
2021-05-13,GLD,0.45246820725977777,25
2021-05-13,SPY,-1.2499650806059388,3373
2021-05-13,TLT,0.18002896666438761,67
2021-05-13,USO,-0.872758638233884,511
2021-05-13,UUP,-2.1569467042895578,1069
2021-05-14,GLD,-0.57929149467334262,37
2021-05-14,SPY,-0.84144235296716408,3063
2021-05-14,TLT,1.1785239660819633,53
2021-05-14,USO,-0.72964309369538927,493
2021-05-14,UUP,-1.0319035694278222,824
2021-05-15,GLD,6.1123532878817537,5
2021-05-15,SPY,-1.4530189711997443,1159
2021-05-15,TLT,1.1732670505024778,10
2021-05-15,USO,-0.60025394883758187,219
2021-05-15,UUP,-1.1906716734460503,159
2021-05-16,GLD,5.1644293450357672,8
2021-05-16,SPY,-1.5290860810447271,794
2021-05-16,TLT,-3.38164251207729,1
2021-05-16,USO,-0.25511626661738451,127
2021-05-16,UUP,-1.950078683742382,162
2021-05-17,GLD,2.071179836405094,22
2021-05-17,SPY,-0.88348369258861326,3519
2021-05-17,TLT,0.017000743232075944,70
2021-05-17,USO,-0.24062842516425975,492
2021-05-17,UUP,-1.2778475730512771,570
2021-05-18,GLD,1.3725558412091172,14
2021-05-18,SPY,-0.50373649026005929,3044
2021-05-18,TLT,0.19623618390336417,61
2021-05-18,USO,-0.14818212866811356,551
2021-05-18,UUP,-1.0427131127669758,918
2021-05-19,GLD,3.1239734369600716,18
2021-05-19,SPY,-1.3011782798027751,3199
2021-05-19,TLT,0.04695520275239011,49
2021-05-19,USO,-0.69630457049349392,599
2021-05-19,UUP,-1.7596219744948773,994
2021-05-20,GLD,4.084157477299291,16
2021-05-20,SPY,-1.0001919113782047,3268
2021-05-20,TLT,0.034883984717764979,74
2021-05-20,USO,-0.13986078855455655,480
2021-05-20,UUP,-1.4315784326440797,1227
2021-05-21,GLD,5.2215338217273413,19
2021-05-21,SPY,-0.69299963345764148,2798
2021-05-21,TLT,0.76964013173313683,71
2021-05-21,USO,-0.11545126278923082,422
2021-05-21,UUP,-1.3652456226462701,842
2021-05-22,GLD,1.2064248049365531,15
2021-05-22,SPY,-0.58525767466135914,737
2021-05-22,TLT,1.64609053497942,1
2021-05-22,USO,-0.44231151393757734,229
2021-05-22,UUP,-0.91487976400530158,325
2021-05-23,GLD,-1.19289907918763,12
2021-05-23,SPY,-1.053282967892333,535
2021-05-23,TLT,-0.16930123922918583,6
2021-05-23,USO,-0.57603191472512449,243
2021-05-23,UUP,-1.0697543363246016,279
2021-05-24,GLD,2.7228420905860147,17
2021-05-24,SPY,-1.1464458579960086,3245
2021-05-24,TLT,0.83478245301411291,54
2021-05-24,USO,-0.34794360179143419,364
2021-05-24,UUP,-0.45768468585880123,670
2021-05-25,GLD,3.1430249875072995,19
2021-05-25,SPY,-0.63571643950519452,3469
2021-05-25,TLT,0.80589895149906321,52
2021-05-25,USO,-1.0976561393914213,540
2021-05-25,UUP,-0.74438866797998393,910
2021-05-26,GLD,2.3353490828762786,32
2021-05-26,SPY,-0.71667630408240479,3787
2021-05-26,TLT,0.70021275359487578,62
2021-05-26,USO,-0.888096607546462,558
2021-05-26,UUP,-0.9609141062273604,523
2021-05-27,GLD,3.0538029774665589,15
2021-05-27,SPY,-0.94434983472696232,4444
2021-05-27,TLT,1.4156742339858008,71
2021-05-27,USO,-0.41393700953481788,464
2021-05-27,UUP,-0.56894763413010208,562
2021-05-28,GLD,4.205299632422923,20
2021-05-28,SPY,-1.5996041041829174,4684
2021-05-28,TLT,1.4934109648143283,71
2021-05-28,USO,0.015339187185215958,414
2021-05-28,UUP,-0.43649543981402222,853
2021-05-29,GLD,3.0903200444274797,4
2021-05-29,SPY,-2.2465260154932656,1457
2021-05-29,TLT,0.066894186584890838,25
2021-05-29,USO,-1.1653548334738677,293
2021-05-29,UUP,-1.7790695483129915,226
2021-05-30,GLD,2.7234419999033719,5
2021-05-30,SPY,-2.0692867491681257,1465
2021-05-30,TLT,-3.29396569779668,6
2021-05-30,USO,-0.15532978212921819,240
2021-05-30,UUP,-1.473655198970538,165
2021-05-31,GLD,0.45655286861056388,17
2021-05-31,SPY,-1.3564751152810981,2622
2021-05-31,TLT,1.39523969619124,55
2021-05-31,USO,-0.11515547494495998,556
2021-05-31,UUP,-1.5302055032579656,612
2021-06-01,GLD,-0.41431458369551533,23
2021-06-01,SPY,-1.3045453981344273,3742
2021-06-01,TLT,1.294699676855648,42
2021-06-01,USO,-0.46764449354224996,645
2021-06-01,UUP,-0.51037333807338314,595
2021-06-02,GLD,2.2224869529447684,22
2021-06-02,SPY,-1.2435801814122713,3783
2021-06-02,TLT,0.20990887671810649,40
2021-06-02,USO,-0.13648910075951926,608
2021-06-02,UUP,-1.3470096232877773,1022
2021-06-03,GLD,2.9394699771976249,14
2021-06-03,SPY,-0.77284814382791178,3227
2021-06-03,TLT,-0.03013078300619601,45
2021-06-03,USO,0.11649799724424513,713
2021-06-03,UUP,-0.76921435166206387,888
2021-06-04,GLD,4.2797817401185911,17
2021-06-04,SPY,-1.167679863441444,3378
2021-06-04,TLT,0.76577787558918575,38
2021-06-04,USO,-0.32992121304825972,465
2021-06-04,UUP,-0.85179568478193657,1158
2021-06-05,GLD,4.9768708085096716,6
2021-06-05,SPY,-1.2969391391167671,1057
2021-06-05,TLT,0.12469813250661632,3
2021-06-05,USO,-0.58636286371898994,179
2021-06-05,UUP,-0.52725021083684354,353
2021-06-06,GLD,8.3217836155288012,4
2021-06-06,SPY,-1.37491120452065,814
2021-06-06,TLT,0.5701740555468261,4
2021-06-06,USO,0.0013145172729676011,162
2021-06-06,UUP,-1.0205790725178421,195
2021-06-07,GLD,4.9510428064988581,15
2021-06-07,SPY,-0.42712795509025725,2779
2021-06-07,TLT,0.22782690515454362,71
2021-06-07,USO,-0.3185762242346139,384
2021-06-07,UUP,-0.39057531409831636,503
2021-06-08,GLD,0.90421900302232416,9
2021-06-08,SPY,-1.1244606349511053,3454
2021-06-08,TLT,1.0270270212630033,49
2021-06-08,USO,-0.9327137763359109,533
2021-06-08,UUP,-0.96227951634858211,656
2021-06-09,GLD,3.2411980253737043,19
2021-06-09,SPY,-0.60502693200481383,3057
2021-06-09,TLT,0.82358481799171579,82
2021-06-09,USO,-0.24700852054210332,460
2021-06-09,UUP,-0.80409163213013923,535
2021-06-10,GLD,3.1434007239746005,21
2021-06-10,SPY,-0.92564948412914416,3574
2021-06-10,TLT,0.48518823092768748,93
2021-06-10,USO,-0.27058745016252145,489
2021-06-10,UUP,-1.0095347208863097,1163
2021-06-11,GLD,1.3254975296777571,36
2021-06-11,SPY,-0.694170581795017,2888
2021-06-11,TLT,0.74894247387465174,61
2021-06-11,USO,-0.07829193005977246,550
2021-06-11,UUP,-0.652850755164703,946
2021-06-12,GLD,3.0747701733251525,10
2021-06-12,SPY,-1.2263038219467997,835
2021-06-12,TLT,-1.0978631477972123,6
2021-06-12,USO,-0.457360162413493,181
2021-06-12,UUP,-0.55229517135287609,229
2021-06-13,GLD,0.597609561752988,1
2021-06-13,SPY,-1.2173867270766221,622
2021-06-13,TLT,1.12044817927171,1
2021-06-13,USO,-0.41051954498929216,147
2021-06-13,UUP,-1.1376504388864863,149
2021-06-14,GLD,3.7982563035164056,11
2021-06-14,SPY,-0.14665856037034061,2367
2021-06-14,TLT,1.3551808688272056,61
2021-06-14,USO,-0.99284376613598313,454
2021-06-14,UUP,-0.39388124071669528,886
2021-06-15,GLD,2.6522365248765678,16
2021-06-15,SPY,-0.46436552929868186,2863
2021-06-15,TLT,0.638805793874123,41
2021-06-15,USO,-0.81130439494930584,668
2021-06-15,UUP,-0.8959478522704768,999
2021-06-16,GLD,3.814200966146259,14
2021-06-16,SPY,-0.40600588172794966,2961
2021-06-16,TLT,0.35613419106210414,57
2021-06-16,USO,0.10959015815348466,683
2021-06-16,UUP,-0.55492811989221935,1460
2021-06-17,GLD,2.3080092895425541,21
2021-06-17,SPY,-0.5914968303871484,3177
2021-06-17,TLT,0.11001745716496153,57
2021-06-17,USO,-0.2781861275468806,428
2021-06-17,UUP,-0.83012660562495422,1489
2021-06-18,GLD,2.1627819234417633,19
2021-06-18,SPY,-0.609497214170778,2883
2021-06-18,TLT,-1.0539848640634226,43
2021-06-18,USO,-0.28934675800995491,444
2021-06-18,UUP,-0.95354890613970256,1054
2021-06-19,GLD,1.5763767797205341,7
2021-06-19,SPY,-0.923976268130662,1069
2021-06-19,TLT,0.097217362420223052,6
2021-06-19,USO,0.37823988206961545,189
2021-06-19,UUP,-0.85072765956432583,419
2021-06-20,GLD,1.3171310806291414,2
2021-06-20,SPY,-1.0058645173967595,609
2021-06-20,TLT,-0.21784632927234288,4
2021-06-20,USO,0.82877613657098459,238
2021-06-20,UUP,-1.6720619805476393,228
2021-06-21,GLD,2.939809348436254,17
2021-06-21,SPY,-0.907223232251244,2644
2021-06-21,TLT,1.1185349984550068,60
2021-06-21,USO,-0.23267761826581893,416
2021-06-21,UUP,-1.2144353808870516,1257
2021-06-22,GLD,3.5640948709302824,11
2021-06-22,SPY,-0.71829026834180987,3181
2021-06-22,TLT,0.80174046120280307,46
2021-06-22,USO,-0.1564682626755072,586
2021-06-22,UUP,-0.6665930313901397,1309
2021-06-23,GLD,2.7865258992518172,21
2021-06-23,SPY,-0.54147726100998694,3194
2021-06-23,TLT,0.16225101978912312,64
2021-06-23,USO,-0.13773479964651106,614
2021-06-23,UUP,-0.78525072700189191,1021
2021-06-24,GLD,-0.13357740777907037,23
2021-06-24,SPY,-0.33645019879794463,3137
2021-06-24,TLT,1.0569364540421124,51
2021-06-24,USO,-0.137016387043729,484
2021-06-24,UUP,-0.75742471335782091,1359
2021-06-25,GLD,3.6286082544233142,16
2021-06-25,SPY,0.27262776261375926,3040
2021-06-25,TLT,1.2729539441547324,56
2021-06-25,USO,-0.38441333537615413,516
2021-06-25,UUP,-0.19949376575090094,893
2021-06-26,GLD,5.1490474099169807,5
2021-06-26,SPY,-0.58720342965012751,850
2021-06-26,TLT,0.88382806566447325,3
2021-06-26,USO,-0.0560558087698828,249
2021-06-26,UUP,-0.31512942013345929,165
2021-06-27,GLD,3.4965390246766517,8
2021-06-27,SPY,-0.63343288222724015,721
2021-06-27,TLT,-0.240384615384616,1
2021-06-27,USO,0.32297698310816331,174
2021-06-27,UUP,-0.35305991710961449,162
2021-06-28,GLD,4.1127176765353308,10
2021-06-28,SPY,-0.78871917126099411,2730
2021-06-28,TLT,-0.036835648557796793,48
2021-06-28,USO,0.11072683341241625,494
2021-06-28,UUP,-0.99943097849121343,835
2021-06-29,GLD,2.8938761484778075,29
2021-06-29,SPY,-0.77110329085034435,3188
2021-06-29,TLT,1.212595989338203,46
2021-06-29,USO,-0.41352785965243788,586
2021-06-29,UUP,-1.0364129787825291,944
2021-06-30,GLD,3.1642230576232708,21
2021-06-30,SPY,-1.1165555488475558,3581
2021-06-30,TLT,0.94017547676360413,84
2021-06-30,USO,-0.193131616121279,551
2021-06-30,UUP,-1.19224528296415,709
2021-07-01,GLD,3.042656530665238,10
2021-07-01,SPY,-0.82468942815223634,3367
2021-07-01,TLT,0.86718070102490408,67
2021-07-01,USO,-0.82007213396192669,594
2021-07-01,UUP,-0.62215899716521572,613
2021-07-02,GLD,1.6000373644076065,8
2021-07-02,SPY,-0.7110660627535782,2815
2021-07-02,TLT,0.19203054231833133,42
2021-07-02,USO,-0.056346923096088589,852
2021-07-02,UUP,-0.50734191624981173,829
2021-07-03,GLD,4.1706837754587518,6
2021-07-03,SPY,-1.0849835648056267,940
2021-07-03,TLT,0.39164739002578464,4
2021-07-03,USO,0.82651940949673264,240
2021-07-03,UUP,-1.1741574265504824,247
2021-07-04,GLD,6.6274154589371852,2
2021-07-04,SPY,-0.68029253345489527,689
2021-07-04,TLT,-0.33178078612213635,3
2021-07-04,USO,0.79933528109309,264
2021-07-04,UUP,-0.85132861853220143,112
2021-07-05,GLD,2.503122138900272,9
2021-07-05,SPY,-0.90564014616465616,1785
2021-07-05,TLT,1.6496986244556879,37
2021-07-05,USO,-1.3958473099881472,638
2021-07-05,UUP,-0.38442987228974779,381
2021-07-06,GLD,3.19334766187423,17
2021-07-06,SPY,-0.61862295928125011,2701
2021-07-06,TLT,0.25852962189642642,49
2021-07-06,USO,-0.89773084961964622,662
2021-07-06,UUP,-0.9913817378140708,509
2021-07-07,GLD,1.5335044832956761,33
2021-07-07,SPY,-0.88931840009556551,3065
2021-07-07,TLT,0.66216485544110593,57
2021-07-07,USO,-0.847687464308351,556
2021-07-07,UUP,-1.3373676456073802,920
2021-07-08,GLD,2.3313815402086537,22
2021-07-08,SPY,-1.099554496758073,2952
2021-07-08,TLT,-1.3483951183727318,54
2021-07-08,USO,-1.1422818301974458,528
2021-07-08,UUP,-1.1946430838374247,919
2021-07-09,GLD,1.9894667454395019,15
2021-07-09,SPY,-0.93947033545454472,2713
2021-07-09,TLT,0.24857530910423034,66
2021-07-09,USO,-3.2446558826128427,645
2021-07-09,UUP,-0.44007927942353725,743
2021-07-10,GLD,2.1741583004076608,9
2021-07-10,SPY,-1.1147909159209621,772
2021-07-10,TLT,0.19772802726992336,10
2021-07-10,USO,-1.4723634522062028,191
2021-07-10,UUP,-0.511954633564974,148
2021-07-11,GLD,2.9617703854587729,9
2021-07-11,SPY,-0.56180112790169989,478
2021-07-11,TLT,-1.79215560933291,2
2021-07-11,USO,1.0850916379093438,341
2021-07-11,UUP,-0.58496814278370735,206
2021-07-12,GLD,2.2998075020431585,11
2021-07-12,SPY,-0.43846165516384383,2849
2021-07-12,TLT,0.4183327266242034,52
2021-07-12,USO,-0.77301621389567932,374
2021-07-12,UUP,-0.30329662201145791,651
2021-07-13,GLD,4.4339328604593735,14
2021-07-13,SPY,-0.49283941322894809,3276
2021-07-13,TLT,0.61494751286272387,57
2021-07-13,USO,-0.39803068209503023,585
2021-07-13,UUP,-1.0303942121105356,1112
2021-07-14,GLD,2.3681919144821753,19
2021-07-14,SPY,-0.66297052865033723,3247
2021-07-14,TLT,0.25929744154081186,37
2021-07-14,USO,0.044035171125505562,569
2021-07-14,UUP,-0.90744641294285233,1432
2021-07-15,GLD,1.298768754697754,20
2021-07-15,SPY,-0.55039988766913484,2850
2021-07-15,TLT,-0.11988318300211817,44
2021-07-15,USO,-0.32960246923479308,758
2021-07-15,UUP,-0.9803425596585581,1295
2021-07-16,GLD,2.3279492945578162,13
2021-07-16,SPY,-0.88068032104137128,2805
2021-07-16,TLT,0.92090853458530919,43
2021-07-16,USO,-0.2841017298421743,454
2021-07-16,UUP,-1.1075526787876997,833
2021-07-17,GLD,0.40043978501345984,8
2021-07-17,SPY,-1.1898072411231682,715
2021-07-17,TLT,0.47872103653036635,4
2021-07-17,USO,-0.5473540226373671,264
2021-07-17,UUP,-0.9252304814120651,251
2021-07-18,GLD,-1.7398952934164025,13
2021-07-18,SPY,-1.395737017534167,768
2021-07-18,TLT,-2.0289797345442149,2
2021-07-18,USO,-0.82392276160141342,267
2021-07-18,UUP,-1.1119813333241333,133
2021-07-19,GLD,0.19205465390264936,10
2021-07-19,SPY,-2.1118527830298133,3810
2021-07-19,TLT,-2.1820032751934089,53
2021-07-19,USO,-0.76449758587352179,550
2021-07-19,UUP,-1.3468288546341003,799
2021-07-20,GLD,2.0000512649702769,30
2021-07-20,SPY,-1.4484508824787572,4133
2021-07-20,TLT,-0.061896530932470856,75
2021-07-20,USO,-1.617086461902262,532
2021-07-20,UUP,-1.4960719230152431,1145
2021-07-21,GLD,1.8388483949630283,13
2021-07-21,SPY,-0.35044312554329843,3393
2021-07-21,TLT,0.49588060914618604,36
2021-07-21,USO,-0.61262265596897958,589
2021-07-21,UUP,-0.96504452354734249,669
2021-07-22,GLD,1.020764916320287,14
2021-07-22,SPY,-0.64843403790930243,3625
2021-07-22,TLT,-0.656365272245779,61
2021-07-22,USO,-1.603132129231587,936
2021-07-22,UUP,-1.1405941761928333,465
2021-07-23,GLD,1.4908624565769075,10
2021-07-23,SPY,-0.886479655260886,3068
2021-07-23,TLT,1.1912382210775476,52
2021-07-23,USO,-0.78073389545762173,681
2021-07-23,UUP,-1.2042203721333058,639
2021-07-24,GLD,2.9145916126840228,6
2021-07-24,SPY,-1.0132506213299113,860
2021-07-24,TLT,1.5001385169452384,3
2021-07-24,USO,-2.1854214653739903,255
2021-07-24,UUP,-0.92289733975207533,136
2021-07-25,GLD,-1.49359886201991,1
2021-07-25,SPY,-0.5690888857929024,772
2021-07-25,TLT,-0.063556193168630926,2
2021-07-25,USO,0.06603670992113142,243
2021-07-25,UUP,-1.1069187072039539,130
2021-07-26,GLD,5.000135235473711,13
2021-07-26,SPY,-0.447127954204779,2535
2021-07-26,TLT,0.70506170803924828,32
2021-07-26,USO,-1.418735606757787,657
2021-07-26,UUP,-0.91049256342880436,667
2021-07-27,GLD,2.1389253342924217,11
2021-07-27,SPY,-0.31342497910107758,3366
2021-07-27,TLT,0.3019945576330812,58
2021-07-27,USO,-1.1429200060370057,617
2021-07-27,UUP,-0.641468971281346,1071
2021-07-28,GLD,1.3951309545646904,14
2021-07-28,SPY,-0.19790884455755592,3581
2021-07-28,TLT,1.6678683821355351,51
2021-07-28,USO,-0.22849652547184096,491
2021-07-28,UUP,-0.88143432947525147,1352
2021-07-29,GLD,1.1182211558495339,30
2021-07-29,SPY,0.096196794125650617,4333
2021-07-29,TLT,1.7715449433320818,50
2021-07-29,USO,-0.21738145920262708,457
2021-07-29,UUP,-0.52104894193314677,1139
2021-07-30,GLD,1.8771914013416089,10
2021-07-30,SPY,-0.558698598161136,2997
2021-07-30,TLT,-0.17013960686153251,34
2021-07-30,USO,-0.7069399995529696,308
2021-07-30,UUP,-0.84452313779579324,653
2021-07-31,GLD,1.498802932233728,13
2021-07-31,SPY,-1.2701240597245593,817
2021-07-31,TLT,-1.6562409838397023,4
2021-07-31,USO,-1.2280911480921166,131
2021-07-31,UUP,-1.059761431460569,124
2021-08-01,GLD,4.31929140829828,5
2021-08-01,SPY,-1.147971747529509,644
2021-08-01,TLT,1.2892053922232765,2
2021-08-01,USO,-0.58037431543390749,135
2021-08-01,UUP,-0.80860992326116421,182
2021-08-02,GLD,3.6633745117361345,7
2021-08-02,SPY,-0.35839455730493397,2489
2021-08-02,TLT,0.50914209524300691,58
2021-08-02,USO,-0.84908768020207637,256
2021-08-02,UUP,-0.99792415312703719,268
2021-08-03,GLD,1.4077679405789885,15
2021-08-03,SPY,-0.44913267415924135,2845
2021-08-03,TLT,-0.53828610360050821,45
2021-08-03,USO,-1.2479989919012155,434
2021-08-03,UUP,-1.0940228903444753,269
2021-08-04,GLD,3.3721620204538567,18
2021-08-04,SPY,-0.22188163746522843,3150
2021-08-04,TLT,0.46321607496678485,32
2021-08-04,USO,-1.6179652581141686,498
2021-08-04,UUP,-1.5487478523721987,423
2021-08-05,GLD,2.1805688436281452,10
2021-08-05,SPY,-0.17608396052469527,3264
2021-08-05,TLT,0.29105836399787288,49
2021-08-05,USO,-2.5765326379366122,506
2021-08-05,UUP,-1.0621183114853197,359
2021-08-06,GLD,1.1238233801690805,10
2021-08-06,SPY,-0.35141923210903181,2560
2021-08-06,TLT,0.97783771189253144,33
2021-08-06,USO,-1.1309789907215131,361
2021-08-06,UUP,-0.567412556835448,601
2021-08-07,GLD,0.8239180157779733,9
2021-08-07,SPY,-0.87661004473383586,723
2021-08-07,TLT,0.29980663312020134,4
2021-08-07,USO,-0.20452900135930097,165
2021-08-07,UUP,-0.8489889028442269,85
2021-08-08,GLD,2.2073779079882905,4
2021-08-08,SPY,-1.419351834493519,609
2021-08-08,USO,-0.64426888751149614,113
2021-08-08,UUP,-0.27138180345917351,70
2021-08-09,GLD,3.4347500774571436,14
2021-08-09,SPY,-0.77025227186583589,2097
2021-08-09,TLT,0.11361592004555651,37
2021-08-09,USO,-1.1604957172768731,277
2021-08-09,UUP,-1.6943613037805696,718
2021-08-10,GLD,2.3617507107844191,11
2021-08-10,SPY,-0.80008296240696841,2140
2021-08-10,TLT,0.85265826808707312,28
2021-08-10,USO,-0.63274293152099459,281
2021-08-10,UUP,-1.1355349064130231,633
2021-08-11,GLD,-1.1673125934725925,10
2021-08-11,SPY,-0.29835042179631366,2378
2021-08-11,TLT,0.96463780120562781,28
2021-08-11,USO,-0.86186860945532051,376
2021-08-11,UUP,-0.69291836737089973,697
2021-08-12,GLD,3.9132285253103487,7
2021-08-12,SPY,-0.79763090935258374,2393
2021-08-12,TLT,0.55743905348581857,46
2021-08-12,USO,-1.026554094348473,420
2021-08-12,UUP,-1.0135449209481249,637
2021-08-13,GLD,0.77319205813518388,11
2021-08-13,SPY,-0.58183409366570649,2321
2021-08-13,TLT,1.5238813352502667,31
2021-08-13,USO,-0.85986267994442367,353
2021-08-13,UUP,-0.21258794663159972,384
2021-08-14,GLD,3.2725622024831909,3
2021-08-14,SPY,-1.4656396505420519,487
2021-08-14,TLT,2.0039663317699765,2
2021-08-14,USO,0.45364404261573277,227
2021-08-14,UUP,-0.64863737651858255,51
2021-08-15,GLD,-1.55440414507772,2
2021-08-15,SPY,-1.0004324331168022,372
2021-08-15,TLT,-0.844277673545966,1
2021-08-15,USO,-0.33867074094395949,95
2021-08-15,UUP,-0.89720511587685092,58
2021-08-16,GLD,1.602420839452201,16
2021-08-16,SPY,-1.3770289392829183,1733
2021-08-16,TLT,-0.054810607130448552,22
2021-08-16,USO,-1.110567781740746,280
2021-08-16,UUP,-1.1172317547704476,284
2021-08-17,GLD,0.65544936736070158,8
2021-08-17,SPY,-1.4378481143406094,2046
2021-08-17,TLT,-1.7051008345496861,35
2021-08-17,USO,-0.9723533401688782,239
2021-08-17,UUP,-2.1142679828251496,423
2021-08-18,GLD,0.26751106778416678,4
2021-08-18,SPY,-1.1842116037442543,1924
2021-08-18,TLT,0.5441420107604279,36
2021-08-18,USO,-0.79749715718271907,335
2021-08-18,UUP,-0.87365673289123913,637
2021-08-19,GLD,2.5251801414387858,11
2021-08-19,SPY,-1.2475598608240401,3159
2021-08-19,TLT,-0.57672475189997174,26
2021-08-19,USO,-1.3068208989931318,390
2021-08-19,UUP,-1.7390885901868618,1025
2021-08-20,GLD,1.2387759285565125,10
2021-08-20,SPY,-1.7574529257022711,3102
2021-08-20,TLT,-1.7015156169931205,30
2021-08-20,USO,-1.1627153664294845,446
2021-08-20,UUP,-1.8676915624256265,631
2021-08-21,GLD,0.68418459856028979,6
2021-08-21,SPY,-1.2292895377765594,825
2021-08-21,TLT,-0.442426655406831,8
2021-08-21,USO,-0.61495315204908851,225
2021-08-21,UUP,-1.307915276373405,233
2021-08-22,GLD,1.3013196480938451,2
2021-08-22,SPY,-1.6844936479505721,1175
2021-08-22,TLT,-0.81817173825507483,2
2021-08-22,USO,-1.5749783753335693,223
2021-08-22,UUP,-1.0111313849483861,216
2021-08-23,GLD,1.7873975673873335,10
2021-08-23,SPY,-0.66402409239967208,2387
2021-08-23,TLT,0.23127578260555476,46
2021-08-23,USO,-0.45798848774151496,480
2021-08-23,UUP,-1.2320026778157944,696
2021-08-24,GLD,2.5429678289988695,14
2021-08-24,SPY,-0.19076571888975349,2900
2021-08-24,TLT,0.7029266867283045,51
2021-08-24,USO,-0.24452410667307298,537
2021-08-24,UUP,-0.74100649548190245,693
2021-08-25,GLD,1.0380186864549181,14
2021-08-25,SPY,-0.55591242874440328,3104
2021-08-25,TLT,-0.019374845823895925,40
2021-08-25,USO,-0.86983537642273845,516
2021-08-25,UUP,-0.56190083284208581,1071
2021-08-26,GLD,0.23417911756811507,19
2021-08-26,SPY,-1.8839426414039644,3700
2021-08-26,TLT,0.041189994030994853,43
2021-08-26,USO,-0.55521359349887234,404
2021-08-26,UUP,-1.4700519169647448,1211
2021-08-27,GLD,0.5001171920812939,11
2021-08-27,SPY,-1.8717987896474848,3424
2021-08-27,TLT,0.21850694419195205,52
2021-08-27,USO,-0.86606240574373317,444
2021-08-27,UUP,-1.1122369429857808,1445
2021-08-28,GLD,-0.19017094377912355,24
2021-08-28,SPY,-1.9920976837025872,1017
2021-08-28,TLT,1.514240024367957,2
2021-08-28,USO,-0.744074917821073,225
2021-08-28,UUP,-1.2223795282015009,408
2021-08-29,GLD,0.71372728491304538,13
2021-08-29,SPY,-1.8544303353210292,600
2021-08-29,TLT,-1.8221448878639341,5
2021-08-29,USO,0.84575630426763182,223
2021-08-29,UUP,-1.0391434051642461,135
2021-08-30,GLD,1.6485747269321958,15
2021-08-30,SPY,-1.1186139286087611,2359
2021-08-30,TLT,0.30613284836832166,36
2021-08-30,USO,-0.54000935742461065,425
2021-08-30,UUP,-0.64162980752837284,519
2021-08-31,GLD,1.6430058543747204,20
2021-08-31,SPY,-0.64153363567404209,2946
2021-08-31,TLT,-0.11613542107648216,42
2021-08-31,USO,-0.62685881623064676,403
2021-08-31,UUP,-1.4510895729098146,718
2021-09-01,GLD,3.5394023177907,14
2021-09-01,SPY,-0.70146305288752786,2968
2021-09-01,TLT,0.61247665047270328,32
2021-09-01,USO,-0.40706710229982546,477
2021-09-01,UUP,-1.6834221671925877,679
2021-09-02,GLD,1.7623652965991001,21
2021-09-02,SPY,-0.68281144788679,2975
2021-09-02,TLT,-0.11002922429253956,49
2021-09-02,USO,-0.37968388962528665,680
2021-09-02,UUP,-0.66414348610839091,812
2021-09-03,GLD,5.0525136291345527,14
2021-09-03,SPY,-1.2043924170756193,3202
2021-09-03,TLT,0.732609973816383,17
2021-09-03,USO,-2.7975099904917378,535
2021-09-03,UUP,-1.4672709799621078,1025
2021-09-04,GLD,2.7472378123366545,4
2021-09-04,SPY,-1.0854080688510686,884
2021-09-04,USO,-1.7295234152993171,188
2021-09-04,UUP,-1.7530150453839854,268
2021-09-05,GLD,1.4750271145788025,4
2021-09-05,SPY,-1.0475989346161481,663
2021-09-05,TLT,-1.0431763285024147,2
2021-09-05,USO,0.30157118121614568,138
2021-09-05,UUP,-1.5575035660139664,125
2021-09-06,GLD,2.1340984774253453,18
2021-09-06,SPY,-0.43061565483156417,1693
2021-09-06,TLT,0.64539354989953324,25
2021-09-06,USO,-0.69006046614674854,293
2021-09-06,UUP,-1.2950740204990914,428
2021-09-07,GLD,0.22568096767750767,16
2021-09-07,SPY,-0.94495594466718946,2367
2021-09-07,TLT,-0.48455315420012546,42
2021-09-07,USO,-0.41960081730228321,365
2021-09-07,UUP,-1.2289170068034165,442
2021-09-08,GLD,3.4881635805119786,31
2021-09-08,SPY,-1.2422027733268042,3237
2021-09-08,TLT,-0.52125238055415557,44
2021-09-08,USO,-0.18605968867310915,676
2021-09-08,UUP,-1.9103022331845809,854
2021-09-09,GLD,1.0032892656705243,40
2021-09-09,SPY,-1.4683444477686391,3439
2021-09-09,TLT,-0.334535388172592,56
2021-09-09,USO,-0.6187606071762608,564
2021-09-09,UUP,-2.7621114595612286,1135
2021-09-10,GLD,3.3392224907698442,19
2021-09-10,SPY,-0.82981756542242147,2775
2021-09-10,TLT,0.2216540873387351,41
2021-09-10,USO,-0.51325922651356981,420
2021-09-10,UUP,-1.5684672855599013,429
2021-09-11,GLD,1.2143977870344429,5
2021-09-11,SPY,-1.2438845455819536,1360
2021-09-11,TLT,-1.88679245283019,2
2021-09-11,USO,-0.61567670701410016,219
2021-09-11,UUP,-1.7066289829393295,128
2021-09-12,GLD,0.83407717040937113,10
2021-09-12,SPY,-1.1973489224716913,665
2021-09-12,TLT,2.52100840336134,1
2021-09-12,USO,-0.48927525400169547,136
2021-09-12,UUP,-1.6395831133456398,111
2021-09-13,GLD,3.9894497414590928,11
2021-09-13,SPY,-0.9220587701054257,2698
2021-09-13,TLT,1.2125484486697129,30
2021-09-13,USO,-0.51650649763173284,403
2021-09-13,UUP,-1.6644272786181424,627
2021-09-14,GLD,2.2655041250690857,18
2021-09-14,SPY,-0.61546834608475565,3352
2021-09-14,TLT,0.69037447723691081,50
2021-09-14,USO,-0.520388078271744,440
2021-09-14,UUP,-1.2732504969738279,918
2021-09-15,GLD,3.4941693604112833,18
2021-09-15,SPY,-1.099988733260074,3196
2021-09-15,TLT,-0.24603609244788902,56
2021-09-15,USO,-0.48409680179145859,534
2021-09-15,UUP,-1.7921330658999128,804
2021-09-16,GLD,1.9699131997586858,30
2021-09-16,SPY,-1.1519839012786541,2913
2021-09-16,TLT,1.1269265755680489,40
2021-09-16,USO,0.12801385097485626,437
2021-09-16,UUP,-1.4989989923776847,727
2021-09-17,GLD,3.0390231320750645,17
2021-09-17,SPY,-1.389032888944197,3227
2021-09-17,TLT,-0.031822119426777429,48
2021-09-17,USO,-0.53567239807426781,360
2021-09-17,UUP,-2.0904080757788894,815
2021-09-18,GLD,1.3494399288205829,11
2021-09-18,SPY,-1.6003320427826244,918
2021-09-18,TLT,-1.4949987821852222,6
2021-09-18,USO,-0.11302819687978927,287
2021-09-18,UUP,-1.4360986828291376,164
2021-09-19,GLD,5.758220497198514,5
2021-09-19,SPY,-1.4646889044089031,600
2021-09-19,TLT,-0.44404973357016,1
2021-09-19,USO,-0.950745813348979,174
2021-09-19,UUP,-1.5409961547416784,137
2021-09-20,GLD,2.669380664215975,23
2021-09-20,SPY,-2.5487082457465848,3122
2021-09-20,TLT,-0.90763383656820251,49
2021-09-20,USO,-0.89806724039706776,748
2021-09-20,UUP,-3.3190581734704665,1277
2021-09-21,GLD,2.8561798221861041,20
2021-09-21,SPY,-1.8763978024493351,3601
2021-09-21,TLT,0.33214723331548152,49
2021-09-21,USO,-1.5979260864090621,639
2021-09-21,UUP,-2.6732102885601026,958
2021-09-22,GLD,2.2633115251351525,25
2021-09-22,SPY,-1.323570381485776,3766
2021-09-22,TLT,1.1661653114735284,59
2021-09-22,USO,-2.0170739173287577,1075
2021-09-22,UUP,-1.1999079223300997,1477
2021-09-23,GLD,1.3610120454401791,25
2021-09-23,SPY,-0.64932933668433457,3592
2021-09-23,TLT,0.72317473305486168,36
2021-09-23,USO,-1.3288498096065988,692
2021-09-23,UUP,-0.84674506119862669,1330
2021-09-24,GLD,1.5621051631665128,15
2021-09-24,SPY,-1.3187975431568597,2836
2021-09-24,TLT,-0.46231539546297318,57
2021-09-24,USO,-2.5974666934450279,904
2021-09-24,UUP,-1.9163639938080956,771
2021-09-25,GLD,4.0058430118943207,8
2021-09-25,SPY,-1.000958187582766,1041
2021-09-25,TLT,-0.39201125407063675,10
2021-09-25,USO,-0.2412933070176482,312
2021-09-25,UUP,-1.4412039513203745,245
2021-09-26,GLD,1.7030390571988785,10
2021-09-26,SPY,-1.1360863226056048,867
2021-09-26,TLT,-0.92320130605338779,24
2021-09-26,USO,-0.42075789821031212,305
2021-09-26,UUP,-1.9337178478433956,196
2021-09-27,GLD,2.3651106567864111,14
2021-09-27,SPY,-0.97394129459696144,3381
2021-09-27,TLT,0.27753143588992185,70
2021-09-27,USO,-0.67504678832831388,578
2021-09-27,UUP,-1.2816138965712556,719
2021-09-28,GLD,1.9681455974750723,22
2021-09-28,SPY,-1.4054309172136707,3574
2021-09-28,TLT,-0.45520853236800018,88
2021-09-28,USO,-0.84452431052004084,735
2021-09-28,UUP,-1.616665731106665,1066
2021-09-29,GLD,1.45776276897403,21
2021-09-29,SPY,-1.1068025216656874,3687
2021-09-29,TLT,0.995627337032083,59
2021-09-29,USO,-1.1607402161095752,641
2021-09-29,UUP,-1.9907248592112736,1047
2021-09-30,GLD,1.528633432535017,17
2021-09-30,SPY,-1.3783240805084822,3309
2021-09-30,TLT,-0.15763544621732103,46
2021-09-30,USO,-1.3442076966230516,683
2021-09-30,UUP,-2.1173775726384827,854
2021-10-01,GLD,2.0618753344464369,16
2021-10-01,SPY,-1.5512902426714668,3510
2021-10-01,TLT,-0.63865635621277272,55
2021-10-01,USO,-0.90298909570252106,754
2021-10-01,UUP,-2.0958057340268361,885
2021-10-02,GLD,0.56966466914820346,2
2021-10-02,SPY,-0.95743819908504335,942
2021-10-02,TLT,0.12391016578845873,7
2021-10-02,USO,-2.0784524421032504,445
2021-10-02,UUP,-1.5710466268615675,220
2021-10-03,GLD,1.2065152579276726,4
2021-10-03,SPY,-1.1766313250915941,694
2021-10-03,TLT,-1.0284935533418817,4
2021-10-03,USO,-1.5043225249632322,241
2021-10-03,UUP,-0.86250970514992431,174
2021-10-04,GLD,2.4666569703730143,22
2021-10-04,SPY,-2.2351906564851083,4485
2021-10-04,TLT,-1.1199913531510928,57
2021-10-04,USO,-0.70957484045853658,517
2021-10-04,UUP,-2.6628554825184358,721
2021-10-05,GLD,0.42819923179049224,13
2021-10-05,SPY,-2.0215059345219943,5305
2021-10-05,TLT,0.52386842411600487,44
2021-10-05,USO,-1.06697033125796,522
2021-10-05,UUP,-1.6434931774731769,836
2021-10-06,GLD,2.9460526051132452,19
2021-10-06,SPY,-1.6973615116721226,4089
2021-10-06,TLT,-1.2444895884676785,52
2021-10-06,USO,-0.87031884906723878,625
2021-10-06,UUP,-1.5494298451056536,531
2021-10-07,GLD,3.871351656958733,11
2021-10-07,SPY,-1.0011884925983845,3579
2021-10-07,TLT,0.661036921431312,55
2021-10-07,USO,-1.9204333144827552,629
2021-10-07,UUP,-1.8181467736962182,837
2021-10-08,GLD,1.4277761473378781,23
2021-10-08,SPY,-0.9997463558952504,3599
2021-10-08,TLT,-0.34174898076287125,48
2021-10-08,USO,-0.89291216757409875,646
2021-10-08,UUP,-1.4586825732861592,928
2021-10-09,GLD,1.885003821293842,9
2021-10-09,SPY,-1.7861756806920235,1184
2021-10-09,TLT,0.066437726065634237,14
2021-10-09,USO,-0.15393811797354051,285
2021-10-09,UUP,-1.4861795161307314,211
2021-10-10,GLD,2.2763727254746291,5
2021-10-10,SPY,-1.3287983056585437,909
2021-10-10,TLT,0.19249764777900907,3
2021-10-10,USO,-0.7083599529578174,177
2021-10-10,UUP,-1.7829611954297959,283
2021-10-11,GLD,2.3106728164007446,9
2021-10-11,SPY,-1.0418116139080218,2612
2021-10-11,TLT,-0.94159906845571084,65
2021-10-11,USO,-0.76522489967892127,515
2021-10-11,UUP,-1.51671364698383,466
2021-10-12,GLD,3.2677541350152364,10
2021-10-12,SPY,-1.6111369047032045,3934
2021-10-12,TLT,0.048639309971450759,55
2021-10-12,USO,-2.8823424305016965,1548
2021-10-12,UUP,-2.0297428731328928,673
2021-10-13,GLD,1.4273501259692203,31
2021-10-13,SPY,-0.86824176691579524,3146
2021-10-13,TLT,0.2033946140711739,66
2021-10-13,USO,-2.7630717584716695,1071
2021-10-13,UUP,-1.3237361429722381,1053
2021-10-14,GLD,2.60867511768787,18
2021-10-14,SPY,-0.31219364756907203,3279
2021-10-14,TLT,1.6838315028502748,44
2021-10-14,USO,-2.6686967565772379,1317
2021-10-14,UUP,-1.099857680604124,850
2021-10-15,GLD,5.2164654336155376,8
2021-10-15,SPY,0.11346409967189096,3051
2021-10-15,TLT,1.2567984033537609,60
2021-10-15,USO,-1.519460684827032,618
2021-10-15,UUP,-0.42094062429165607,612
2021-10-16,GLD,1.9773314892532059,7
2021-10-16,SPY,-1.0592997449307526,1204
2021-10-16,TLT,9.43396226415094,1
2021-10-16,USO,-1.2576153134430834,572
2021-10-16,UUP,-0.83411703248281788,182
2021-10-17,GLD,2.8836099480964039,5
2021-10-17,SPY,-0.24579229927016377,782
2021-10-17,USO,-1.2367254946262849,405
2021-10-17,UUP,-0.62498364576528431,113
2021-10-18,GLD,4.0049313325971232,12
2021-10-18,SPY,-0.995587368263654,3286
2021-10-18,TLT,0.36112557498560738,26
2021-10-18,USO,-0.94490720101261072,780
2021-10-18,UUP,-1.9102423012447272,782
2021-10-19,GLD,2.6042618935292685,8
2021-10-19,SPY,-0.828819041991864,3946
2021-10-19,TLT,0.12000267504860972,55
2021-10-19,USO,-0.98381557332055525,664
2021-10-19,UUP,-1.2940691125498947,595
2021-10-20,GLD,2.4441018409742457,19
2021-10-20,SPY,-0.24670400155844893,3936
2021-10-20,TLT,1.9408871930720326,37
2021-10-20,USO,-1.2925076604514014,674
2021-10-20,UUP,-1.1685071010202561,541
2021-10-21,GLD,1.4519519840694435,12
2021-10-21,SPY,-0.66159322715888436,3912
2021-10-21,TLT,-0.019829558719866337,60
2021-10-21,USO,-1.344762436197771,748
2021-10-21,UUP,-2.2919787028575573,1127
2021-10-22,GLD,0.90424883837081438,11
2021-10-22,SPY,-0.83898590908815385,3157
2021-10-22,TLT,0.84326206265707526,43
2021-10-22,USO,-0.11612305000244016,828
2021-10-22,UUP,-1.6185711855749847,859
2021-10-23,GLD,2.989369866128528,2
2021-10-23,SPY,-1.44035983664224,1472
2021-10-23,TLT,-1.2503958388713599,4
2021-10-23,USO,-1.2123818684064145,299
2021-10-23,UUP,-1.5721945711173819,196
2021-10-24,GLD,0.062087081111199982,2
2021-10-24,SPY,-2.7373155250571659,1534
2021-10-24,TLT,-1.387347391786905,2
2021-10-24,USO,0.37407450052966817,340
2021-10-24,UUP,-1.5054950118523251,142
2021-10-25,GLD,2.497041638119649,9
2021-10-25,SPY,-0.97284636694450766,3134
2021-10-25,TLT,0.22802729732921156,40
2021-10-25,USO,-0.38180347695398958,630
2021-10-25,UUP,-1.6704220465109869,635
2021-10-26,GLD,2.669624051219476,16
2021-10-26,SPY,-0.64271873486071662,3990
2021-10-26,TLT,0.94465723813593139,51
2021-10-26,USO,-0.90389479889312108,788
2021-10-26,UUP,-1.0887394381618745,495
2021-10-27,GLD,1.4968499347410957,17
2021-10-27,SPY,-0.58409015924209573,3932
2021-10-27,TLT,0.27901513522582377,35
2021-10-27,USO,-0.16163158082019013,656
2021-10-27,UUP,-1.226556862413253,651
2021-10-28,GLD,2.6998927866053219,20
2021-10-28,SPY,-0.19848675036697444,4100
2021-10-28,TLT,1.3179844889000489,59
2021-10-28,USO,-0.059983816739101734,630
2021-10-28,UUP,-1.6643685873583527,810
2021-10-29,GLD,1.4042498009368907,13
2021-10-29,SPY,-0.855119428813604,3521
2021-10-29,TLT,0.04210004036429503,64
2021-10-29,USO,-0.032565122968588364,482
2021-10-29,UUP,-1.4984564110718976,931
2021-10-30,GLD,2.0744889224206711,5
2021-10-30,SPY,-0.92948973372728716,976
2021-10-30,TLT,-0.20142850171748622,5
2021-10-30,USO,-0.692492867302499,219
2021-10-30,UUP,-0.88650753702593876,203
2021-10-31,GLD,2.877382783458954,10
2021-10-31,SPY,-0.82788946021454723,658
2021-10-31,TLT,0.27512759917617124,7
2021-10-31,USO,-0.2333127746562039,241
2021-10-31,UUP,-0.99645849870296777,257
2021-11-01,GLD,4.891135942879818,9
2021-11-01,SPY,-0.319032118208696,2789
2021-11-01,TLT,1.1595831783859702,60
2021-11-01,USO,0.20522058115299746,423
2021-11-01,UUP,-0.78435558528308358,935
2021-11-02,GLD,1.6459144735679079,14
2021-11-02,SPY,-0.1818262626288861,3502
2021-11-02,TLT,0.13029168217521309,65
2021-11-02,USO,-0.45414707762142081,467
2021-11-02,UUP,-0.45009021104377545,746
2021-11-03,GLD,1.7944973851932415,24
2021-11-03,SPY,-0.1820518222333494,3488
2021-11-03,TLT,-0.22199193083174257,69
2021-11-03,USO,-0.66725732999781451,622
2021-11-03,UUP,-0.87737488199706726,1439
2021-11-04,GLD,2.2859708587717211,24
2021-11-04,SPY,-0.020875341417782543,3588
2021-11-04,TLT,0.4180536515255453,38
2021-11-04,USO,-0.41002558876038575,541
2021-11-04,UUP,-1.1511282704463153,1243
2021-11-05,GLD,3.4386263735125913,10
2021-11-05,SPY,-0.59491635722992564,3328
2021-11-05,TLT,1.7417064209414219,65
2021-11-05,USO,-0.1394657953437578,564
2021-11-05,UUP,-0.81390150182896992,1070
2021-11-06,GLD,5.57912638739708,2
2021-11-06,SPY,-1.0654472472167591,1127
2021-11-06,TLT,0.4558409721956741,8
2021-11-06,USO,-1.1075902878032389,309
2021-11-06,UUP,-1.1338513781873316,384
2021-11-07,GLD,-0.50187178738858185,5
2021-11-07,SPY,-0.44585945527685672,605
2021-11-07,TLT,1.6434164315526791,5
2021-11-07,USO,-0.04079221501712911,207
2021-11-07,UUP,-0.77085266627811133,122
2021-11-08,GLD,3.3258792793061063,7
2021-11-08,SPY,-0.435821524887698,2552
2021-11-08,TLT,1.2303117962623584,53
2021-11-08,USO,-2.0501393981510625,542
2021-11-08,UUP,-1.2481888484985206,747
2021-11-09,GLD,2.2834145010848492,11
2021-11-09,SPY,-0.30607347986270267,3606
2021-11-09,TLT,0.93133580716290176,64
2021-11-09,USO,-0.16896608733014035,560
2021-11-09,UUP,-1.2884260108282648,984
2021-11-10,GLD,2.7145837556491021,19
2021-11-10,SPY,-0.50808260386079129,3222
2021-11-10,TLT,0.39389263324236018,52
2021-11-10,USO,-0.20843239437231167,545
2021-11-10,UUP,-1.7052087285624105,1342
2021-11-11,GLD,1.4784907029222252,12
2021-11-11,SPY,-0.55910597423102393,3062
2021-11-11,TLT,0.77263856857689628,50
2021-11-11,USO,-0.95882221275606117,594
2021-11-11,UUP,-1.759409987498483,1201
2021-11-12,GLD,0.64886268527726765,13
2021-11-12,SPY,-0.44244770897173907,3517
2021-11-12,TLT,1.7954120956782205,55
2021-11-12,USO,-0.93814312289526236,600
2021-11-12,UUP,-1.3669706226334888,775
2021-11-13,GLD,5.4038520488233708,5
2021-11-13,SPY,-1.0851070556068882,1170
2021-11-13,TLT,0.12068734546209159,11
2021-11-13,USO,-0.30903380789426521,234
2021-11-13,UUP,-1.3389240825826902,261
2021-11-14,GLD,2.7752993280404317,3
2021-11-14,SPY,-1.5120910400562639,823
2021-11-14,TLT,-3.6915253334753348,2
2021-11-14,USO,-0.15079087870542279,147
2021-11-14,UUP,-1.0275468051528138,147
2021-11-15,GLD,2.8402354689920979,16
2021-11-15,SPY,-0.3005318846642272,2779
2021-11-15,TLT,0.73072566829438113,45
2021-11-15,USO,-0.19742941376116246,280
2021-11-15,UUP,-1.5579014398905846,582
2021-11-16,GLD,2.4577667501348981,9
2021-11-16,SPY,-0.17860551251717807,3034
2021-11-16,TLT,0.58066612415589491,44
2021-11-16,USO,-0.22080786594672835,379
2021-11-16,UUP,-0.86445924778401939,765
2021-11-17,GLD,1.611216334303373,12
2021-11-17,SPY,-0.45280204754241282,3057
2021-11-17,TLT,0.4869853435743427,40
2021-11-17,USO,-0.34503696905850789,435
2021-11-17,UUP,-0.858344663810376,769
2021-11-18,GLD,2.5215881870042782,17
2021-11-18,SPY,-0.57127454508237374,3225
2021-11-18,TLT,0.66471386221472961,33
2021-11-18,USO,-0.74120606149982415,541
2021-11-18,UUP,-1.2955710781403225,750
2021-11-19,GLD,0.54845029808682577,10
2021-11-19,SPY,-0.74624107698644782,3411
2021-11-19,TLT,-0.41394324604165,38
2021-11-19,USO,-0.45722365153451988,487
2021-11-19,UUP,-1.594613671984936,743
2021-11-20,GLD,2.6047091276469461,6
2021-11-20,SPY,-1.10877255902303,996
2021-11-20,TLT,1.4661337396800835,3
2021-11-20,USO,-0.70853723347800135,230
2021-11-20,UUP,-1.0911385696496407,231
2021-11-21,GLD,-0.09409852781849537,5
2021-11-21,SPY,-1.1236212782956616,601
2021-11-21,TLT,-0.61068611985303511,5
2021-11-21,USO,0.081834412182929181,154
2021-11-21,UUP,-1.4617850578269234,157
2021-11-22,GLD,3.2120678483429632,9
2021-11-22,SPY,-0.66759243327337037,2740
2021-11-22,TLT,0.62245461188071816,38
2021-11-22,USO,-0.95749812812758406,366
2021-11-22,UUP,-1.1288680828697641,1648
2021-11-23,GLD,2.5032818002992552,20
2021-11-23,SPY,-0.85997082605158337,3316
2021-11-23,TLT,-0.39335128399565916,53
2021-11-23,USO,-0.7066257205629467,545
2021-11-23,UUP,-1.271801998694142,1519
2021-11-24,GLD,2.1590790180311483,19
2021-11-24,SPY,-0.786469739085999,3312
2021-11-24,TLT,-0.13731842025994745,48
2021-11-24,USO,-0.96526074126816463,604
2021-11-24,UUP,-1.2550208283233342,1048
2021-11-25,GLD,2.1331490838319809,14
2021-11-25,SPY,-0.22164582216563197,2265
2021-11-25,TLT,1.1679253167242465,34
2021-11-25,USO,-0.556589311360875,340
2021-11-25,UUP,-1.011702104373446,538
2021-11-26,GLD,2.2873429181395446,14
2021-11-26,SPY,-2.2306924706825719,3251
2021-11-26,TLT,-1.1158726345817234,55
2021-11-26,USO,-1.375769317274504,471
2021-11-26,UUP,-2.2604767307623752,494
2021-11-27,GLD,4.4604496119716579,6
2021-11-27,SPY,-2.3764078589027515,1980
2021-11-27,TLT,-1.5626335114945813,9
2021-11-27,USO,-1.8153481508411484,209
2021-11-27,UUP,-1.5370647842815017,188
2021-11-28,GLD,2.5305715519436798,7
2021-11-28,SPY,-1.5470615592862611,956
2021-11-28,TLT,-1.4832966673271279,6
2021-11-28,USO,-0.57650772106802262,216
2021-11-28,UUP,-1.4004442600466473,211
2021-11-29,GLD,2.9855413788046179,12
2021-11-29,SPY,-1.4275944694575644,2530
2021-11-29,TLT,0.75308009029186673,34
2021-11-29,USO,-1.0053817962091292,503
2021-11-29,UUP,-1.9730284047513842,542
2021-11-30,GLD,2.657492282941686,23
2021-11-30,SPY,-1.3145423933723364,3747
2021-11-30,TLT,-0.5446298822499035,50
2021-11-30,USO,-1.1430276077280974,622
2021-11-30,UUP,-1.9004438025239949,1087
2021-12-01,GLD,2.4489662788434807,19
2021-12-01,SPY,-0.85142516805938384,3495
2021-12-01,TLT,0.46348745734349495,43
2021-12-01,USO,-0.68720404092244936,701
2021-12-01,UUP,-2.0153800704020282,1489
2021-12-02,GLD,1.6255612809718905,9
2021-12-02,SPY,-0.93390217120651231,3082
2021-12-02,TLT,-0.54995360272024241,61
2021-12-02,USO,-1.2973882199350084,775
2021-12-02,UUP,-1.4500510013944925,1058
2021-12-03,GLD,2.1037327181076311,16
2021-12-03,SPY,-1.1374644504027989,2950
2021-12-03,TLT,-0.46491167927045213,51
2021-12-03,USO,-0.33645711052362293,697
2021-12-03,UUP,-1.8398163810466759,1149
2021-12-04,GLD,1.783872894518904,12
2021-12-04,SPY,-1.3143776232059565,1026
2021-12-04,TLT,-0.653348526060428,2
2021-12-04,USO,-0.8075042128681913,196
2021-12-04,UUP,-1.8062549796832077,475
2021-12-05,GLD,2.4201517772431016,8
2021-12-05,SPY,-1.1697246714426197,778
2021-12-05,TLT,-0.055100279745047429,7
2021-12-05,USO,-0.12913733731474275,266
2021-12-05,UUP,-1.6004973146032464,182
2021-12-06,GLD,4.0032997755045461,13
2021-12-06,SPY,-1.1599275650267482,2792
2021-12-06,TLT,-0.48937210728783709,55
2021-12-06,USO,0.45574267487984704,823
2021-12-06,UUP,-2.3970220150172907,741
2021-12-07,GLD,1.3116842520849517,14
2021-12-07,SPY,-0.82451996196911659,3572
2021-12-07,TLT,0.77023086708598254,40
2021-12-07,USO,-0.24879971666599138,552
2021-12-07,UUP,-0.78568426492971621,759
2021-12-08,GLD,1.1092675018344056,27
2021-12-08,SPY,-1.0831653148028733,3928
2021-12-08,TLT,0.42779198719420269,49
2021-12-08,USO,-1.4853115802918218,653
2021-12-08,UUP,-1.7633882303289927,836
2021-12-09,GLD,1.2609630772164833,14
2021-12-09,SPY,-1.006371515403667,3332
2021-12-09,TLT,0.67874874981882916,50
2021-12-09,USO,-1.4393606918670945,641
2021-12-09,UUP,-0.99755429224730785,726
2021-12-10,GLD,4.1575813341497039,29
2021-12-10,SPY,-0.83803515517496285,2771
2021-12-10,TLT,-0.56685358914387829,42
2021-12-10,USO,-0.84380643023828938,426
2021-12-10,UUP,-1.5365567512332816,1224
2021-12-11,GLD,-0.436086422684957,5
2021-12-11,SPY,-0.82870877945468568,1003
2021-12-11,TLT,-0.66357298017722077,5
2021-12-11,USO,-0.77783825817159336,209
2021-12-11,UUP,-1.5580573643873172,355
2021-12-12,GLD,5.2164877429419763,3
2021-12-12,SPY,-0.84175879155745192,615
2021-12-12,TLT,0.50621895588660637,5
2021-12-12,USO,-0.40287183451933989,172
2021-12-12,UUP,-1.7905326201687635,179
2021-12-13,GLD,4.2228663709914942,9
2021-12-13,SPY,-0.585398314104934,2299
2021-12-13,TLT,-0.12609123424872187,42
2021-12-13,USO,-0.31735800557771821,445
2021-12-13,UUP,-0.89097509394579066,787
2021-12-14,GLD,2.5449975997061975,16
2021-12-14,SPY,-0.70898493819073993,3047
2021-12-14,TLT,0.73524567456170176,40
2021-12-14,USO,-0.78858995354971373,461
2021-12-14,UUP,-1.3964986621746118,1108
2021-12-15,GLD,1.5433475411992985,18
2021-12-15,SPY,-0.53082741201922357,2848
2021-12-15,TLT,0.20137664139851993,58
2021-12-15,USO,0.38397822464083065,568
2021-12-15,UUP,-1.088308837941429,1395
2021-12-16,GLD,2.454550177843541,15
2021-12-16,SPY,-0.93557582853942245,3256
2021-12-16,TLT,0.238484426811205,52
2021-12-16,USO,-1.1232685846988257,715
2021-12-16,UUP,-1.2177058809780785,1634
2021-12-17,GLD,2.9071490923530865,17
2021-12-17,SPY,-1.3867450725913266,3260
2021-12-17,TLT,-0.31823334144166171,43
2021-12-17,USO,-0.86348318803596336,476
2021-12-17,UUP,-1.992826221199137,1143
2021-12-18,GLD,2.249961394350195,6
2021-12-18,SPY,-1.1539631263955279,1088
2021-12-18,TLT,0.0,2
2021-12-18,USO,-0.14599486522876745,185
2021-12-18,UUP,-1.7831219848561533,310
2021-12-19,GLD,6.5999426739573313,6
2021-12-19,SPY,-1.2999418172726593,702
2021-12-19,TLT,-0.54819381526553457,3
2021-12-19,USO,0.31336927736740589,111
2021-12-19,UUP,-1.2216795682230843,184
2021-12-20,GLD,2.3255496597839933,10
2021-12-20,SPY,-1.4532989125877926,3051
2021-12-20,TLT,0.40844653423402194,42
2021-12-20,USO,-1.0043765752876717,379
2021-12-20,UUP,-2.2958110666214804,729
2021-12-21,GLD,1.5701803343561225,22
2021-12-21,SPY,-1.2859218605697618,3216
2021-12-21,TLT,0.71897691275450049,37
2021-12-21,USO,-0.98272811779449687,439
2021-12-21,UUP,-2.2341919761453886,776
2021-12-22,GLD,2.0715646087843007,27
2021-12-22,SPY,-0.68860716034801039,2740
2021-12-22,TLT,0.61961226525371949,38
2021-12-22,USO,-0.18846232340827854,506
2021-12-22,UUP,-1.1129536051150963,718
2021-12-23,GLD,1.4122028552634638,10
2021-12-23,SPY,-0.34347590390887173,2641
2021-12-23,TLT,1.1946592698376703,45
2021-12-23,USO,-0.044633107150438119,427
2021-12-23,UUP,-1.0638791380377062,649
2021-12-24,GLD,-1.2203606069029651,7
2021-12-24,SPY,-0.31775260086566742,1720
2021-12-24,TLT,1.7767807496332715,11
2021-12-24,USO,0.020610996595225486,304
2021-12-24,UUP,-0.90065144990453849,398
2021-12-25,GLD,1.2720479449087758,7
2021-12-25,SPY,-0.71171814685321655,481
2021-12-25,TLT,-0.023760208833824431,5
2021-12-25,USO,-0.016031398863757679,167
2021-12-25,UUP,-1.029449350956094,90
2021-12-26,GLD,-0.834821643645174,4
2021-12-26,SPY,-0.6553930866750769,414
2021-12-26,TLT,0.777470126948789,5
2021-12-26,USO,-0.64520302699398735,250
2021-12-26,UUP,-1.813812914728586,106
2021-12-27,GLD,4.8594246967426384,8
2021-12-27,SPY,-0.75458100510441517,1797
2021-12-27,TLT,1.2321678015650974,36
2021-12-27,USO,-0.47507881509222349,393
2021-12-27,UUP,-1.8043152551296116,383
2021-12-28,GLD,4.8637567423520744,9
2021-12-28,SPY,-0.47115182709347425,2530
2021-12-28,TLT,0.86911773832281292,44
2021-12-28,USO,-0.066533922354020336,380
2021-12-28,UUP,-0.73279723703620392,451
2021-12-29,GLD,2.747291228882804,16
2021-12-29,SPY,-0.993307576387786,2391
2021-12-29,TLT,0.507674679989141,52
2021-12-29,USO,0.077576800317011557,674
2021-12-29,UUP,-1.3945739743161327,550
2021-12-30,GLD,3.0155372951978876,24
2021-12-30,SPY,-0.71373890911355731,2412
2021-12-30,TLT,1.1043255711603368,42
2021-12-30,USO,-0.14382783089956555,775
2021-12-30,UUP,-1.1929663507579098,436
2021-12-31,GLD,2.9461284309009614,14
2021-12-31,SPY,-0.68191111322666043,1964
2021-12-31,TLT,0.59806777040822467,11
2021-12-31,USO,-0.19944424608776204,444
2021-12-31,UUP,-1.5812530249945556,547
2022-01-01,GLD,6.3596491228070171,2
2022-01-01,SPY,-0.45770017301222488,1147
2022-01-01,TLT,0.4738480405245985,4
2022-01-01,USO,-0.77059637218158539,206
2022-01-01,UUP,-0.90007761736487646,207
2022-01-02,SPY,-1.1177914000812028,621
2022-01-02,TLT,-0.80512036958113131,10
2022-01-02,USO,-0.9253439384602844,342
2022-01-02,UUP,-0.89979408520559812,204
2022-01-03,GLD,1.941439485291061,12
2022-01-03,SPY,-0.6438628180914332,2769
2022-01-03,TLT,0.9529294923866356,52
2022-01-03,USO,-0.45661471822258154,348
2022-01-03,UUP,-0.66155257632553144,360
2022-01-04,GLD,2.827650821259494,11
2022-01-04,SPY,-1.3457045442952387,4261
2022-01-04,TLT,0.65708253703141628,58
2022-01-04,USO,-0.32696879198788031,532
2022-01-04,UUP,-0.74118955069350911,755
2022-01-05,GLD,3.7272064854301674,11
2022-01-05,SPY,-0.73619418392167291,2998
2022-01-05,TLT,0.43105249705269211,87
2022-01-05,USO,-0.62407126854992923,433
2022-01-05,UUP,-0.9441168946838232,868
2022-01-06,GLD,1.6054450189159462,13
2022-01-06,SPY,-1.5421700358264043,2742
2022-01-06,TLT,-0.52428801984942042,43
2022-01-06,USO,-0.44363862553150935,599
2022-01-06,UUP,-1.0982976163166744,1576
2022-01-07,GLD,0.97754943773030933,12
2022-01-07,SPY,-1.1601262665720451,2920
2022-01-07,TLT,-0.32396728768236421,63
2022-01-07,USO,-0.61497597977554042,447
2022-01-07,UUP,-1.4970300741998956,1252
2022-01-08,GLD,1.76950998185118,4
2022-01-08,SPY,-1.16623026722412,984
2022-01-08,TLT,0.70704256452401038,5
2022-01-08,USO,-0.43667920506803209,275
2022-01-08,UUP,-1.329872856440347,314
2022-01-09,GLD,9.7800828176728931,3
2022-01-09,SPY,-1.0231681717515497,956
2022-01-09,TLT,-0.37448494876831062,5
2022-01-09,USO,-0.65931971036768866,176
2022-01-09,UUP,-0.814929723548953,239
2022-01-10,GLD,0.7960123033179467,6
2022-01-10,SPY,-0.7035340929100935,2137
2022-01-10,TLT,-0.420538221021338,63
2022-01-10,USO,-0.93384592110683762,430
2022-01-10,UUP,-1.4595473437308271,985
2022-01-11,GLD,3.0955465433394949,24
2022-01-11,SPY,-0.72665685870529939,2921
2022-01-11,TLT,0.38311998517370077,76
2022-01-11,USO,-0.86388202530127545,403
2022-01-11,UUP,-1.3342838308598428,1465
2022-01-12,GLD,2.3456852664392449,13
2022-01-12,SPY,-0.40281403404810817,2845
2022-01-12,TLT,0.50548649708352755,49
2022-01-12,USO,-0.32963817121779337,498
2022-01-12,UUP,-1.217673220551454,1866
2022-01-13,GLD,1.0170384741938654,13
2022-01-13,SPY,-0.76873806415810264,2808
2022-01-13,TLT,1.142986641912755,55
2022-01-13,USO,-0.26613592047878387,447
2022-01-13,UUP,-1.1505337581437511,1225
2022-01-14,GLD,1.752615926524181,17
2022-01-14,SPY,-1.0669576089335868,2888
2022-01-14,TLT,-0.31579888678921958,43
2022-01-14,USO,-0.30140290513517437,485
2022-01-14,UUP,-1.3009940826394897,1536
2022-01-15,GLD,0.43032971870329917,13
2022-01-15,SPY,-0.972450296519595,928
2022-01-15,TLT,-0.1301792755783715,8
2022-01-15,USO,-1.7800019729433036,296
2022-01-15,UUP,-1.3489471241166753,481
2022-01-16,GLD,4.0787778520161311,10
2022-01-16,SPY,-1.2320348431244486,625
2022-01-16,TLT,-0.573981636284251,12
2022-01-16,USO,-0.17340985372777998,201
2022-01-16,UUP,-1.7438696890917267,189
2022-01-17,GLD,4.7162860345110014,14
2022-01-17,SPY,-1.0151524286413707,1733
2022-01-17,TLT,0.52096509905960675,42
2022-01-17,USO,-0.76809478619201854,649
2022-01-17,UUP,-1.5222389419304823,418
2022-01-18,GLD,1.5930317318582365,33
2022-01-18,SPY,-1.1953379329375904,2649
2022-01-18,TLT,-0.24763328072977803,57
2022-01-18,USO,-1.635386663811548,740
2022-01-18,UUP,-1.39442451144904,857
2022-01-19,GLD,2.4627818210825496,13
2022-01-19,SPY,-0.844259335156154,3080
2022-01-19,TLT,0.16445127611490304,66
2022-01-19,USO,-0.52637537873064522,805
2022-01-19,UUP,-1.0879416609619215,1042
2022-01-20,GLD,1.7406223508237402,16
2022-01-20,SPY,-0.88946607067035177,3046
2022-01-20,TLT,-0.1881552218468846,45
2022-01-20,USO,-0.42437567846578006,804
2022-01-20,UUP,-1.5419437584519415,1390
2022-01-21,GLD,3.9845570318497243,13
2022-01-21,SPY,-1.4341598886855136,3166
2022-01-21,TLT,-1.6151769882755747,44
2022-01-21,USO,-0.86032696477699522,482
2022-01-21,UUP,-2.0967543998372467,1155
2022-01-22,GLD,1.596969464553595,18
2022-01-22,SPY,-1.6633252294135008,1144
2022-01-22,TLT,-0.94762466290859371,10
2022-01-22,USO,-0.84621965108865294,319
2022-01-22,UUP,-2.4449736858672568,439
2022-01-23,GLD,2.2232727750837249,3
2022-01-23,SPY,-1.8125722242642395,989
2022-01-23,TLT,0.52720338920017629,17
2022-01-23,USO,-0.24628301824422907,162
2022-01-23,UUP,-1.9265992955493576,371
2022-01-24,GLD,4.1815453287657167,11
2022-01-24,SPY,-1.4981768394500503,3421
2022-01-24,TLT,-0.88356313286953392,69
2022-01-24,USO,-0.83540613588374657,401
2022-01-24,UUP,-2.3819713208770752,1500
2022-01-25,GLD,2.6797863190321469,13
2022-01-25,SPY,-1.3960866985574663,4056
2022-01-25,TLT,-0.39309697710822256,60
2022-01-25,USO,-0.12936557241431818,609
2022-01-25,UUP,-2.5643768944044623,1808
2022-01-26,GLD,2.053505777121543,14
2022-01-26,SPY,-0.88966863384562977,3873
2022-01-26,TLT,0.404308081699104,77
2022-01-26,USO,-0.75956677350560864,794
2022-01-26,UUP,-1.6060607249448986,2108
2022-01-27,GLD,1.9037740526139788,12
2022-01-27,SPY,-0.66902998386903656,3884
2022-01-27,TLT,0.49340372514015,68
2022-01-27,USO,-0.81647031394259761,613
2022-01-27,UUP,-1.5003790709849958,2458
2022-01-28,GLD,2.0927289173787109,11
2022-01-28,SPY,-0.81909715585038445,2902
2022-01-28,TLT,0.63785076853294109,52
2022-01-28,USO,-0.48730939679044877,533
2022-01-28,UUP,-1.3483123035348417,1260
2022-01-29,GLD,1.3478372042023374,7
2022-01-29,SPY,-0.85138290586165843,1107
2022-01-29,TLT,-0.1175372572149386,13
2022-01-29,USO,-0.23612119547836791,331
2022-01-29,UUP,-1.4317530397234102,465
2022-01-30,GLD,0.562104379082203,7
2022-01-30,SPY,-0.903276432883741,529
2022-01-30,TLT,-0.63410117936271315,7
2022-01-30,USO,-0.73335365502621408,232
2022-01-30,UUP,-1.2085244821785508,294
2022-01-31,GLD,1.3953346456979892,11
2022-01-31,SPY,-0.72697339449527243,2305
2022-01-31,TLT,0.953782234340426,54
2022-01-31,USO,-1.1054120679020485,615
2022-01-31,UUP,-1.2126447404537888,846
2022-02-01,GLD,3.8420883522490015,14
2022-02-01,SPY,-0.484420717827173,2791
2022-02-01,TLT,1.0228236271898767,35
2022-02-01,USO,-0.68858016449730164,459
2022-02-01,UUP,-1.5999829250816906,879
2022-02-02,GLD,0.963040820046896,20
2022-02-02,SPY,-0.10017072811916923,3341
2022-02-02,TLT,0.53590532404290581,60
2022-02-02,USO,-0.79221469643935949,533
2022-02-02,UUP,-1.4727328555020616,913
2022-02-03,GLD,1.4321849841388963,17
2022-02-03,SPY,-0.564077664891263,3700
2022-02-03,TLT,-0.34023804429871984,91
2022-02-03,USO,-1.2360693954683162,505
2022-02-03,UUP,-1.3683990196643896,1016
2022-02-04,GLD,0.15829836091832142,14
2022-02-04,SPY,-0.91048979135632513,3459
2022-02-04,TLT,0.2583470244542912,77
2022-02-04,USO,-1.4369516185792561,501
2022-02-04,UUP,-1.214387407825543,1047
2022-02-05,GLD,1.47299509001637,1
2022-02-05,SPY,-1.2843722751281337,1231
2022-02-05,TLT,-0.1710274253880385,12
2022-02-05,USO,-1.2119144478760651,258
2022-02-05,UUP,-1.0302462833879524,313
2022-02-06,GLD,1.9370382042228287,7
2022-02-06,SPY,-1.0660962374700429,713
2022-02-06,TLT,0.92398987022239221,8
2022-02-06,USO,-0.50500309306541835,199
2022-02-06,UUP,-0.69868188068883386,252
2022-02-07,GLD,1.3627744164386391,10
2022-02-07,SPY,-0.72294230921370961,3038
2022-02-07,TLT,-0.39701940217209952,74
2022-02-07,USO,-0.18119017379292235,797
2022-02-07,UUP,-1.2744542614337666,652
2022-02-08,GLD,3.1073710276528117,13
2022-02-08,SPY,-0.488516705840615,3064
2022-02-08,TLT,-0.06932650402671886,82
2022-02-08,USO,-0.788991681031451,551
2022-02-08,UUP,-1.0196454644114206,645
2022-02-09,GLD,2.6459360205080409,17
2022-02-09,SPY,0.0288035685729449,3265
2022-02-09,TLT,0.86003697390219014,49
2022-02-09,USO,-0.18245160810316366,477
2022-02-09,UUP,-0.71372653913896378,830
2022-02-10,GLD,1.8320476412073434,24
2022-02-10,SPY,-0.55671746913039322,3427
2022-02-10,TLT,-0.42800925799486339,61
2022-02-10,USO,0.03308669393307398,498
2022-02-10,UUP,-1.1537217965775863,1731
2022-02-11,GLD,0.51747430916823456,11
2022-02-11,SPY,-0.959774484553033,2818
2022-02-11,TLT,0.45200318283702534,86
2022-02-11,USO,-0.35627252194686959,493
2022-02-11,UUP,-1.7194605634465443,1351
2022-02-12,GLD,3.1480137908396921,4
2022-02-12,SPY,-0.73687476881433478,1338
2022-02-12,TLT,-0.12759015992963152,23
2022-02-12,USO,-0.80862464026362513,284
2022-02-12,UUP,-1.9804944810892313,331
2022-02-13,GLD,1.3331403477436086,2
2022-02-13,SPY,-0.83726807349227184,703
2022-02-13,TLT,-1.1491081030258574,11
2022-02-13,USO,0.15696966935134735,178
2022-02-13,UUP,-2.5959714498646642,346
2022-02-14,GLD,1.0356479107292222,26
2022-02-14,SPY,-1.8314769111507796,2684
2022-02-14,TLT,-1.2099473259526252,53
2022-02-14,USO,-1.5770871104953819,634
2022-02-14,UUP,-1.9735263209805995,1064
2022-02-15,GLD,1.7799095008804831,26
2022-02-15,SPY,-1.1628717383852081,3303
2022-02-15,TLT,0.15055499746410528,47
2022-02-15,USO,-1.1688371118080523,576
2022-02-15,UUP,-1.9626346237682164,1045
2022-02-16,GLD,2.0091352995793295,27
2022-02-16,SPY,-0.6367398248974786,3258
2022-02-16,TLT,-0.38531189157060269,56
2022-02-16,USO,-1.2385141669136635,527
2022-02-16,UUP,-1.8619154934186639,1210
2022-02-17,GLD,-0.37127808025951214,14
2022-02-17,SPY,-0.7569871766332652,3185
2022-02-17,TLT,-0.37190890868585252,58
2022-02-17,USO,-0.29883033114164742,603
2022-02-17,UUP,-2.023912676211395,968
2022-02-18,GLD,-0.25206333315343787,7
2022-02-18,SPY,-1.7205226116262411,2900
2022-02-18,TLT,-0.62620579026470946,38
2022-02-18,USO,-1.1771988684427994,437
2022-02-18,UUP,-2.4202888851714497,919
2022-02-19,GLD,-0.048223539879509725,9
2022-02-19,SPY,-1.4962203041149369,849
2022-02-19,TLT,0.13893451965161027,12
2022-02-19,USO,-0.58080033057141744,226
2022-02-19,UUP,-1.1695384127583157,405
2022-02-20,GLD,4.1355800738895914,6
2022-02-20,SPY,-1.7590476505312551,657
2022-02-20,TLT,-0.52901035444441191,9
2022-02-20,USO,-0.93948110950931152,132
2022-02-20,UUP,-0.71031237423946414,248
2022-02-21,GLD,1.1782365409244824,8
2022-02-21,SPY,-1.5351752943111372,2040
2022-02-21,TLT,-0.42616919281012983,38
2022-02-21,USO,-0.19422398781607517,563
2022-02-21,UUP,-1.1166565196169445,417
2022-02-22,GLD,1.1492633183545387,18
2022-02-22,SPY,-1.8134786275882047,3252
2022-02-22,TLT,-0.08225702914423251,53
2022-02-22,USO,-1.6712527350051736,724
2022-02-22,UUP,-2.2919616673756265,679
2022-02-23,GLD,0.98462997316770628,17
2022-02-23,SPY,-1.2958644713327871,3417
2022-02-23,TLT,-0.52584202840289429,90
2022-02-23,USO,-1.1574458923579842,583
2022-02-23,UUP,-2.79544976703965,762
2022-02-24,GLD,0.29639846677924053,68
2022-02-24,SPY,-2.77031533630594,5568
2022-02-24,TLT,-0.59739373213091151,50
2022-02-24,USO,-2.5293330859290175,1165
2022-02-24,UUP,-3.5390562066932136,1728
2022-02-25,GLD,0.34683251141926597,30
2022-02-25,SPY,-1.913764042835717,3771
2022-02-25,TLT,0.048870262802623063,53
2022-02-25,USO,-1.8691348651951847,934
2022-02-25,UUP,-2.0878816859899207,1136
2022-02-26,GLD,0.87976148449794311,18
2022-02-26,SPY,-1.3660685063635096,927
2022-02-26,TLT,-1.1188498921876524,4
2022-02-26,USO,-1.0436668115033614,463
2022-02-26,UUP,-2.0586318110993846,383
2022-02-27,GLD,1.03040167215579,14
2022-02-27,SPY,-1.9134157363177353,690
2022-02-27,TLT,-1.6326394717947825,4
2022-02-27,USO,-0.54535256659767772,259
2022-02-27,UUP,-1.5820675957221195,269
2022-02-28,GLD,-0.67209987191333687,32
2022-02-28,SPY,-2.2791772240802888,2907
2022-02-28,TLT,-0.697159650369292,41
2022-02-28,USO,-2.1928847907024873,875
2022-02-28,UUP,-2.1304930551618213,694
2022-03-01,GLD,0.61918610279638742,10
2022-03-01,SPY,-1.3780489636277387,3599
2022-03-01,TLT,-0.40324412785056596,46
2022-03-01,USO,-1.8561891901350762,854
2022-03-01,UUP,-1.953184211857361,647
2022-03-02,GLD,2.4892393583733918,16
2022-03-02,SPY,-1.2584971470009432,3723
2022-03-02,TLT,-0.39632860917790907,44
2022-03-02,USO,-2.3992170811961038,1159
2022-03-02,UUP,-1.9161159244764929,1443
2022-03-03,GLD,-0.028680460457203721,19
2022-03-03,SPY,-1.2714315953275697,3088
2022-03-03,TLT,-1.5861908168211543,27
2022-03-03,USO,-1.8336332491705669,962
2022-03-03,UUP,-2.3478640389901528,928
2022-03-04,GLD,0.34007874783007769,15
2022-03-04,SPY,-2.261760972452429,2897
2022-03-04,TLT,-1.7641451427186361,46
2022-03-04,USO,-1.9377978738070625,787
2022-03-04,UUP,-2.9381499212746762,1069
2022-03-05,GLD,-0.3035854410617479,9
2022-03-05,SPY,-2.2609991804219316,978
2022-03-05,TLT,-2.1177549959736739,9
2022-03-05,USO,-1.6971640357683149,443
2022-03-05,UUP,-2.1025486225558008,257
2022-03-06,GLD,0.95383075722387711,11
2022-03-06,SPY,-1.7029341693227524,846
2022-03-06,TLT,-0.24188250314952703,4
2022-03-06,USO,-0.93874145174741319,224
2022-03-06,UUP,-2.137500289134127,144
2022-03-07,GLD,0.45530383800199642,25
2022-03-07,SPY,-2.282979986974524,2811
2022-03-07,TLT,-0.55853267630016024,28
2022-03-07,USO,-2.029476278779224,1343
2022-03-07,UUP,-2.2242461146552852,449
2022-03-08,GLD,0.97679859533617153,30
2022-03-08,SPY,-2.1152748037063369,3676
2022-03-08,TLT,-0.22627233242273731,40
2022-03-08,USO,-1.9881222389279538,1235
2022-03-08,UUP,-2.6803158813320662,757
2022-03-09,GLD,0.14526059462261992,32
2022-03-09,SPY,-1.6871517961866012,3303
2022-03-09,TLT,0.52472986458891324,33
2022-03-09,USO,-1.5875529588013995,1059
2022-03-09,UUP,-2.2290177779953755,1059
2022-03-10,GLD,-0.28665896429357723,30
2022-03-10,SPY,-1.3905994779728041,3604
2022-03-10,TLT,-0.74015385636987352,53
2022-03-10,USO,-1.1395675898402295,1042
2022-03-10,UUP,-1.8514889413042317,1576
2022-03-11,GLD,-0.14623518971578431,11
2022-03-11,SPY,-1.9277346254919223,3254
2022-03-11,TLT,0.069631794010198436,55
2022-03-11,USO,-0.58254199051727706,802
2022-03-11,UUP,-1.8355911311062179,1134
2022-03-12,GLD,1.2747052940713006,10
2022-03-12,SPY,-1.6119958641895389,1416
2022-03-12,TLT,-1.0505137815881502,9
2022-03-12,USO,-0.92339535656809335,366
2022-03-12,UUP,-1.6790552062767223,351
2022-03-13,GLD,3.871380255823281,4
2022-03-13,SPY,-1.5268304113461226,817
2022-03-13,TLT,0.51201747476749482,2
2022-03-13,USO,-3.5832577817661746,2305
2022-03-13,UUP,-2.5619011968245426,197
2022-03-14,GLD,-0.36375806610584549,10
2022-03-14,SPY,-1.9441115978164689,2685
2022-03-14,TLT,0.57320103757398932,43
2022-03-14,USO,-3.3654459290874823,2021
2022-03-14,UUP,-2.8558700858754675,1179
2022-03-15,GLD,0.49496324635555466,17
2022-03-15,SPY,-1.5312888564247593,3372
2022-03-15,TLT,-1.8558522402132669,52
2022-03-15,USO,-2.9431150693657253,2249
2022-03-15,UUP,-2.8222391335934884,1479
2022-03-16,GLD,-0.61614998629312057,44
2022-03-16,SPY,-1.0973074152612612,3568
2022-03-16,TLT,-0.32595627787545317,37
2022-03-16,USO,-2.0852605123200338,1064
2022-03-16,UUP,-1.8458130338613568,1870
2022-03-17,GLD,1.4176133334890839,16
2022-03-17,SPY,-0.94895910155698282,3388
2022-03-17,TLT,0.47129210645532604,40
2022-03-17,USO,-2.6758074756152981,1163
2022-03-17,UUP,-1.4624619770011795,1994
2022-03-18,GLD,-0.18770583080527917,10
2022-03-18,SPY,-1.0401876693632843,2565
2022-03-18,TLT,-0.0023388188261641574,23
2022-03-18,USO,-2.3554843025117829,792
2022-03-18,UUP,-1.6725161520852387,1030
2022-03-19,GLD,-0.034185872870728273,13
2022-03-19,SPY,-1.0343427183503402,797
2022-03-19,TLT,1.7094572060173372,2
2022-03-19,USO,-1.5479428635963031,390
2022-03-19,UUP,-1.4734397598405575,283
2022-03-20,GLD,2.3480109305660628,2
2022-03-20,SPY,-1.2247704154013968,641
2022-03-20,TLT,0.679137040480863,4
2022-03-20,USO,-1.5642603033753588,526
2022-03-20,UUP,-1.6766085891396172,296
2022-03-21,GLD,4.1440212650425767,17
2022-03-21,SPY,-0.97015953123830145,2655
2022-03-21,TLT,-0.20598413684702063,33
2022-03-21,USO,-1.9954131292267141,599
2022-03-21,UUP,-1.8087631342082418,947
2022-03-22,GLD,1.9312507976090971,14
2022-03-22,SPY,-0.97259458238592333,2761
2022-03-22,TLT,-0.073869388990466869,50
2022-03-22,USO,-1.6214911770266025,652
2022-03-22,UUP,-1.7679832439243364,985
2022-03-23,GLD,0.92774572170596359,32
2022-03-23,SPY,-1.0088159866438891,2722
2022-03-23,TLT,-0.84891573290770561,29
2022-03-23,USO,-2.2454597625130495,734
2022-03-23,UUP,-1.5166554586328425,836
2022-03-24,GLD,1.4411015063706687,23
2022-03-24,SPY,-1.3188224212661914,3013
2022-03-24,TLT,-0.062685311493505716,28
2022-03-24,USO,-1.9408574247793779,678
2022-03-24,UUP,-2.1589718504414885,835
2022-03-25,GLD,2.9922564319811613,10
2022-03-25,SPY,-1.1956355875234776,2340
2022-03-25,TLT,0.26284415945089012,45
2022-03-25,USO,-1.4958847243875444,636
2022-03-25,UUP,-2.5004135442386977,735
2022-03-26,GLD,0.33685578374154873,15
2022-03-26,SPY,-0.32221682593528572,1142
2022-03-26,USO,-2.41565465675175,382
2022-03-26,UUP,-1.6968687854771987,280
2022-03-27,GLD,1.5850122679950593,6
2022-03-27,SPY,-1.2438460468195747,675
2022-03-27,TLT,1.8420258943150856,5
2022-03-27,USO,-0.38617326930800855,264
2022-03-27,UUP,-1.7767961010855593,163
2022-03-28,GLD,0.29372811446953229,13
2022-03-28,SPY,-2.035374810190731,2678
2022-03-28,TLT,0.18074270982998358,43
2022-03-28,USO,-1.3181960055690525,849
2022-03-28,UUP,-2.5526062379549055,672
2022-03-29,GLD,0.62855106830602436,24
2022-03-29,SPY,-1.4663736359953066,3477
2022-03-29,TLT,0.22874174339025841,54
2022-03-29,USO,-0.59104460414762439,887
2022-03-29,UUP,-2.0764982088967834,976
2022-03-30,GLD,3.6950308021168929,16
2022-03-30,SPY,-1.0008705824114466,2821
2022-03-30,TLT,0.264184508008709,36
2022-03-30,USO,-1.1669465888502675,667
2022-03-30,UUP,-1.7734851536070149,796
2022-03-31,GLD,0.53834572972278472,17
2022-03-31,SPY,-1.1863324759089247,2647
2022-03-31,TLT,-0.96452214664685632,30
2022-03-31,USO,-1.4057179715258152,953
2022-03-31,UUP,-1.8166912030840334,902
2022-04-01,GLD,1.7473946712157964,16
2022-04-01,SPY,-1.1449748078610389,2534
2022-04-01,TLT,-0.68831734313672721,49
2022-04-01,USO,-1.0037308824847986,642
2022-04-01,UUP,-2.022453417315476,1200
2022-04-02,GLD,2.2502018143479785,7
2022-04-02,SPY,-1.0319417328793745,869
2022-04-02,TLT,-1.7280865266069743,11
2022-04-02,USO,-0.50658325723191466,453
2022-04-02,UUP,-1.4901657856224872,289
2022-04-03,GLD,4.2905395107794559,5
2022-04-03,SPY,-1.13072322223927,641
2022-04-03,TLT,-0.63688940358184554,10
2022-04-03,USO,-0.23544399073718569,349
2022-04-03,UUP,-1.1504121664900144,225
2022-04-04,GLD,1.9683229343200421,9
2022-04-04,SPY,-1.0052576194696128,2279
2022-04-04,TLT,-1.9414923694516686,45
2022-04-04,USO,-1.7015859520785583,421
2022-04-04,UUP,-1.6925512037069532,765
2022-04-05,GLD,4.92182853986744,14
2022-04-05,SPY,-1.1467851531588851,2502
2022-04-05,TLT,-0.89008044526814578,58
2022-04-05,USO,-0.99458035441369441,495
2022-04-05,UUP,-2.5021089265448353,956
2022-04-06,GLD,2.7788282999116536,19
2022-04-06,SPY,-1.6640139387047184,2944
2022-04-06,TLT,-1.5470076529223076,64
2022-04-06,USO,-0.68449867577992307,607
2022-04-06,UUP,-2.1916655832712593,1537
2022-04-07,GLD,3.7698718786342549,28
2022-04-07,SPY,-1.2406624993092046,2951
2022-04-07,TLT,-1.0042552457554936,60
2022-04-07,USO,-0.8480622274421461,610
2022-04-07,UUP,-2.1458960205246864,1419
2022-04-08,GLD,3.9861910170781805,21
2022-04-08,SPY,-1.1459195316328563,3388
2022-04-08,TLT,-0.392015331076379,50
2022-04-08,USO,-0.60590710782084622,809
2022-04-08,UUP,-1.8332218250354348,1036
2022-04-09,GLD,6.5199968515071012,18
2022-04-09,SPY,-1.5206775892982864,903
2022-04-09,TLT,-0.73452073578825372,3
2022-04-09,USO,-0.37619561011806496,212
2022-04-09,UUP,-2.1422755190763278,201
2022-04-10,GLD,6.6702150303731234,13
2022-04-10,SPY,-0.62114796420087059,624
2022-04-10,TLT,-0.211007537049535,3
2022-04-10,USO,-0.10394080959669309,303
2022-04-10,UUP,-1.9652372105263067,205
2022-04-11,GLD,2.2247786313078488,17
2022-04-11,SPY,-1.0348135103978737,2447
2022-04-11,TLT,-0.83255999610751885,47
2022-04-11,USO,-1.2742826652055641,645
2022-04-11,UUP,-2.7232249742710732,815
2022-04-12,GLD,3.0577416727623272,14
2022-04-12,SPY,-1.0335758313559766,2731
2022-04-12,TLT,-0.91196633912911973,68
2022-04-12,USO,-1.291083204186231,723
2022-04-12,UUP,-2.2404597232200971,1453
2022-04-13,GLD,2.3058027719027381,33
2022-04-13,SPY,-0.67325665075355012,2638
2022-04-13,TLT,-0.3291766904844789,52
2022-04-13,USO,-1.0429076583307404,614
2022-04-13,UUP,-1.853019477518018,1126
2022-04-14,GLD,5.0119543639421433,20
2022-04-14,SPY,-0.65840252125279741,2875
2022-04-14,TLT,-0.72656669215281544,34
2022-04-14,USO,-0.7621525885554834,489
2022-04-14,UUP,-1.3500850864677483,800
2022-04-15,GLD,4.90494181015559,12
2022-04-15,SPY,-1.1768606176442931,1692
2022-04-15,TLT,-0.9576163735393084,11
2022-04-15,USO,-0.45225611854907083,562
2022-04-15,UUP,-1.6148528148411576,480
2022-04-16,GLD,6.0930589212094173,14
2022-04-16,SPY,-1.1735172117252282,641
2022-04-16,TLT,-1.2134739243123032,5
2022-04-16,USO,-0.89779832793017067,289
2022-04-16,UUP,-1.9616103801403013,164
2022-04-17,GLD,6.92420063914445,12
2022-04-17,SPY,-0.63809049523989714,598
2022-04-17,TLT,-0.53998465448440669,8
2022-04-17,USO,-0.84623385028447928,192
2022-04-17,UUP,-1.8221467722109239,206
2022-04-18,GLD,2.5597224201391406,34
2022-04-18,SPY,-1.0970899082000276,1556
2022-04-18,TLT,-0.26220938836266705,20
2022-04-18,USO,-1.8833260139694969,318
2022-04-18,UUP,-1.207260763214913,710
2022-04-19,GLD,2.6675724976055744,21
2022-04-19,SPY,-0.76759583755193028,2707
2022-04-19,TLT,-0.94203017586283033,41
2022-04-19,USO,-1.5114901138287031,498
2022-04-19,UUP,-2.1584332965249118,921
2022-04-20,GLD,3.36925975368459,23
2022-04-20,SPY,-0.8660616628071145,3046
2022-04-20,TLT,0.36672641076409174,64
2022-04-20,USO,-1.1622965307867188,513
2022-04-20,UUP,-2.4189683361490362,965
2022-04-21,GLD,1.7444908309968645,13
2022-04-21,SPY,-0.82094987749006776,3138
2022-04-21,TLT,-0.2416125173890856,34
2022-04-21,USO,-0.62306749549306539,554
2022-04-21,UUP,-1.5123434283754267,1087
2022-04-22,GLD,3.1859171175324144,34
2022-04-22,SPY,-1.2436078854709594,2844
2022-04-22,TLT,-0.734775932468074,43
2022-04-22,USO,-0.80914189757457544,610
2022-04-22,UUP,-1.5540133260912437,1063
2022-04-23,GLD,2.280762603080869,24
2022-04-23,SPY,-1.4498350535736593,951
2022-04-23,TLT,-1.4168485835711526,10
2022-04-23,USO,-0.53290426567689253,411
2022-04-23,UUP,-1.9942056821463683,376
2022-04-24,GLD,6.1521975982985788,11
2022-04-24,SPY,-0.96820179244368265,763
2022-04-24,TLT,-2.88350634371396,1
2022-04-24,USO,-1.02373100329438,474
2022-04-24,UUP,-1.3715150679258059,234
2022-04-25,GLD,2.9765456617253325,26
2022-04-25,SPY,-0.86342647332598543,4349
2022-04-25,TLT,-1.4682687439876965,37
2022-04-25,USO,-1.5292469946746639,558
2022-04-25,UUP,-2.8579100409585578,869
2022-04-26,GLD,0.092532657570243981,20
2022-04-26,SPY,-0.87664660689446672,4534
2022-04-26,TLT,0.77783839058836479,43
2022-04-26,USO,-0.59463083641346748,589
2022-04-26,UUP,-1.879560083965593,1077
2022-04-27,GLD,-0.35868028385451278,23
2022-04-27,SPY,-0.84794387861330345,3991
2022-04-27,TLT,-0.22521420120115423,37
2022-04-27,USO,-0.69232986499278582,515
2022-04-27,UUP,-1.818864621667005,899
2022-04-28,GLD,3.2982596051665554,20
2022-04-28,SPY,-0.47055241141373888,4278
2022-04-28,TLT,0.69936049666072342,36
2022-04-28,USO,0.1127517716860526,550
2022-04-28,UUP,-2.3139994618891531,1000
2022-04-29,GLD,4.6760099758211577,26
2022-04-29,SPY,-0.79975674600140856,3581
2022-04-29,TLT,0.035767735476977008,49
2022-04-29,USO,-0.37261611832138497,614
2022-04-29,UUP,-2.0236938494983407,1074
2022-04-30,GLD,4.926874222895548,28
2022-04-30,SPY,-1.5428398156969645,1298
2022-04-30,TLT,-1.7303298076952016,7
2022-04-30,USO,-0.447011917223245,327
2022-04-30,UUP,-2.5984177574627441,472
2022-05-01,GLD,6.9225259638569865,18
2022-05-01,SPY,-0.68198448729989192,896
2022-05-01,TLT,-2.81916843526915,2
2022-05-01,USO,0.026399261023034925,364
2022-05-01,UUP,-2.5594391706060438,360
2022-05-02,GLD,3.4216416910197958,32
2022-05-02,SPY,-1.1353862011448272,2495
2022-05-02,TLT,-0.93933039379193783,35
2022-05-02,USO,-1.2277410437358369,419
2022-05-02,UUP,-1.9951921152222829,926
2022-05-03,GLD,2.4793717641505642,42
2022-05-03,SPY,-0.6419278955381732,3476
2022-05-03,TLT,-0.032220212149069949,46
2022-05-03,USO,0.17259607547485478,875
2022-05-03,UUP,-1.5001712876369131,1141
2022-05-04,GLD,4.0098941843868223,19
2022-05-04,SPY,-0.62886393204555036,4154
2022-05-04,TLT,-0.91208325071985008,55
2022-05-04,USO,-0.96801610887616918,801
2022-05-04,UUP,-1.5691257296597876,2100
2022-05-05,GLD,3.1078386247214276,15
2022-05-05,SPY,-0.63337190462506476,4684
2022-05-05,TLT,-0.66220826464212845,62
2022-05-05,USO,-1.0121140298265356,617
2022-05-05,UUP,-1.7379744767656249,2719
2022-05-06,GLD,2.6294395094307887,23
2022-05-06,SPY,-1.5349453810592064,3974
2022-05-06,TLT,-0.57235668734282408,58
2022-05-06,USO,-1.1311801982826659,514
2022-05-06,UUP,-2.6110163056413453,1921
2022-05-07,GLD,4.4395232376198761,16
2022-05-07,SPY,-1.5533144211266241,1031
2022-05-07,TLT,-0.56521519792948882,17
2022-05-07,USO,-0.93387175956370883,256
2022-05-07,UUP,-1.4874445258376638,523
2022-05-08,GLD,7.1806904725646792,16
2022-05-08,SPY,-1.211535412886553,612
2022-05-08,TLT,-0.18721022355407071,14
2022-05-08,USO,-0.2274742022183191,174
2022-05-08,UUP,-1.5241095242491547,298
2022-05-09,GLD,3.3502647847322784,16
2022-05-09,SPY,-1.320837060832506,3152
2022-05-09,TLT,-1.3561542290163677,56
2022-05-09,USO,-1.5463439381687689,412
2022-05-09,UUP,-2.7856675426191457,1371
2022-05-10,GLD,4.0487384559102111,28
2022-05-10,SPY,-1.4433780861989565,4001
2022-05-10,TLT,-0.697110843481288,51
2022-05-10,USO,-1.3188235437898228,606
2022-05-10,UUP,-2.619515239737165,1291
2022-05-11,GLD,2.5843505853285436,29
2022-05-11,SPY,-1.2324098567631077,3230
2022-05-11,TLT,0.55561141331040287,41
2022-05-11,USO,-1.1409715849626729,496
2022-05-11,UUP,-1.8635087273593478,1743
2022-05-12,GLD,4.0627868041238431,24
2022-05-12,SPY,-1.4150743959347618,3461
2022-05-12,TLT,0.53524437064854191,46
2022-05-12,USO,-1.0583215327739535,509
2022-05-12,UUP,-1.9838759481981465,1298
2022-05-13,GLD,0.743794811491318,22
2022-05-13,SPY,-1.3215720680480272,3215
2022-05-13,TLT,0.40611686313926088,35
2022-05-13,USO,-2.18441209269952,508
2022-05-13,UUP,-2.0877878888102597,1078
2022-05-14,GLD,5.0262469322677283,30
2022-05-14,SPY,-1.4758412476047782,981
2022-05-14,TLT,-0.24545814223598994,8
2022-05-14,USO,-0.77723282073747524,166
2022-05-14,UUP,-2.0181919867503493,331
2022-05-15,GLD,5.4080810041314615,15
2022-05-15,SPY,-1.2611664920820187,594
2022-05-15,TLT,2.0547089084634034,10
2022-05-15,USO,-2.9138570648320621,299
2022-05-15,UUP,-1.8734390264888952,248
2022-05-16,GLD,2.0855647546082356,20
2022-05-16,SPY,-1.0848396947052008,2444
2022-05-16,TLT,-0.6639311660554863,40
2022-05-16,USO,-1.6791348700883977,521
2022-05-16,UUP,-2.1225760928187456,688
2022-05-17,GLD,1.4126735215170774,15
2022-05-17,SPY,-1.1658251574713447,3374
2022-05-17,TLT,0.54461538564228784,50
2022-05-17,USO,-2.9614900683664964,931
2022-05-17,UUP,-1.8422855963312343,882
2022-05-18,GLD,2.9414998500697154,21
2022-05-18,SPY,-1.4447354565983204,3764
2022-05-18,TLT,-1.0602993436468882,44
2022-05-18,USO,-1.9013612402815991,455
2022-05-18,UUP,-2.2595801293499074,1108
2022-05-19,GLD,4.0422573348957229,19
2022-05-19,SPY,-2.0981402621861553,4294
2022-05-19,TLT,-0.35790127099094537,36
2022-05-19,USO,-1.9558524893009595,484
2022-05-19,UUP,-2.8436129513997828,1391
2022-05-20,GLD,1.9418526434822176,15
2022-05-20,SPY,-1.4267954968081036,3335
2022-05-20,TLT,-0.22064208030263657,51
2022-05-20,USO,-0.45750720843387566,519
2022-05-20,UUP,-2.6365008533084571,896
2022-05-21,GLD,5.331750454800579,12
2022-05-21,SPY,-1.555488022689586,1086
2022-05-21,TLT,-0.60210362284453334,10
2022-05-21,USO,-0.28485152000670189,195
2022-05-21,UUP,-2.6855950839512293,302
2022-05-22,GLD,3.6680510823193369,15
2022-05-22,SPY,-1.6896144941435396,815
2022-05-22,TLT,-1.2828701513245087,3
2022-05-22,USO,-1.3026191591031226,752
2022-05-22,UUP,-1.7113668250426268,397
2022-05-23,GLD,5.0619114722161633,15
2022-05-23,SPY,-0.95998593816078015,2417
2022-05-23,TLT,-0.66608556735680657,36
2022-05-23,USO,-0.426393816661603,466
2022-05-23,UUP,-1.7280822755737955,901
2022-05-24,GLD,4.0794918981147381,19
2022-05-24,SPY,-1.2211646251963522,2963
2022-05-24,TLT,-0.16764322099387671,45
2022-05-24,USO,-1.1622219729741219,419
2022-05-24,UUP,-2.4000264897116921,849
2022-05-25,GLD,4.2612057710263826,16
2022-05-25,SPY,-0.84732863651780788,3181
2022-05-25,TLT,1.6513968666596996,56
2022-05-25,USO,0.18394080708730617,469
2022-05-25,UUP,-2.0517937396154426,1040
2022-05-26,GLD,3.091318712118011,23
2022-05-26,SPY,-0.80627592625247368,3218
2022-05-26,TLT,1.5989556681658532,46
2022-05-26,USO,0.31061147356321117,458
2022-05-26,UUP,-2.087228963582088,1314
2022-05-27,GLD,5.8241248040487692,14
2022-05-27,SPY,-0.84368212581646684,2751
2022-05-27,TLT,-0.059905757597107437,46
2022-05-27,USO,-0.87477219905279369,405
2022-05-27,UUP,-1.298542792833796,893
2022-05-28,GLD,3.4729390552146362,12
2022-05-28,SPY,-0.9050210800844295,908
2022-05-28,TLT,-0.42800323707633614,6
2022-05-28,USO,0.22272413039008893,247
2022-05-28,UUP,-1.5696423933466181,224
2022-05-29,GLD,7.33798669961451,12
2022-05-29,SPY,-0.61470226157598085,562
2022-05-29,TLT,-0.67999762157300969,4
2022-05-29,USO,0.35759721742075073,202
2022-05-29,UUP,-1.5927115367787676,118
2022-05-30,GLD,4.2844289619516482,12
2022-05-30,SPY,-0.35787656565040182,1757
2022-05-30,TLT,1.6761805856497618,40
2022-05-30,USO,-0.063689183333595051,529
2022-05-30,UUP,-1.2868750052840936,507
2022-05-31,GLD,1.3737869455147904,15
2022-05-31,SPY,-0.74841990793317192,2744
2022-05-31,TLT,-0.21665173232829274,58
2022-05-31,USO,-1.51145202023141,854
2022-05-31,UUP,-1.5268847434874182,1359
2022-06-01,GLD,3.2957029449252713,15
2022-06-01,SPY,-1.1657620962313942,3115
2022-06-01,TLT,0.26118806623177809,43
2022-06-01,USO,-1.02466379494039,904
2022-06-01,UUP,-2.196744529667586,1322
2022-06-02,GLD,4.7219414369913135,19
2022-06-02,SPY,-1.0801295066580749,2852
2022-06-02,TLT,0.38161247576545443,48
2022-06-02,USO,-1.8687925922513229,713
2022-06-02,UUP,-2.0439441790954045,906
2022-06-03,GLD,2.1145708630010129,15
2022-06-03,SPY,-0.75418543443833241,2352
2022-06-03,TLT,-0.27474406691419218,54
2022-06-03,USO,-0.998579454674057,452
2022-06-03,UUP,-1.6827460153574278,1403
2022-06-04,GLD,5.6340185887720677,20
2022-06-04,SPY,-0.598245174231019,1201
2022-06-04,TLT,-0.64857019715325837,9
2022-06-04,USO,-2.0710226154739959,243
2022-06-04,UUP,-1.738726860788345,291
2022-06-05,GLD,5.6880741869969684,19
2022-06-05,SPY,-1.0736393634899726,584
2022-06-05,TLT,-1.2987860632830379,8
2022-06-05,USO,-0.16659459584969216,234
2022-06-05,UUP,-1.4625997118965128,297
2022-06-06,GLD,2.998935833459083,14
2022-06-06,SPY,-0.9506290679960343,2263
2022-06-06,TLT,1.1351423684200119,51
2022-06-06,USO,-0.67083081934402788,540
2022-06-06,UUP,-1.9158905310520544,767
2022-06-07,GLD,1.5523230022397061,17
2022-06-07,SPY,-0.59497548877130291,2958
2022-06-07,TLT,-0.19500837932232121,66
2022-06-07,USO,-1.0435871163551014,514
2022-06-07,UUP,-1.8180097699444202,953
2022-06-08,GLD,1.7677254639644897,30
2022-06-08,SPY,-0.83102860600497974,2532
2022-06-08,TLT,0.13274766453411915,46
2022-06-08,USO,-1.1991981784148045,486
2022-06-08,UUP,-2.1698516394361884,733
2022-06-09,GLD,2.71210172775053,19
2022-06-09,SPY,-1.0414097855532378,2548
2022-06-09,TLT,-0.72677028597166748,105
2022-06-09,USO,-0.83502786663213213,511
2022-06-09,UUP,-1.8914066743715579,921
2022-06-10,GLD,1.4109730785014687,18
2022-06-10,SPY,-1.500244745220036,2886
2022-06-10,TLT,-1.6457427179851889,134
2022-06-10,USO,-1.3100879951722211,734
2022-06-10,UUP,-2.0347014889375838,1831
2022-06-11,GLD,2.6319497852452374,4
2022-06-11,SPY,-1.7486642325775228,1098
2022-06-11,TLT,-2.062770688491693,24
2022-06-11,USO,-1.1181784544410154,271
2022-06-11,UUP,-2.5715510490612852,563
2022-06-12,SPY,-1.2210518005052355,561
2022-06-12,TLT,-0.49760296007715954,10
2022-06-12,USO,-1.554788173113592,184
2022-06-12,UUP,-1.8623492854629879,263
2022-06-13,GLD,3.5504009843067568,15
2022-06-13,SPY,-1.8656935323885868,3251
2022-06-13,TLT,-0.88656139137162171,131
2022-06-13,USO,-0.82871604330674176,594
2022-06-13,UUP,-2.908624093579482,1872
2022-06-14,GLD,1.0632198871688,18
2022-06-14,SPY,-1.8265373371111284,4189
2022-06-14,TLT,-0.5963585058531472,107
2022-06-14,USO,-1.0653119156433326,530
2022-06-14,UUP,-2.482898402232971,2184
2022-06-15,GLD,-0.69102553456364213,13
2022-06-15,SPY,-1.0836906030513644,3517
2022-06-15,TLT,0.26734767293429645,153
2022-06-15,USO,-0.488846500394844,466
2022-06-15,UUP,-2.189296265133617,2762
2022-06-16,GLD,2.702417196635464,10
2022-06-16,SPY,-1.2954715104541468,3789
2022-06-16,TLT,-1.3066403008394079,80
2022-06-16,USO,-0.71738806697765012,388
2022-06-16,UUP,-2.0815180953900985,2725
2022-06-17,GLD,0.41504500125208754,18
2022-06-17,SPY,-1.2464601082154876,3988
2022-06-17,TLT,0.0026862748605135239,88
2022-06-17,USO,-1.2413342230542614,508
2022-06-17,UUP,-2.4290888215264745,1625
2022-06-18,GLD,4.0983163212967115,17
2022-06-18,SPY,-1.0064944224574555,940
2022-06-18,TLT,-0.42555537825077483,16
2022-06-18,USO,-1.8041205161242215,411
2022-06-18,UUP,-2.2157421855785469,489
2022-06-19,GLD,5.5321447019104273,18
2022-06-19,SPY,-1.5214189815116161,665
2022-06-19,TLT,0.62232496234820922,11
2022-06-19,USO,-2.0726591831859351,252
2022-06-19,UUP,-1.8270109326449351,586
2022-06-20,GLD,2.8228956453791758,18
2022-06-20,SPY,-1.1230747926154756,1696
2022-06-20,TLT,1.6831888581974683,88
2022-06-20,USO,-1.3612253329145509,502
2022-06-20,UUP,-1.8474860635251273,1085
2022-06-21,GLD,3.2258013785829456,18
2022-06-21,SPY,-0.87438969374099018,2300
2022-06-21,TLT,1.5575221444523086,60
2022-06-21,USO,-1.5092242969604084,506
2022-06-21,UUP,-1.3832364880144385,1165
2022-06-22,GLD,0.66724411657673621,15
2022-06-22,SPY,-1.226914411375559,3245
2022-06-22,TLT,-0.65953362951945527,52
2022-06-22,USO,-2.5489974500999963,688
2022-06-22,UUP,-2.5497492032401046,1369
2022-06-23,GLD,2.4899308091048131,15
2022-06-23,SPY,-1.297546071348902,2737
2022-06-23,TLT,1.1764497359948405,67
2022-06-23,USO,-1.0603248794032545,446
2022-06-23,UUP,-2.5138993014407851,1264
2022-06-24,GLD,2.2215326671580105,29
2022-06-24,SPY,-0.92591119831026369,2407
2022-06-24,TLT,0.62487715999235327,71
2022-06-24,USO,-1.4672139098565162,516
2022-06-24,UUP,-2.6439413230577018,989
2022-06-25,GLD,8.2607320532920667,10
2022-06-25,SPY,-1.0482187284445754,780
2022-06-25,TLT,-1.1075279580932416,12
2022-06-25,USO,-1.2565464851122918,276
2022-06-25,UUP,-2.3429866231964831,324
2022-06-26,GLD,8.95061728395062,11
2022-06-26,SPY,-1.2643110470364878,687
2022-06-26,TLT,-1.0338717839345981,5
2022-06-26,USO,-0.12459921455702874,124
2022-06-26,UUP,-2.510979497008313,337
2022-06-27,GLD,1.3047336335636994,10
2022-06-27,SPY,-0.6884156319829593,2358
2022-06-27,TLT,0.60427061331416221,40
2022-06-27,USO,-1.1032516878600847,365
2022-06-27,UUP,-1.6137986115079606,762
2022-06-28,GLD,1.0366457490363359,16
2022-06-28,SPY,-0.93254700270934165,2605
2022-06-28,TLT,0.300141510611059,49
2022-06-28,USO,-0.63509033744985721,552
2022-06-28,UUP,-1.9125821203469104,681
2022-06-29,GLD,0.67991773529240818,14
2022-06-29,SPY,-1.6655100165786647,2900
2022-06-29,TLT,-0.21061788448262816,43
2022-06-29,USO,-1.0093930019063093,632
2022-06-29,UUP,-2.2040907846603113,1120
2022-06-30,GLD,1.9383435919300191,19
2022-06-30,SPY,-1.8255228346836849,2917
2022-06-30,TLT,-0.877555340670214,54
2022-06-30,USO,-1.0295220148004007,570
2022-06-30,UUP,-2.4010122956735547,1058
2022-07-01,GLD,1.4436063443899538,16
2022-07-01,SPY,-1.6723746869976888,2747
2022-07-01,TLT,-0.54206079872452528,42
2022-07-01,USO,-1.0362910270077736,393
2022-07-01,UUP,-2.7668900594651178,866
2022-07-02,GLD,3.918191853629954,11
2022-07-02,SPY,-1.478377524374378,740
2022-07-02,TLT,-2.4445213208147258,7
2022-07-02,USO,-1.3727852645902381,181
2022-07-02,UUP,-2.4864625099440434,239
2022-07-03,GLD,5.6585100541388114,16
2022-07-03,SPY,-1.4706813573674169,550
2022-07-03,TLT,-0.18465558414927039,6
2022-07-03,USO,-0.1430627390965277,120
2022-07-03,UUP,-2.7059717799621965,200
2022-07-04,GLD,3.4812227431038845,21
2022-07-04,SPY,-1.1088160270938732,1527
2022-07-04,TLT,0.20489192251410848,38
2022-07-04,USO,-1.0357321037670344,268
2022-07-04,UUP,-1.9959400435232224,505
2022-07-05,GLD,2.124772100752244,33
2022-07-05,SPY,-1.3954132441364502,2258
2022-07-05,TLT,-1.0018033040634178,58
2022-07-05,USO,-2.24898763414088,567
2022-07-05,UUP,-2.3238453207126453,813
2022-07-06,GLD,2.9624021383370889,26
2022-07-06,SPY,-1.7314545836684627,2841
2022-07-06,TLT,-0.016926362777763708,56
2022-07-06,USO,-2.1959779781087643,681
2022-07-06,UUP,-2.47723735726081,1070
2022-07-07,GLD,3.1212924864189584,25
2022-07-07,SPY,-0.97536649313333235,2820
2022-07-07,TLT,1.3142441556924322,57
2022-07-07,USO,-1.0976313032943175,775
2022-07-07,UUP,-2.1618373974726524,1087
2022-07-08,GLD,3.2610098123359954,19
2022-07-08,SPY,-1.4322639284201724,2712
2022-07-08,TLT,-0.15409926291905784,43
2022-07-08,USO,-0.7584350845670883,618
2022-07-08,UUP,-2.45381022800749,1459
2022-07-09,GLD,4.8304289793197279,24
2022-07-09,SPY,-1.2468238576052346,922
2022-07-09,TLT,0.04759644635857152,12
2022-07-09,USO,-0.48053915584374207,328
2022-07-09,UUP,-1.4918481813427096,358
2022-07-10,GLD,5.3970355712020082,21
2022-07-10,SPY,-1.5790393491500374,608
2022-07-10,TLT,-2.1280331449879979,7
2022-07-10,USO,0.13510819473579944,178
2022-07-10,UUP,-2.1150576188875916,242
2022-07-11,GLD,3.9715534830747763,21
2022-07-11,SPY,-1.5829396874965107,2174
2022-07-11,TLT,-0.58153245064107217,46
2022-07-11,USO,-1.1248038241958203,510
2022-07-11,UUP,-2.1562105119810497,805
2022-07-12,GLD,2.9689764349053651,22
2022-07-12,SPY,-1.4217809451402239,2572
2022-07-12,TLT,-0.82343687476648664,49
2022-07-12,USO,-0.54199919887711756,847
2022-07-12,UUP,-2.028367588262459,954
2022-07-13,GLD,2.8806996049619333,19
2022-07-13,SPY,-1.1327389629401445,3082
2022-07-13,TLT,-0.026713875088395581,61
2022-07-13,USO,-0.77110446369748409,965
2022-07-13,UUP,-1.937932877534843,1909
2022-07-14,GLD,3.3866628596425139,25
2022-07-14,SPY,-1.5019155144303502,3180
2022-07-14,TLT,-1.6358520045422298,116
2022-07-14,USO,-0.43260430348324835,603
2022-07-14,UUP,-1.8959478484292609,1638
2022-07-15,GLD,4.6235398819639739,29
2022-07-15,SPY,-1.3391898169639351,2752
2022-07-15,TLT,-0.55690602755616536,102
2022-07-15,USO,-0.51203325112474263,569
2022-07-15,UUP,-1.9286239131244449,1282
2022-07-16,GLD,4.645605306817286,9
2022-07-16,SPY,-1.0830885068042955,716
2022-07-16,TLT,-0.54132840604628152,16
2022-07-16,USO,0.44634140737286809,619
2022-07-16,UUP,-1.325018606552812,386
2022-07-17,GLD,4.8339243634351448,7
2022-07-17,SPY,-1.5165805793503393,687
2022-07-17,TLT,-0.1883590493947277,10
2022-07-17,USO,1.0097711913763818,483
2022-07-17,UUP,-1.7497632956131401,249
2022-07-18,GLD,2.48488822229716,13
2022-07-18,SPY,-0.57947766001673673,2501
2022-07-18,TLT,0.44872902185663566,65
2022-07-18,USO,-0.83682865449127508,441
2022-07-18,UUP,-1.4515240933115314,1052
2022-07-19,GLD,2.5332236138933548,34
2022-07-19,SPY,-0.55395216584102147,3058
2022-07-19,TLT,-0.055792608532732879,63
2022-07-19,USO,-0.23488792934675679,440
2022-07-19,UUP,-1.4741736477120742,1093
2022-07-20,GLD,4.52692861652859,23
2022-07-20,SPY,-0.4526805371081703,3019
2022-07-20,TLT,-1.0370615292025034,81
2022-07-20,USO,-0.17983845332768297,504
2022-07-20,UUP,-1.3404500247240372,887
2022-07-21,GLD,3.7271724605609036,22
2022-07-21,SPY,-0.82746433211392767,3084
2022-07-21,TLT,-0.95883400118218221,153
2022-07-21,USO,-0.45214537353957218,590
2022-07-21,UUP,-1.6849033568253988,999
2022-07-22,GLD,3.6357576159613987,18
2022-07-22,SPY,-1.1745030804870344,2955
2022-07-22,TLT,-0.582849570566718,86
2022-07-22,USO,-1.0613950371870997,358
2022-07-22,UUP,-2.0677529446842517,833
2022-07-23,GLD,8.140698990157226,11
2022-07-23,SPY,-1.22533051707536,1267
2022-07-23,TLT,-1.590579311192279,6
2022-07-23,USO,0.622333955714063,243
2022-07-23,UUP,-2.0189787222907349,253
2022-07-24,GLD,4.9052035168821764,8
2022-07-24,SPY,-1.053451960138424,700
2022-07-24,TLT,-5.30973451327434,1
2022-07-24,USO,-1.1504614497931387,150
2022-07-24,UUP,-2.7472747346257274,483
2022-07-25,GLD,2.9920627975716987,22
2022-07-25,SPY,-1.0108588807033076,2893
2022-07-25,TLT,-0.17011876227478925,54
2022-07-25,USO,0.74134042103040354,445
2022-07-25,UUP,-2.1399909546966,1196
2022-07-26,GLD,3.0577046068346689,25
2022-07-26,SPY,-0.78254494057071622,3438
2022-07-26,TLT,-0.061091082710690511,52
2022-07-26,USO,0.10614149390345495,599
2022-07-26,UUP,-2.0270455107195557,1522
2022-07-27,GLD,2.2285686615261682,12
2022-07-27,SPY,-0.7833649192124077,4120
2022-07-27,TLT,0.60414986643791024,47
2022-07-27,USO,-0.21562306603924211,400
2022-07-27,UUP,-2.1786460335514954,2404
2022-07-28,GLD,1.0138471847374984,6
2022-07-28,SPY,-0.40072239657366426,3639
2022-07-28,TLT,0.626806170737496,36
2022-07-28,USO,0.12010234070192533,709
2022-07-28,UUP,-2.6604523023118678,3066
2022-07-29,GLD,6.3095173122139343,11
2022-07-29,SPY,-0.38509924436114373,3174
2022-07-29,TLT,0.7107667006899574,41
2022-07-29,USO,-0.5270522670172,467
2022-07-29,UUP,-1.8716802735984168,1811
2022-07-30,GLD,5.187536400986696,9
2022-07-30,SPY,-1.1538971578388109,973
2022-07-30,TLT,-0.47029258435610544,4
2022-07-30,USO,-0.55340908273786393,228
2022-07-30,UUP,-0.96465475407798928,477
2022-07-31,GLD,5.55173490677617,4
2022-07-31,SPY,-1.3813506061487253,639
2022-07-31,TLT,-2.4685670244772346,4
2022-07-31,USO,-1.192382984301154,139
2022-07-31,UUP,-2.0290775913319208,437
2022-08-01,GLD,2.186316928144461,11
2022-08-01,SPY,-0.615348526346863,2459
2022-08-01,TLT,0.7960295328327518,37
2022-08-01,USO,-0.76153260931406719,399
2022-08-01,UUP,-1.5643928744964628,939
2022-08-02,GLD,2.4839758356623913,17
2022-08-02,SPY,-0.9425568080594644,3198
2022-08-02,TLT,-1.197378789190775,49
2022-08-02,USO,-1.0462933486387549,464
2022-08-02,UUP,-1.9133169376508465,737
2022-08-03,GLD,3.4820496647766177,26
2022-08-03,SPY,-0.513510914332226,3269
2022-08-03,TLT,-0.0949117237132662,37
2022-08-03,USO,-1.072768332011887,669
2022-08-03,UUP,-1.8958824118082747,1021
2022-08-04,GLD,3.670516704804879,32
2022-08-04,SPY,-0.13044511934464392,3305
2022-08-04,TLT,-0.36056062412483236,28
2022-08-04,USO,-1.6480618226551884,650
2022-08-04,UUP,-1.8674119481063685,840
2022-08-05,GLD,2.7252458101586372,18
2022-08-05,SPY,-1.0785294959829745,3147
2022-08-05,TLT,-0.19398742635841551,37
2022-08-05,USO,-1.2166617857507545,513
2022-08-05,UUP,-1.9195460201837202,1391
2022-08-06,GLD,3.3432718168647675,13
2022-08-06,SPY,-2.2251849896326239,810
2022-08-06,TLT,0.61090720678786192,15
2022-08-06,USO,-1.2936737190740637,407
2022-08-06,UUP,-1.4050127052482433,315
2022-08-07,GLD,8.95061728395062,4
2022-08-07,SPY,-1.6819236743459822,568
2022-08-07,TLT,2.18978102189781,1
2022-08-07,USO,-0.47784097857873703,202
2022-08-07,UUP,-1.6830837199084732,242
2022-08-08,GLD,3.7875947883860768,17
2022-08-08,SPY,-0.63240261404817155,2412
2022-08-08,TLT,-0.13639485497146345,46
2022-08-08,USO,-1.3624783213540475,399
2022-08-08,UUP,-1.4339344015731572,764
2022-08-09,GLD,3.8289666881444773,19
2022-08-09,SPY,-0.87913534788015635,2588
2022-08-09,TLT,0.28507740149096389,41
2022-08-09,USO,-1.4315224143767173,407
2022-08-09,UUP,-1.8522467699851468,726
2022-08-10,GLD,2.8156067019673343,22
2022-08-10,SPY,-0.94546098801035738,3148
2022-08-10,TLT,-0.15453163416406632,49
2022-08-10,USO,-0.47911079983952604,516
2022-08-10,UUP,-1.3647242276554872,1327
2022-08-11,GLD,3.3559226880078414,24
2022-08-11,SPY,-0.36066290139673335,2927
2022-08-11,TLT,0.53195125297115187,45
2022-08-11,USO,-1.058144904592867,496
2022-08-11,UUP,-1.3210169699859227,1298
2022-08-12,GLD,3.8172151451064078,14
2022-08-12,SPY,-0.900344243194755,3078
2022-08-12,TLT,0.34099910487365648,42
2022-08-12,USO,-0.60702987670916131,691
2022-08-12,UUP,-1.4560537897250609,818
2022-08-13,GLD,4.2859008904833784,12
2022-08-13,SPY,-1.6438550093293107,1146
2022-08-13,TLT,0.99778944060248753,7
2022-08-13,USO,-1.0433983181232196,399
2022-08-13,UUP,-1.5358680588050222,197
2022-08-14,GLD,5.0071101504926059,10
2022-08-14,SPY,-1.866672975018314,746
2022-08-14,TLT,0.32555626280499661,3
2022-08-14,USO,-1.4293301967731638,338
2022-08-14,UUP,-1.9330547579884114,164
2022-08-15,GLD,3.9014603443175195,18
2022-08-15,SPY,-0.88093258915714334,2300
2022-08-15,TLT,-1.5319334474587603,25
2022-08-15,USO,-1.0365143253924665,551
2022-08-15,UUP,-1.6582985192215853,702
2022-08-16,GLD,2.8327643899204107,25
2022-08-16,SPY,-0.8959171942048908,2650
2022-08-16,TLT,-0.81904834362668311,35
2022-08-16,USO,-0.35780802095338993,599
2022-08-16,UUP,-1.574076444253008,705
2022-08-17,GLD,2.6099082896769379,22
2022-08-17,SPY,-0.93605840318985623,2821
2022-08-17,TLT,0.058132318292027918,44
2022-08-17,USO,-0.529186324884916,625
2022-08-17,UUP,-1.3854290238268279,983
2022-08-18,GLD,0.57249874180964189,9
2022-08-18,SPY,-0.87608888638646909,2756
2022-08-18,TLT,-0.46636989522743411,36
2022-08-18,USO,-0.21709762474778449,521
2022-08-18,UUP,-1.6121609421546168,1038
2022-08-19,GLD,0.042200917993566178,18
2022-08-19,SPY,-1.1345810897524045,2588
2022-08-19,TLT,0.12277641633808097,46
2022-08-19,USO,-0.053115730418446409,485
2022-08-19,UUP,-1.8820065426704691,964
2022-08-20,GLD,1.0208123246610474,11
2022-08-20,SPY,-1.7800047541188337,948
2022-08-20,TLT,-0.39134088760946106,7
2022-08-20,USO,0.053580262112927241,204
2022-08-20,UUP,-1.4541255451895305,318
2022-08-21,GLD,15.3846153846154,1
2022-08-21,SPY,-1.3471200664057008,733
2022-08-21,TLT,3.31911949675142,3
2022-08-21,USO,-0.030668233470519002,140
2022-08-21,UUP,-1.5363144899507046,157
2022-08-22,GLD,3.5177678235890664,11
2022-08-22,SPY,-1.67062892511999,2516
2022-08-22,TLT,-1.3520883482096986,60
2022-08-22,USO,-1.7765815313340492,562
2022-08-22,UUP,-2.5130043080809639,903
2022-08-23,GLD,2.6800048034350263,16
2022-08-23,SPY,-1.5564569905481513,2709
2022-08-23,TLT,-0.066286108249853148,42
2022-08-23,USO,-1.2608291358062329,538
2022-08-23,UUP,-2.2261314602266151,1014
2022-08-24,GLD,-0.9809373175044811,10
2022-08-24,SPY,-1.1661840267109835,2578
2022-08-24,TLT,-0.48960600697936935,50
2022-08-24,USO,-1.3138778127605455,495
2022-08-24,UUP,-1.7564324227880186,1185
2022-08-25,GLD,0.27047153879645658,20
2022-08-25,SPY,-0.58231198820663455,2795
2022-08-25,TLT,-0.75724090381847076,50
2022-08-25,USO,-0.63718271482757016,436
2022-08-25,UUP,-1.9210092199719784,1421
2022-08-26,GLD,0.58258034554936977,19
2022-08-26,SPY,-1.0091563028184962,3387
2022-08-26,TLT,-0.80345692381259259,60
2022-08-26,USO,-0.54985675849296511,355
2022-08-26,UUP,-2.3462560264882684,2139
2022-08-27,GLD,2.2611733443077795,6
2022-08-27,SPY,0.3037341369025634,1493
2022-08-27,TLT,-0.0034461243272323472,15
2022-08-27,USO,-0.89650327005324271,177
2022-08-27,UUP,-2.2776818340367804,823
2022-08-28,GLD,-2.8279590216763317,6
2022-08-28,SPY,-0.93400102572491794,851
2022-08-28,TLT,-0.023264703373285123,5
2022-08-28,USO,0.3243098742980528,230
2022-08-28,UUP,-2.0541778352456626,519
2022-08-29,GLD,2.1540247323976898,14
2022-08-29,SPY,-1.2013231265338402,2644
2022-08-29,TLT,-0.82871164002334885,49
2022-08-29,USO,-0.22171389614026601,417
2022-08-29,UUP,-2.1543466586215532,1517
2022-08-30,GLD,3.2431676178425262,7
2022-08-30,SPY,-1.0947230169724336,2761
2022-08-30,TLT,0.85764930528191352,49
2022-08-30,USO,-0.30064347339282949,534
2022-08-30,UUP,-1.8697552771791226,1142
2022-08-31,GLD,1.1319500864334893,22
2022-08-31,SPY,-1.4171180239686958,2882
2022-08-31,TLT,-1.0329535769272846,44
2022-08-31,USO,-0.7922937401979373,467
2022-08-31,UUP,-2.5022870591609618,984
2022-09-01,GLD,0.64709502098077487,19
2022-09-01,SPY,-1.2071079708401415,2683
2022-09-01,TLT,-0.848055897926339,49
2022-09-01,USO,-0.88689047150840616,537
2022-09-01,UUP,-2.5748719895779009,1117
2022-09-02,GLD,2.6773016983086708,13
2022-09-02,SPY,-1.1251292151101302,2689
2022-09-02,TLT,0.13930451171036454,50
2022-09-02,USO,-0.56442974295875914,515
2022-09-02,UUP,-1.8559955305779834,1420
2022-09-03,GLD,4.0911644813117727,6
2022-09-03,SPY,-1.1284470912105313,937
2022-09-03,TLT,-0.33668888451125989,4
2022-09-03,USO,-0.26604840802434082,241
2022-09-03,UUP,-2.6155180656618735,371
2022-09-04,GLD,4.8808446158690151,2
2022-09-04,SPY,-1.3714411286531645,878
2022-09-04,TLT,-1.34874433087389,2
2022-09-04,USO,-0.61936321748619627,211
2022-09-04,UUP,-2.4142349515786807,288
2022-09-05,GLD,2.5001979335114819,8
2022-09-05,SPY,-1.5520140485089158,1808
2022-09-05,TLT,-0.47304520889616669,43
2022-09-05,USO,-1.5173898773583574,416
2022-09-05,UUP,-2.786038158417727,738
2022-09-06,GLD,2.0430376366259555,15
2022-09-06,SPY,-0.93497060653013087,2307
2022-09-06,TLT,-0.67448680919275017,49
2022-09-06,USO,-0.3947672481692624,475
2022-09-06,UUP,-1.4341974818023362,683
2022-09-07,GLD,0.80074009906592847,20
2022-09-07,SPY,-0.874085778244238,2512
2022-09-07,TLT,-0.65192072124097233,45
2022-09-07,USO,-0.97464923710543971,586
2022-09-07,UUP,-1.8873977268763293,937
2022-09-08,GLD,3.8930678427913,9
2022-09-08,SPY,-0.5528973646102292,2780
2022-09-08,TLT,-0.21611081288882228,53
2022-09-08,USO,-0.52916698273467722,668
2022-09-08,UUP,-1.5986464959917588,1073
2022-09-09,GLD,1.3630319160343358,9
2022-09-09,SPY,-0.501710147077026,2654
2022-09-09,TLT,0.79730542593031606,43
2022-09-09,USO,-0.68262062253837485,310
2022-09-09,UUP,-1.0827231424001158,928
2022-09-10,GLD,3.2581972024109134,8
2022-09-10,SPY,-1.3402803015732059,884
2022-09-10,TLT,0.47550898636744587,5
2022-09-10,USO,-0.44091843906628186,189
2022-09-10,UUP,-0.59880118840165653,391
2022-09-11,GLD,3.5304739149412905,3
2022-09-11,SPY,-0.69929188153308708,478
2022-09-11,TLT,-2.824806772175195,2
2022-09-11,USO,-0.831911641762918,163
2022-09-11,UUP,-1.4892084911917773,193
2022-09-12,GLD,2.2491996654640509,13
2022-09-12,SPY,-0.43484655581803516,2107
2022-09-12,TLT,2.2164092573830168,50
2022-09-12,USO,-1.1361088378309463,295
2022-09-12,UUP,-1.2870115542904197,935
2022-09-13,GLD,2.3794179871665206,9
2022-09-13,SPY,-0.27514952653575364,3685
2022-09-13,TLT,-0.21566243684464548,68
2022-09-13,USO,-0.89167188377451978,379
2022-09-13,UUP,-1.6370175698178131,1860
2022-09-14,GLD,1.8603018559759534,15
2022-09-14,SPY,-1.7668737835020822,3838
2022-09-14,TLT,-0.32353107357313748,45
2022-09-14,USO,0.084925210615887356,662
2022-09-14,UUP,-2.8174618788473351,1892
2022-09-15,GLD,1.2417038706099504,29
2022-09-15,SPY,-0.741073713337014,2774
2022-09-15,TLT,-0.34670926521669465,42
2022-09-15,USO,0.32658329075605386,421
2022-09-15,UUP,-1.837232095806598,1145
2022-09-16,GLD,1.7160958143937262,20
2022-09-16,SPY,-1.5367094028720312,2649
2022-09-16,TLT,-0.47934626650687295,78
2022-09-16,USO,0.45600277636048,706
2022-09-16,UUP,-2.1308633806040107,1171
2022-09-17,GLD,1.9029965275454463,11
2022-09-17,SPY,-1.6859401132411271,736
2022-09-17,TLT,0.25263044274875696,15
2022-09-17,USO,-0.69848514598912159,212
2022-09-17,UUP,-1.8572569480454524,389
2022-09-18,GLD,3.0396365034014186,6
2022-09-18,SPY,-1.5518245299715749,582
2022-09-18,TLT,-0.77291042117088682,10
2022-09-18,USO,0.91254515448082207,236
2022-09-18,UUP,-1.328515416866197,436
2022-09-19,GLD,1.4837746440543513,6
2022-09-19,SPY,-1.2490531913734249,2246
2022-09-19,TLT,-0.60436517837754089,52
2022-09-19,USO,-0.87508642699527261,431
2022-09-19,UUP,-1.7066606759204945,1221
2022-09-20,GLD,0.77145517754371717,18
2022-09-20,SPY,-0.926579238444104,2923
2022-09-20,TLT,-0.045099737249908581,65
2022-09-20,USO,-0.84000987074153921,413
2022-09-20,UUP,-1.6633528490369285,1077
2022-09-21,GLD,0.046028210953177995,18
2022-09-21,SPY,-1.2428065832357882,2946
2022-09-21,TLT,-0.72746287350646532,55
2022-09-21,USO,-0.89002090903523479,509
2022-09-21,UUP,-1.9160161893899637,2374
2022-09-22,GLD,-1.1253677820847652,15
2022-09-22,SPY,-1.27657876118436,2908
2022-09-22,TLT,0.071112439502812014,54
2022-09-22,USO,-1.0625793454161956,432
2022-09-22,UUP,-2.0548148710487055,2615
2022-09-23,GLD,1.1052891476925659,13
2022-09-23,SPY,-2.0747468355243344,2761
2022-09-23,TLT,-2.2530943943928352,70
2022-09-23,USO,-0.820495768595935,446
2022-09-23,UUP,-2.6354300650117577,1843
2022-09-24,GLD,1.6499503019769073,8
2022-09-24,SPY,-1.9827104681186156,1094
2022-09-24,TLT,-1.9353219738360961,12
2022-09-24,USO,-0.89024315995524783,210
2022-09-24,UUP,-2.4401220270922774,584
2022-09-25,GLD,0.0,1
2022-09-25,SPY,-2.0173419992552035,642
2022-09-25,TLT,0.30868681679334103,12
2022-09-25,USO,0.14230249177237506,323
2022-09-25,UUP,-1.9442809176836369,452
2022-09-26,GLD,1.8647005760327988,9
2022-09-26,SPY,-1.5607974680479015,2280
2022-09-26,TLT,-0.66623584853566775,91
2022-09-26,USO,-1.368188630383574,374
2022-09-26,UUP,-2.7583349737156433,1050
2022-09-27,GLD,0.80727240018883162,9
2022-09-27,SPY,-1.4335789123727687,2726
2022-09-27,TLT,-0.16421802811706304,105
2022-09-27,USO,-0.83862994566637372,462
2022-09-27,UUP,-1.8192128066240896,1148
2022-09-28,GLD,2.1317936147067282,17
2022-09-28,SPY,-1.2287743633996453,2848
2022-09-28,TLT,-0.80332431621390721,75
2022-09-28,USO,-0.5690643240346569,482
2022-09-28,UUP,-2.374888653795733,1135
2022-09-29,GLD,0.829082399321264,15
2022-09-29,SPY,-1.2598449409369046,2793
2022-09-29,TLT,-0.83225314720590282,67
2022-09-29,USO,0.17146025202787604,397
2022-09-29,UUP,-2.470265854539643,1183
2022-09-30,GLD,2.8882350155427807,7
2022-09-30,SPY,-1.3713679685838316,2538
2022-09-30,TLT,-0.14696945613119891,52
2022-09-30,USO,-1.2330386625349583,389
2022-09-30,UUP,-2.3436167875931382,1346
2022-10-01,GLD,1.7733166511746394,9
2022-10-01,SPY,-1.8671164986201547,1193
2022-10-01,TLT,0.33769554037654892,10
2022-10-01,USO,-1.7710080956206842,230
2022-10-01,UUP,-2.5359154623642959,435
2022-10-02,GLD,-1.257877900903255,2
2022-10-02,SPY,-1.7862634636147552,621
2022-10-02,TLT,-1.889854170888605,6
2022-10-02,USO,-1.1977511671690364,202
2022-10-02,UUP,-2.8369534181851965,377
2022-10-03,GLD,3.1802948694625437,14
2022-10-03,SPY,-1.4066655620014052,2731
2022-10-03,TLT,-0.34012490752478514,43
2022-10-03,USO,-1.3538780513192044,384
2022-10-03,UUP,-2.35329723811076,969
2022-10-04,GLD,5.26781872285526,9
2022-10-04,SPY,-0.7366044578501556,3072
2022-10-04,TLT,-0.063966112493883925,61
2022-10-04,USO,-1.3613056548208635,422
2022-10-04,UUP,-1.8526779272157059,1202
2022-10-05,GLD,2.2073934159906332,9
2022-10-05,SPY,-0.82735480546164009,2501
2022-10-05,TLT,-1.5437565956216781,51
2022-10-05,USO,-1.6552986774759668,763
2022-10-05,UUP,-1.8012808419715587,1035
2022-10-06,GLD,-0.59377717558245147,12
2022-10-06,SPY,-0.77169272551392676,2809
2022-10-06,TLT,-1.2434002431395641,36
2022-10-06,USO,-1.3269013170812745,511
2022-10-06,UUP,-1.8013715998933122,1069
2022-10-07,GLD,1.1652383098490864,11
2022-10-07,SPY,-1.3630762468800079,2583
2022-10-07,TLT,-1.5901917303237636,37
2022-10-07,USO,-2.3417398952292037,543
2022-10-07,UUP,-2.082497017752321,1691
2022-10-08,GLD,1.0441447489097726,11
2022-10-08,SPY,-1.3928743826873151,782
2022-10-08,TLT,-1.2892972635697673,6
2022-10-08,USO,-2.558013252101333,405
2022-10-08,UUP,-2.0403084548158321,438
2022-10-09,GLD,1.8006174394429002,11
2022-10-09,SPY,-1.0863110656126911,586
2022-10-09,TLT,0.0,1
2022-10-09,USO,-1.4642545632096906,282
2022-10-09,UUP,-2.7194364243111209,387
2022-10-10,GLD,3.5434716830672315,13
2022-10-10,SPY,-1.6014559310730396,2161
2022-10-10,TLT,-0.72777982042229261,34
2022-10-10,USO,-1.325995117267537,406
2022-10-10,UUP,-1.5446322289433225,1369
2022-10-11,GLD,1.3163115926447768,16
2022-10-11,SPY,-1.5487487485068661,2620
2022-10-11,TLT,-1.3011740332914046,42
2022-10-11,USO,-1.2947956760120658,447
2022-10-11,UUP,-2.6110263979765054,1134
2022-10-12,GLD,0.71939063640676681,8
2022-10-12,SPY,-1.4888398859209553,2803
2022-10-12,TLT,-0.78422153556553476,54
2022-10-12,USO,-1.4955935588651563,526
2022-10-12,UUP,-2.2010013332121452,1482
2022-10-13,GLD,2.203032747355635,12
2022-10-13,SPY,-1.0594914868541452,3426
2022-10-13,TLT,0.50364645224147286,53
2022-10-13,USO,-0.73835614946177253,559
2022-10-13,UUP,-1.7686684979735798,1918
2022-10-14,GLD,1.7213807542615789,15
2022-10-14,SPY,-0.72190719977372175,2944
2022-10-14,TLT,0.46741268033673228,34
2022-10-14,USO,-0.047352728824944193,411
2022-10-14,UUP,-1.8504668066063688,1454
2022-10-15,GLD,-1.5830778282707874,13
2022-10-15,SPY,-1.6011012319613438,832
2022-10-15,TLT,-0.55274871742200427,12
2022-10-15,USO,-0.012101014542757083,237
2022-10-15,UUP,-1.8949337763821366,349
2022-10-16,GLD,4.4611749930007676,5
2022-10-16,SPY,-1.8397236376975976,709
2022-10-16,TLT,0.94159706999044,14
2022-10-16,USO,-0.3322757225422811,168
2022-10-16,UUP,-1.6698858906350316,291
2022-10-17,GLD,0.44395985381051284,17
2022-10-17,SPY,-1.0460460982714765,2597
2022-10-17,TLT,0.067814304672189074,36
2022-10-17,USO,-0.36847885003662129,339
2022-10-17,UUP,-1.7840151443975889,934
2022-10-18,GLD,2.4618404452538356,28
2022-10-18,SPY,-0.4443939267677709,2912
2022-10-18,TLT,0.63982404624685474,43
2022-10-18,USO,0.20433818480467753,386
2022-10-18,UUP,-1.6065497044986978,1017
2022-10-19,GLD,1.4080663689817987,24
2022-10-19,SPY,-0.83527028879487186,3192
2022-10-19,TLT,0.55136683066973258,48
2022-10-19,USO,0.35676469789041487,574
2022-10-19,UUP,-1.5804827885102901,887
2022-10-20,GLD,2.0521215647087754,18
2022-10-20,SPY,-1.1489616616326954,3305
2022-10-20,TLT,0.24058177499350042,66
2022-10-20,USO,-0.1625885376760105,448
2022-10-20,UUP,-1.5819660352915612,1505
2022-10-21,GLD,1.1589903618739483,13
2022-10-21,SPY,-1.4313200040824092,3083
2022-10-21,TLT,0.095231169100159246,57
2022-10-21,USO,0.18140184809703241,405
2022-10-21,UUP,-1.7582703859467665,1176
2022-10-22,GLD,2.85114484406982,2
2022-10-22,SPY,-1.5335402961342994,768
2022-10-22,TLT,-0.35733909199693609,16
2022-10-22,USO,-1.2252120350915363,243
2022-10-22,UUP,-1.708149970078549,487
2022-10-23,GLD,0.96450830827258716,3
2022-10-23,SPY,-1.5979059908718138,565
2022-10-23,TLT,1.0071120616518,6
2022-10-23,USO,-0.65170922919364,131
2022-10-23,UUP,-1.6856254343233561,512
2022-10-24,GLD,0.62005311697712828,9
2022-10-24,SPY,-0.90749412934464768,2399
2022-10-24,TLT,0.59220124557886544,57
2022-10-24,USO,-0.55413055018010127,366
2022-10-24,UUP,-1.4887786371209946,788
2022-10-25,GLD,-0.26885093889359679,13
2022-10-25,SPY,-0.6209161257974376,3291
2022-10-25,TLT,0.80567616105256223,53
2022-10-25,USO,-0.76625636824387744,313
2022-10-25,UUP,-1.1639637474394302,1080
2022-10-26,GLD,1.0503389421947276,8
2022-10-26,SPY,-0.80628648056263574,3440
2022-10-26,TLT,0.17984617729261682,44
2022-10-26,USO,-0.3327104175349393,333
2022-10-26,UUP,-1.6677598786097894,978
2022-10-27,GLD,1.5431395086784374,11
2022-10-27,SPY,-0.53216530978443655,3536
2022-10-27,TLT,-0.28628473711744429,60
2022-10-27,USO,-0.12655211158166141,452
2022-10-27,UUP,-2.0126651322470135,1629
2022-10-28,GLD,2.2082418531620425,15
2022-10-28,SPY,-1.0216880059590359,3492
2022-10-28,TLT,-0.32625086662014269,62
2022-10-28,USO,-0.51856682492489659,411
2022-10-28,UUP,-1.7480875468164299,1312
2022-10-29,GLD,2.2407109086144947,11
2022-10-29,SPY,-1.6376937019895752,998
2022-10-29,TLT,-0.034256144141027331,4
2022-10-29,USO,-0.51927576569637168,202
2022-10-29,UUP,-1.7063751017468949,302
2022-10-30,GLD,3.89019542665614,3
2022-10-30,SPY,-1.8480175820084528,627
2022-10-30,TLT,0.35985439090176136,5
2022-10-30,USO,0.028916973148681045,177
2022-10-30,UUP,-1.7985620196268743,216
2022-10-31,GLD,1.7401610354743939,13
2022-10-31,SPY,-0.64660043231363873,2432
2022-10-31,TLT,-0.26042680066179297,40
2022-10-31,USO,-2.5521426046788607,458
2022-10-31,UUP,-1.1061101337759784,994
2022-11-01,GLD,1.3681812830265023,32
2022-11-01,SPY,-0.68927628093913484,3149
2022-11-01,TLT,0.94568401554579073,33
2022-11-01,USO,-0.63551799711113066,379
2022-11-01,UUP,-1.1304891737802292,1225
2022-11-02,GLD,1.9692420566426725,13
2022-11-02,SPY,-1.0457668162462224,3193
2022-11-02,TLT,-0.40034052741000631,33
2022-11-02,USO,-0.23402508186021861,369
2022-11-02,UUP,-1.5408451339645586,2339
2022-11-03,GLD,2.3674174971466546,13
2022-11-03,SPY,-1.1467199751393979,3581
2022-11-03,TLT,-0.97603756445174883,34
2022-11-03,USO,-0.49296522802864745,365
2022-11-03,UUP,-1.9084510860319468,2317
2022-11-04,GLD,1.5867863605717389,5
2022-11-04,SPY,-0.69587536475305034,3045
2022-11-04,TLT,-0.2894015904656318,45
2022-11-04,USO,-1.3422644688560146,401
2022-11-04,UUP,-1.607456650935172,1748
2022-11-05,GLD,0.98682932281283708,5
2022-11-05,SPY,-0.85317163194468371,848
2022-11-05,TLT,-2.85963322706092,4
2022-11-05,USO,-1.1551220516687346,197
2022-11-05,UUP,-1.6983665053291472,457
2022-11-06,GLD,3.63228949460934,3
2022-11-06,SPY,-1.6170619773824813,769
2022-11-06,TLT,1.9899935396120942,12
2022-11-06,USO,-0.87598779812650074,158
2022-11-06,UUP,-1.4426552052973141,269
2022-11-07,GLD,-0.38368875801677693,49
2022-11-07,SPY,-1.3030212139789998,2873
2022-11-07,TLT,0.302330596950639,36
2022-11-07,USO,-0.26490606024708691,318
2022-11-07,UUP,-1.3060940840474533,990
2022-11-08,GLD,1.650713285683727,18
2022-11-08,SPY,-0.72726557781959233,3178
2022-11-08,TLT,0.87710212900059048,37
2022-11-08,USO,-1.7402744461800783,425
2022-11-08,UUP,-1.3535526169222474,968
2022-11-09,GLD,1.0004103092302548,12
2022-11-09,SPY,-0.98706916608388406,3309
2022-11-09,TLT,-0.43315112547127615,42
2022-11-09,USO,-1.1481894476354009,522
2022-11-09,UUP,-1.7395308343219238,725
2022-11-10,GLD,1.458711229662186,27
2022-11-10,SPY,-1.1280577420539408,3486
2022-11-10,TLT,0.64935013173231093,56
2022-11-10,USO,-1.5063005013291688,611
2022-11-10,UUP,-1.9931861899845891,1629
2022-11-11,GLD,1.70380078636959,1
2022-11-11,SPY,-0.6746524567206087,764
2022-11-11,TLT,1.1801801053341066,11
2022-11-11,USO,-0.77668236144762559,85
2022-11-11,UUP,-1.2204486238227124,308
2022-11-12,GLD,4.6047252493625876,4
2022-11-12,SPY,-1.7163961960873528,1336
2022-11-12,TLT,0.1063222341858984,22
2022-11-12,USO,-0.63781700646709649,228
2022-11-12,UUP,-1.0159190134543588,339
2022-11-13,GLD,7.8005962385833509,4
2022-11-13,SPY,-2.0965178796193005,928
2022-11-13,TLT,0.20336960652624592,8
2022-11-13,USO,-0.44658896938596182,177
2022-11-13,UUP,-1.4107200084202747,225
2022-11-14,GLD,1.79384261637493,4
2022-11-14,SPY,-0.98354007732572235,2764
2022-11-14,TLT,2.3921389803328696,48
2022-11-14,USO,-0.99486453839150513,340
2022-11-14,UUP,-1.0521363160925965,942
2022-11-15,GLD,2.4322765178021064,12
2022-11-15,SPY,-0.88160729667392357,3263
2022-11-15,TLT,1.3244934606866452,43
2022-11-15,USO,-1.2070351166524849,377
2022-11-15,UUP,-0.740612764098425,1071
2022-11-16,GLD,0.031673181803593617,11
2022-11-16,SPY,-1.0443451714747292,2928
2022-11-16,TLT,-0.1149673338402204,41
2022-11-16,USO,-0.510242455077197,393
2022-11-16,UUP,-1.4713733266020832,878
2022-11-17,GLD,0.94810369267169081,14
2022-11-17,SPY,-0.54762744736394287,2866
2022-11-17,TLT,2.0342915849319936,65
2022-11-17,USO,-0.53776969283628639,436
2022-11-17,UUP,-1.540499742724333,1045
2022-11-18,GLD,1.5482883539570027,13
2022-11-18,SPY,-0.849441373940088,2584
2022-11-18,TLT,1.3045918748552814,80
2022-11-18,USO,-0.72801635401617815,370
2022-11-18,UUP,-1.3247924691343795,1187
2022-11-19,GLD,1.7836257309941512,5
2022-11-19,SPY,-2.0464717795491669,1049
2022-11-19,TLT,1.6071264806884948,17
2022-11-19,USO,-1.3219766111606219,214
2022-11-19,UUP,-1.2004777062826661,318
2022-11-20,GLD,0.777989314474695,2
2022-11-20,SPY,-1.6497552286156909,620
2022-11-20,TLT,-0.5846589720851314,5
2022-11-20,USO,-0.1433161504010923,114
2022-11-20,UUP,-2.0772173888879828,310
2022-11-21,GLD,3.1641209327302278,15
2022-11-21,SPY,-0.60521701502940017,2765
2022-11-21,TLT,-0.8401749000579779,47
2022-11-21,USO,-0.29224151233418388,496
2022-11-21,UUP,-1.774509254094077,1060
2022-11-22,GLD,1.3290305449354434,17
2022-11-22,SPY,-1.0490235767849185,2833
2022-11-22,TLT,0.48903211974619776,47
2022-11-22,USO,-1.227804417053634,608
2022-11-22,UUP,-2.2202420357734876,993
2022-11-23,GLD,1.8056169039953576,16
2022-11-23,SPY,-0.53137751710536274,2993
2022-11-23,TLT,1.1064164537684786,33
2022-11-23,USO,-0.82359321265079988,438
2022-11-23,UUP,-0.86641572705809033,1068
2022-11-24,GLD,2.036135039765635,10
2022-11-24,SPY,-0.52057946824711809,2085
2022-11-24,TLT,0.54712052184290438,37
2022-11-24,USO,-0.8041439621263845,325
2022-11-24,UUP,-1.0768134209477789,842
2022-11-25,GLD,1.1904071433927188,10
2022-11-25,SPY,-0.912078255276141,2028
2022-11-25,TLT,0.81945822566536008,36
2022-11-25,USO,-0.8032293167011747,302
2022-11-25,UUP,-1.2731495993881201,1277
2022-11-26,GLD,0.88151654906816668,7
2022-11-26,SPY,-0.77355834515633437,601
2022-11-26,TLT,0.94355187817952113,5
2022-11-26,USO,-0.845272828010227,178
2022-11-26,UUP,-1.0982463570175698,431
2022-11-27,GLD,0.35142914721588336,3
2022-11-27,SPY,-0.57235396177977771,629
2022-11-27,TLT,-0.48855846728187152,2
2022-11-27,USO,-0.48972237059767781,130
2022-11-27,UUP,-0.7464315891585791,159
2022-11-28,GLD,1.7866588835109345,7
2022-11-28,SPY,-1.4890224585856657,2514
2022-11-28,TLT,-0.91881676591631645,46
2022-11-28,USO,-1.9988004240377297,427
2022-11-28,UUP,-1.8640744755865437,769
2022-11-29,GLD,2.2723905341091242,11
2022-11-29,SPY,-1.1613133452319435,3026
2022-11-29,TLT,1.1335479720010375,56
2022-11-29,USO,-0.8136072708399763,437
2022-11-29,UUP,-2.1231656953270344,1007
2022-11-30,GLD,-0.48056469697222604,7
2022-11-30,SPY,-0.76349286759561619,2930
2022-11-30,TLT,0.042836115456247742,32
2022-11-30,USO,-0.34231343924091517,399
2022-11-30,UUP,-1.3680170142724575,1534
2022-12-01,GLD,-0.45089970775541521,30
2022-12-01,SPY,-0.59267746954716172,3211
2022-12-01,TLT,0.024490866046400002,40
2022-12-01,USO,-0.20767065471468116,398
2022-12-01,UUP,-1.0590259646180646,1691
2022-12-02,GLD,1.7139641512154251,7
2022-12-02,SPY,-0.8391097768695982,2410
2022-12-02,TLT,-0.31231504505225566,39
2022-12-02,USO,-0.70631782888935091,338
2022-12-02,UUP,-1.5659897237459592,1596
2022-12-03,GLD,1.1961095176895484,7
2022-12-03,SPY,-0.74609951719277967,755
2022-12-03,TLT,-1.0483536003525997,5
2022-12-03,USO,-0.908038585712718,205
2022-12-03,UUP,-1.3270521597411036,308
2022-12-04,GLD,3.3745394427704247,9
2022-12-04,SPY,-0.90415866574564863,549
2022-12-04,TLT,-0.38626217139016372,3
2022-12-04,USO,-1.2311333312890951,294
2022-12-04,UUP,-1.1434267969582541,184
2022-12-05,GLD,3.1665148219154666,8
2022-12-05,SPY,-0.86784285693486385,2270
2022-12-05,TLT,0.30022203981067136,33
2022-12-05,USO,-1.1939672705322444,589
2022-12-05,UUP,-1.6178922539887992,914
2022-12-06,GLD,2.0171927156782061,13
2022-12-06,SPY,-1.0659062386195468,3131
2022-12-06,TLT,-0.51845455914399863,44
2022-12-06,USO,-1.1135718785698248,467
2022-12-06,UUP,-1.7428352877993181,1035
2022-12-07,GLD,7.0566174841515688,37
2022-12-07,SPY,-1.325382831299956,2737
2022-12-07,TLT,0.14974076203120631,37
2022-12-07,USO,-1.0685958719178612,641
2022-12-07,UUP,-2.3845621314845573,1021
2022-12-08,GLD,4.6625835387953867,13
2022-12-08,SPY,-0.95973910983239463,2608
2022-12-08,TLT,-0.3211195323903327,34
2022-12-08,USO,-0.895870565362045,527
2022-12-08,UUP,-1.6707976170808323,953
2022-12-09,GLD,3.653243544079249,9
2022-12-09,SPY,-1.1210199784811,2636
2022-12-09,TLT,0.18443403766058256,38
2022-12-09,USO,-0.0019377071299156723,534
2022-12-09,UUP,-1.2588118489907847,989
2022-12-10,GLD,3.1431189915086213,6
2022-12-10,SPY,-1.5621852697487388,1053
2022-12-10,TLT,-0.98637172209535429,12
2022-12-10,USO,-0.47608819605803576,273
2022-12-10,UUP,-0.988023066744019,299
2022-12-11,GLD,3.6228667163094097,3
2022-12-11,SPY,-1.2645402906393544,608
2022-12-11,TLT,-1.1608390875886188,7
2022-12-11,USO,0.24219495815689607,208
2022-12-11,UUP,-1.6175783845087388,219
2022-12-12,GLD,0.68107929527658484,6
2022-12-12,SPY,-0.7991182504071257,2409
2022-12-12,TLT,0.33014332580919958,37
2022-12-12,USO,-0.57138911410502335,350
2022-12-12,UUP,-1.5730692122405407,1251
2022-12-13,GLD,0.93326863052649578,7
2022-12-13,SPY,-0.95696492749028517,2934
2022-12-13,TLT,0.62754061247407866,49
2022-12-13,USO,1.2286315063019488,565
2022-12-13,UUP,-1.1077864698687556,1951
2022-12-14,GLD,2.8447725403139357,5
2022-12-14,SPY,-0.77016301096633977,3122
2022-12-14,TLT,0.1200079512976633,47
2022-12-14,USO,0.042528939971289148,404
2022-12-14,UUP,-1.0710709752823169,1961
2022-12-15,GLD,1.96743700392278,10
2022-12-15,SPY,-0.7034360547539813,3196
2022-12-15,TLT,-1.0181064114045302,88
2022-12-15,USO,0.16843598702664431,397
2022-12-15,UUP,-1.5112098558536977,2546
2022-12-16,GLD,1.4545736020055513,17
2022-12-16,SPY,-1.2866902365295763,2684
2022-12-16,TLT,-0.61206169846851566,72
2022-12-16,USO,-0.20659099191492608,510
2022-12-16,UUP,-1.9040722701125288,1313
2022-12-17,GLD,0.41881893061566511,2
2022-12-17,SPY,-1.5268101919444348,996
2022-12-17,TLT,-1.5921380067941917,13
2022-12-17,USO,-0.94847911337904467,195
2022-12-17,UUP,-1.3804625545867666,370
2022-12-18,GLD,2.34105080391133,2
2022-12-18,SPY,-1.4666047582327311,558
2022-12-18,TLT,0.31054303480760503,10
2022-12-18,USO,0.017230744004573667,117
2022-12-18,UUP,-1.0178772425309388,295
2022-12-19,GLD,0.2994026940917211,8
2022-12-19,SPY,-1.3925657910713374,2452
2022-12-19,TLT,0.63140892716605856,39
2022-12-19,USO,-0.074724077533413188,355
2022-12-19,UUP,-1.699826314213446,876
2022-12-20,GLD,0.22946367526267103,27
2022-12-20,SPY,-1.1351830443062112,2919
2022-12-20,TLT,0.24441233580217062,47
2022-12-20,USO,0.099753125572105472,430
2022-12-20,UUP,-1.9878894671743113,934
2022-12-21,GLD,0.91906381920778224,12
2022-12-21,SPY,-0.58413521125707635,3312
2022-12-21,TLT,1.4016407664349495,39
2022-12-21,USO,-0.22558422826309851,453
2022-12-21,UUP,-1.6629457037801039,777
2022-12-22,GLD,2.1639333224616726,8
2022-12-22,SPY,-0.89536452503957931,3069
2022-12-22,TLT,0.17128720409194009,48
2022-12-22,USO,-0.55616622979653274,422
2022-12-22,UUP,-1.1151255894777341,1042
2022-12-23,GLD,0.795654161003814,12
2022-12-23,SPY,-1.1599599059030941,2626
2022-12-23,TLT,0.40341817969095894,32
2022-12-23,USO,-1.287242093552639,380
2022-12-23,UUP,-1.6184904557154471,1020
2022-12-24,GLD,-0.55525310669377581,5
2022-12-24,SPY,-1.0905970419433588,835
2022-12-24,TLT,-1.3340792699541184,7
2022-12-24,USO,-0.2990857653303588,172
2022-12-24,UUP,-1.3881842307301453,237
2022-12-25,SPY,-1.650538955354137,484
2022-12-25,TLT,4.09356725146199,1
2022-12-25,USO,-0.0040484799572241825,136
2022-12-25,UUP,-2.0890132362581633,145
2022-12-26,GLD,0.43406081729422008,4
2022-12-26,SPY,-0.60393738806199682,1027
2022-12-26,TLT,-0.29761858310641842,27
2022-12-26,USO,0.28325259021802679,260
2022-12-26,UUP,-1.39199998445185,338
2022-12-27,GLD,1.9821820169678273,4
2022-12-27,SPY,-1.8771638943637041,2284
2022-12-27,TLT,-0.43156081522545031,62
2022-12-27,USO,-0.69447562941169838,354
2022-12-27,UUP,-1.9536020443563933,649
2022-12-28,GLD,1.4345822569429567,3
2022-12-28,SPY,-1.6405569180539317,2994
2022-12-28,TLT,-0.84808569155758617,64
2022-12-28,USO,-1.1526390549558581,365
2022-12-28,UUP,-2.7294088015893831,665
2022-12-29,GLD,4.0810620460500582,20
2022-12-29,SPY,-1.7124705470095862,2878
2022-12-29,TLT,0.13449061768653198,40
2022-12-29,USO,-0.56842483127679977,435
2022-12-29,UUP,-2.0945209335894637,653
2022-12-30,GLD,3.3066560292339418,6
2022-12-30,SPY,-1.3398934561030755,2285
2022-12-30,TLT,-0.14128655904071835,36
2022-12-30,USO,-0.68599147404243466,397
2022-12-30,UUP,-2.8151590082869196,812
2022-12-31,GLD,-0.61430195049584,2
2022-12-31,SPY,-1.6048370678254082,1043
2022-12-31,TLT,-0.13662329545485147,12
2022-12-31,USO,-1.210959200779226,180
2022-12-31,UUP,-2.5769901845581251,483
2023-01-01,GLD,-1.23180291153415,1
2023-01-01,SPY,-0.99872885060514294,495
2023-01-01,TLT,-0.41871069355606716,7
2023-01-01,USO,-0.7254046509996025,202
2023-01-01,UUP,-2.593126926635787,306
2023-01-02,GLD,4.4929361148051381,10
2023-01-02,SPY,-0.80459752891369041,1171
2023-01-02,TLT,0.86996026095739376,28
2023-01-02,USO,0.070702658650274156,341
2023-01-02,UUP,-1.7051881807480544,568
2023-01-03,GLD,4.7401686309351394,9
2023-01-03,SPY,-1.1727090507860449,2370
2023-01-03,TLT,0.58692916769461356,38
2023-01-03,USO,-0.72964594086345491,415
2023-01-03,UUP,-2.0363996360216561,769
2023-01-04,GLD,0.53532643431766191,9
2023-01-04,SPY,-1.1083646203602453,2596
2023-01-04,TLT,-0.037834740919811115,65
2023-01-04,USO,-0.18246735125870445,802
2023-01-04,UUP,-2.0904088743036233,1174
2023-01-05,GLD,1.6731130715881726,5
2023-01-05,SPY,-1.1738779941588835,2974
2023-01-05,TLT,-0.44650416551268673,35
2023-01-05,USO,0.15865621694725404,553
2023-01-05,UUP,-1.9683793069049109,1257
2023-01-06,GLD,1.256250468787347,9
2023-01-06,SPY,-0.90363186399281192,2670
2023-01-06,TLT,0.93490759606814178,27
2023-01-06,USO,-0.29013939019763751,388
2023-01-06,UUP,-1.4695065534369787,1365
2023-01-07,GLD,2.031989096372576,5
2023-01-07,SPY,-0.9213946500035316,1111
2023-01-07,TLT,-1.0256410256410251,2
2023-01-07,USO,-0.20145818669298765,154
2023-01-07,UUP,-1.285920461571544,298
2023-01-08,GLD,-0.96286278795338209,27
2023-01-08,SPY,-0.71341445708460771,529
2023-01-08,TLT,-0.0295120446686844,7
2023-01-08,USO,-0.90494514086563282,114
2023-01-08,UUP,-1.7015980704633276,194
2023-01-09,GLD,-0.66600089279184882,54
2023-01-09,SPY,-0.49871949550437378,2493
2023-01-09,TLT,0.95026116539182981,27
2023-01-09,USO,-0.7364139421368453,336
2023-01-09,UUP,-0.66530367682911351,940
2023-01-10,GLD,-0.10093343042368585,39
2023-01-10,SPY,-0.56550195380892687,2650
2023-01-10,TLT,0.7180280305127964,33
2023-01-10,USO,-0.55459549816388842,429
2023-01-10,UUP,-1.2072830496373237,981
2023-01-11,GLD,-0.41916810519918568,53
2023-01-11,SPY,-0.68859621390330561,2832
2023-01-11,TLT,1.4887872011112053,46
2023-01-11,USO,-1.3069649442260918,586
2023-01-11,UUP,-1.1730158761089107,1067
2023-01-12,GLD,-0.25716899653825781,39
2023-01-12,SPY,-0.646422627089356,3318
2023-01-12,TLT,0.93838491033936056,50
2023-01-12,USO,-0.52151864718787455,412
2023-01-12,UUP,-0.927881381180109,1578
2023-01-13,GLD,-0.7821752671241069,73
2023-01-13,SPY,-0.5656143885647672,2710
2023-01-13,TLT,0.34045475546674037,37
2023-01-13,USO,0.07464812506861343,371
2023-01-13,UUP,-1.2787963924034735,1135
2023-01-14,GLD,-1.6421661205138314,30
2023-01-14,SPY,-0.89992041646295873,1004
2023-01-14,TLT,-1.1233477821881657,6
2023-01-14,USO,0.77487160130701371,279
2023-01-14,UUP,-0.89817427967264862,250
2023-01-15,GLD,1.7225125444270759,15
2023-01-15,SPY,-1.9384926627618164,775
2023-01-15,TLT,-0.31396630465986153,10
2023-01-15,USO,0.57566372706849323,153
2023-01-15,UUP,-0.56951685403463082,179
2023-01-16,GLD,-0.80129857897979018,49
2023-01-16,SPY,-0.5700026024440118,1650
2023-01-16,TLT,0.4184285682997369,42
2023-01-16,USO,-0.29727662319865961,326
2023-01-16,UUP,-0.73886451601681669,487
2023-01-17,GLD,-0.28432704447390006,60
2023-01-17,SPY,-0.44393930519724095,2786
2023-01-17,TLT,0.069534471480121859,37
2023-01-17,USO,-0.0371967345048894,384
2023-01-17,UUP,-1.0295971347652817,804
2023-01-18,GLD,-1.2901176284565616,44
2023-01-18,SPY,-0.58909171584524989,3077
2023-01-18,TLT,0.94688287159049078,38
2023-01-18,USO,-0.21339957994510234,472
2023-01-18,UUP,-1.4943314822244067,1133
2023-01-19,GLD,-0.960603251484816,60
2023-01-19,SPY,-1.1822941054448055,3223
2023-01-19,TLT,-0.88379129957690727,32
2023-01-19,USO,-0.26845228105518565,463
2023-01-19,UUP,-2.2409801761343742,1418
2023-01-20,GLD,-1.3072444307495414,70
2023-01-20,SPY,-1.0097801381587823,3205
2023-01-20,TLT,-0.10136909355215196,35
2023-01-20,USO,-0.28415226084347456,423
2023-01-20,UUP,-2.0617938862264005,997
2023-01-21,GLD,-0.62387118552894583,37
2023-01-21,SPY,-1.3790051854080161,1230
2023-01-21,TLT,-0.61133138717145918,16
2023-01-21,USO,-0.17112415796183075,218
2023-01-21,UUP,-1.9083512495112132,302
2023-01-22,GLD,-0.959096177723816,31
2023-01-22,SPY,-0.779050105053589,820
2023-01-22,TLT,-0.35085650126639395,5
2023-01-22,USO,0.13440306324500484,226
2023-01-22,UUP,-1.803707064724027,191
2023-01-23,GLD,-1.0109925888750546,82
2023-01-23,SPY,-0.64394952516504633,2281
2023-01-23,TLT,0.030392440005695603,29
2023-01-23,USO,-0.94263089317024218,289
2023-01-23,UUP,-1.1726430116107338,817
2023-01-24,GLD,-0.39583997427787854,46
2023-01-24,SPY,-0.10815315108513643,3251
2023-01-24,TLT,-0.10163696067381814,42
2023-01-24,USO,-0.33983086288265107,432
2023-01-24,UUP,-1.5933323369081354,1025
2023-01-25,GLD,-1.0510051004457055,73
2023-01-25,SPY,-0.58556302817729877,3502
2023-01-25,TLT,0.080218196284624774,26
2023-01-25,USO,-0.11979011512792832,556
2023-01-25,UUP,-1.5452522852941002,1167
2023-01-26,GLD,-0.25782305206817174,52
2023-01-26,SPY,-0.45528107628120995,3399
2023-01-26,TLT,0.892308649752258,32
2023-01-26,USO,0.86284998539184443,537
2023-01-26,UUP,-1.7248372294370109,1517
2023-01-27,GLD,-0.65411949873741493,49
2023-01-27,SPY,-0.546351355246274,2784
2023-01-27,TLT,0.59653289656446851,25
2023-01-27,USO,0.390169889832539,470
2023-01-27,UUP,-1.9240927056127191,1179
2023-01-28,GLD,-1.2643515790915538,24
2023-01-28,SPY,-0.885186902652881,1323
2023-01-28,TLT,-1.3016982390891814,8
2023-01-28,USO,0.84894516777366447,267
2023-01-28,UUP,-0.84420621475387658,310
2023-01-29,GLD,-0.0058266106920860788,22
2023-01-29,SPY,-1.144366843847811,1038
2023-01-29,TLT,-2.0217303090412386,4
2023-01-29,USO,1.3198672770101552,266
2023-01-29,UUP,-0.89696998350547552,233
2023-01-30,GLD,-0.826258370769374,54
2023-01-30,SPY,-1.366927796656892,2968
2023-01-30,TLT,-0.80931072674386284,22
2023-01-30,USO,0.30653026380774584,450
2023-01-30,UUP,-1.0901441896933193,928
2023-01-31,GLD,0.20061790999204787,74
2023-01-31,SPY,-0.97814041506152971,3368
2023-01-31,TLT,1.0682531843008825,41
2023-01-31,USO,-0.17483548955629896,498
2023-01-31,UUP,-1.1481027357866307,1801
2023-02-01,GLD,-0.8205258060487155,47
2023-02-01,SPY,-0.31085271438625728,3275
2023-02-01,TLT,0.49781195134704181,40
2023-02-01,USO,-0.37199093174131109,525
2023-02-01,UUP,-1.0618484521391647,2058
2023-02-02,GLD,-0.825341007518405,47
2023-02-02,SPY,-0.52372838918253817,3731
2023-02-02,TLT,0.35576630870615128,53
2023-02-02,USO,-0.47564907379518423,481
2023-02-02,UUP,-1.1576362953892572,2157
2023-02-03,GLD,-0.034160684190350177,48
2023-02-03,SPY,-0.82189355223363292,3227
2023-02-03,TLT,-0.47379345996141964,46
2023-02-03,USO,-0.80602842744584313,467
2023-02-03,UUP,-1.2625344241804273,1324
2023-02-04,GLD,-0.90803176704137578,36
2023-02-04,SPY,-1.2853367640929203,1106
2023-02-04,TLT,0.06343388275112509,13
2023-02-04,USO,-0.63411937243049066,214
2023-02-04,UUP,-2.0650439446695996,549
2023-02-05,GLD,-1.1938114293003756,34
2023-02-05,SPY,-1.3289036749071363,773
2023-02-05,TLT,-0.86213081560822968,8
2023-02-05,USO,0.68549201782718383,316
2023-02-05,UUP,-2.5281979045258667,289
2023-02-06,GLD,-0.25861540608515438,64
2023-02-06,SPY,-0.71907212956853483,2218
2023-02-06,TLT,1.1290138721060177,43
2023-02-06,USO,-0.43133989269999562,391
2023-02-06,UUP,-1.1943605873124146,854
2023-02-07,GLD,-0.9292106262203722,55
2023-02-07,SPY,-0.39147080083059566,2678
2023-02-07,TLT,1.1500838735150183,33
2023-02-07,USO,-0.12502278895494404,806
2023-02-07,UUP,-0.875162839809694,1205
2023-02-08,GLD,-1.2849664142694279,56
2023-02-08,SPY,-0.33611702041332059,3359
2023-02-08,TLT,0.46707588102864983,37
2023-02-08,USO,-0.68275326677334114,695
2023-02-08,UUP,-1.1385418010571928,1272
2023-02-09,GLD,-0.53970289175354058,38
2023-02-09,SPY,-0.35849981923437613,3270
2023-02-09,TLT,1.4911137376366794,34
2023-02-09,USO,-0.702796628438864,444
2023-02-09,UUP,-1.0321493611607924,840
2023-02-10,GLD,-0.57049991919097653,49
2023-02-10,SPY,-0.8965867963780787,2580
2023-02-10,TLT,-0.50036072611262261,37
2023-02-10,USO,-0.93622374937544528,503
2023-02-10,UUP,-1.0963304296496712,700
2023-02-11,GLD,-1.7953818196691942,25
2023-02-11,SPY,-1.3440254474854139,913
2023-02-11,TLT,1.0354099021488774,14
2023-02-11,USO,-0.20156315779667827,241
2023-02-11,UUP,-0.13507465121403664,217
2023-02-12,GLD,-1.0270882572429172,25
2023-02-12,SPY,-0.44952385775660997,565
2023-02-12,TLT,-1.2704026033343585,6
2023-02-12,USO,0.50414319890968873,183
2023-02-12,UUP,-0.7651907179580768,179
2023-02-13,GLD,-0.15672867984723471,43
2023-02-13,SPY,-0.39870861188912227,2369
2023-02-13,TLT,1.3196234463260799,20
2023-02-13,USO,0.068832578760592747,364
2023-02-13,UUP,-1.2208790490364716,734
2023-02-14,GLD,-0.6172229744536889,52
2023-02-14,SPY,-0.19644109447839475,3072
2023-02-14,TLT,0.21703122350066645,41
2023-02-14,USO,-0.53971981174653461,351
2023-02-14,UUP,-0.99154404888429915,1507
2023-02-15,GLD,-0.93814347862693259,37
2023-02-15,SPY,-0.39152849584436433,2986
2023-02-15,TLT,-0.66875120659225717,42
2023-02-15,USO,-0.13445588920195262,465
2023-02-15,UUP,-1.1076119122404737,1170
2023-02-16,GLD,-0.86143630474519339,54
2023-02-16,SPY,-0.3530324136026749,2735
2023-02-16,TLT,1.1496152699686819,41
2023-02-16,USO,-2.6408129542176231,716
2023-02-16,UUP,-1.1431770572296924,990
2023-02-17,GLD,-0.056103265743364543,50
2023-02-17,SPY,-0.6970114397376892,2911
2023-02-17,TLT,0.53068182374900141,40
2023-02-17,USO,-0.26942350630691814,476
2023-02-17,UUP,-1.602477291626043,1009
2023-02-18,GLD,-0.082233143136969222,28
2023-02-18,SPY,-1.0172252669481727,889
2023-02-18,TLT,0.81466051596666755,30
2023-02-18,USO,0.11962562766795773,219
2023-02-18,UUP,-1.391687996773934,243
2023-02-19,GLD,-1.99541247002535,19
2023-02-19,SPY,-0.86541168239703858,687
2023-02-19,TLT,2.0915627590416732,4
2023-02-19,USO,0.81645440416855886,173
2023-02-19,UUP,-1.4847191591434941,261
2023-02-20,GLD,-0.43680156133024872,48
2023-02-20,SPY,-0.77339445031555076,1603
2023-02-20,TLT,0.41525737573866672,26
2023-02-20,USO,-0.81309888459208657,342
2023-02-20,UUP,-0.5590476718188454,586
2023-02-21,GLD,-0.60460811075828136,64
2023-02-21,SPY,-0.61879634320439381,2633
2023-02-21,TLT,-0.41895500876791025,47
2023-02-21,USO,-0.2057831376768805,389
2023-02-21,UUP,-1.2799351916714641,903
2023-02-22,GLD,-0.62366361445914753,44
2023-02-22,SPY,-0.67570432648916956,3027
2023-02-22,TLT,-0.07030737701240336,51
2023-02-22,USO,-1.4300989932558048,566
2023-02-22,UUP,-1.5329479116886155,1094
2023-02-23,GLD,-0.023636462222503929,45
2023-02-23,SPY,-0.43259143690934532,3144
2023-02-23,TLT,0.40501024580869227,38
2023-02-23,USO,-0.55440779325918155,397
2023-02-23,UUP,-1.3249508084107369,1289
2023-02-24,GLD,-0.24993568437767483,29
2023-02-24,SPY,-0.88404215723374813,2922
2023-02-24,TLT,-0.42680782650201776,73
2023-02-24,USO,-0.025673083244780986,367
2023-02-24,UUP,-1.1474379269478419,1453
2023-02-25,GLD,-0.47758516244500948,26
2023-02-25,SPY,-0.968358505987926,1087
2023-02-25,TLT,-0.56875486809114306,12
2023-02-25,USO,0.2701520930193651,190
2023-02-25,UUP,-2.3186153010337165,588
2023-02-26,GLD,-0.0908797758737484,10
2023-02-26,SPY,-1.2371338147064148,908
2023-02-26,TLT,0.40999611286754845,6
2023-02-26,USO,0.64673746797250775,177
2023-02-26,UUP,-1.3835704854384279,298
2023-02-27,GLD,3.2776622859721276,16
2023-02-27,SPY,-0.87905673213916269,2610
2023-02-27,TLT,1.1837358533721196,36
2023-02-27,USO,-0.055076521225046658,391
2023-02-27,UUP,-1.539175801174226,990
2023-02-28,GLD,0.22102061322995914,34
2023-02-28,SPY,-0.70381785263919527,3413
2023-02-28,TLT,0.1311790111769616,40
2023-02-28,USO,-0.13827598125177337,478
2023-02-28,UUP,-1.0964161234333087,864
2023-03-01,GLD,-0.36428829952387404,60
2023-03-01,SPY,-0.9428261090440142,3404
2023-03-01,TLT,0.74617945427094212,40
2023-03-01,USO,-0.5678402646125621,593
2023-03-01,UUP,-0.95906419966380829,650
2023-03-02,GLD,-0.20858343779013686,32
2023-03-02,SPY,-0.64162489760873809,2756
2023-03-02,TLT,0.024722690538373809,51
2023-03-02,USO,-0.16073454773689966,556
2023-03-02,UUP,-1.2182727668413005,897
2023-03-03,GLD,-0.72365234832575387,38
2023-03-03,SPY,-0.39191805069172986,2971
2023-03-03,TLT,1.3879786281748119,65
2023-03-03,USO,-0.095582011574704,434
2023-03-03,UUP,-0.82958183778120087,958
2023-03-04,GLD,-1.5985352291915882,23
2023-03-04,SPY,-0.80046661274043651,1148
2023-03-04,TLT,1.9835784043464022,26
2023-03-04,USO,-0.0714412558469118,261
2023-03-04,UUP,-0.20462393972980172,266
2023-03-05,GLD,-0.88605795642669338,20
2023-03-05,SPY,-0.89457428417314522,869
2023-03-05,TLT,2.798854041166813,6
2023-03-05,USO,0.97104779478478842,345
2023-03-05,UUP,-1.3613711857097586,209
2023-03-06,GLD,-0.35311456384987533,43
2023-03-06,SPY,-0.40042476505506419,2430
2023-03-06,TLT,1.5954865572667096,110
2023-03-06,USO,0.21802925099952158,646
2023-03-06,UUP,-0.82977251455959455,877
2023-03-07,GLD,-0.46199784984624748,51
2023-03-07,SPY,-0.77506024719769817,2897
2023-03-07,TLT,0.047993326455223487,58
2023-03-07,USO,0.048993533736094323,524
2023-03-07,UUP,-1.2472120469531951,1405
2023-03-08,GLD,-0.7191878081945613,44
2023-03-08,SPY,-0.75490539017367386,2968
2023-03-08,TLT,1.3470971064403241,81
2023-03-08,USO,-0.869426456923803,444
2023-03-08,UUP,-1.4004187683398914,1529
2023-03-09,GLD,-0.36343662522843589,42
2023-03-09,SPY,-0.800155796299142,3078
2023-03-09,TLT,1.2737256953131144,98
2023-03-09,USO,-0.48541601277701074,428
2023-03-09,UUP,-1.4128210132119106,1335
2023-03-10,GLD,1.028966097470142,34
2023-03-10,SPY,-1.5812834782861689,3124
2023-03-10,TLT,0.90595315850530844,71
2023-03-10,USO,-1.5051500558073547,436
2023-03-10,UUP,-2.1509946299199307,1860
2023-03-11,GLD,0.087855063888786111,36
2023-03-11,SPY,-2.0387312982934516,1564
2023-03-11,TLT,-1.1663021672544946,17
2023-03-11,USO,0.64533412087104991,310
2023-03-11,UUP,-2.3025269013081298,943
2023-03-12,GLD,-0.6194612379740041,26
2023-03-12,SPY,-1.8308159913929449,1349
2023-03-12,TLT,-1.3119309450212793,16
2023-03-12,USO,-0.035762932682667455,381
2023-03-12,UUP,-2.0083159446865904,899
2023-03-13,GLD,1.210664761649179,57
2023-03-13,SPY,-1.7139421826134837,3575
2023-03-13,TLT,-2.0647455920835927,91
2023-03-13,USO,-0.290995858394988,391
2023-03-13,UUP,-2.0313406925779018,3801
2023-03-14,GLD,0.37596173255305748,44
2023-03-14,SPY,-1.5173093041335608,3887
2023-03-14,TLT,-0.72947826731929211,90
2023-03-14,USO,-1.1235087081247084,577
2023-03-14,UUP,-2.3771745362905197,3379
2023-03-15,GLD,0.63131371386863677,48
2023-03-15,SPY,-1.7597368316836595,3643
2023-03-15,TLT,-1.7557773802038525,76
2023-03-15,USO,-1.0005096936059006,743
2023-03-15,UUP,-2.6028364781172719,2220
2023-03-16,GLD,0.68464298861743667,50
2023-03-16,SPY,-1.4923154670164367,4776
2023-03-16,TLT,-0.35662834741369409,43
2023-03-16,USO,-1.1155885656895412,444
2023-03-16,UUP,-2.2178988287898864,1977
2023-03-17,GLD,0.090875975882385052,42
2023-03-17,SPY,-1.7119241054414642,4090
2023-03-17,TLT,-1.2187637036984651,62
2023-03-17,USO,-0.76395083638639516,393
2023-03-17,UUP,-2.3536233405434488,2119
2023-03-18,GLD,-1.1840388208082124,37
2023-03-18,SPY,-1.8484782294333566,1279
2023-03-18,TLT,-0.77218489265818446,13
2023-03-18,USO,-0.75114710529304018,167
2023-03-18,UUP,-2.61841477054418,826
2023-03-19,GLD,-0.22282063359308341,34
2023-03-19,SPY,-1.0846826324117571,1218
2023-03-19,TLT,-0.52553122637049887,38
2023-03-19,USO,-0.4677939696024499,185
2023-03-19,UUP,-2.1170373322414879,774
2023-03-20,GLD,-0.0093526548311804042,51
2023-03-20,SPY,-1.5236472009393645,3227
2023-03-20,TLT,-0.98322411644823715,50
2023-03-20,USO,-0.634121116099465,408
2023-03-20,UUP,-1.9508317929841215,1770
2023-03-21,GLD,0.99130971694600589,43
2023-03-21,SPY,-0.90608682548975206,3062
2023-03-21,TLT,0.52757333644387583,42
2023-03-21,USO,-0.444873409035345,371
2023-03-21,UUP,-1.7642953203414373,1310
2023-03-22,GLD,5.0166274988190374,13
2023-03-22,SPY,-1.1610687969936213,654
2023-03-22,TLT,0.10993280282935577,5
2023-03-22,USO,-0.39273993688414172,130
2023-03-22,UUP,-1.8784945217652302,405
2023-03-23,GLD,-0.53706831560915791,17
2023-03-23,SPY,-0.90669860183182971,2613
2023-03-23,TLT,2.0091501257472157,50
2023-03-23,USO,-0.99973030413919028,309
2023-03-23,UUP,-1.7362962582615453,1434
2023-03-24,GLD,-0.10890969131106693,43
2023-03-24,SPY,-1.3322677873656965,4357
2023-03-24,TLT,0.12391498219268679,124
2023-03-24,USO,-0.96044023186106353,537
2023-03-24,UUP,-2.1872664496557417,1947
2023-03-25,GLD,0.358357023507374,14
2023-03-25,SPY,-1.0302621121089355,1577
2023-03-25,TLT,1.5202682905552451,34
2023-03-25,USO,-0.62836923014988877,375
2023-03-25,UUP,-2.2019807214906542,932
2023-03-26,GLD,-0.63164100685290914,40
2023-03-26,SPY,-0.80542309098420628,1078
2023-03-26,TLT,1.970666906614106,24
2023-03-26,USO,-0.37181631334034815,175
2023-03-26,UUP,-2.0241718725680378,509
2023-03-27,GLD,0.28288230901446121,67
2023-03-27,SPY,-0.95014199038024194,3776
2023-03-27,TLT,1.3446110755218572,109
2023-03-27,USO,-2.0190874145681716,655
2023-03-27,UUP,-2.1422246016929023,1936
2023-03-28,GLD,0.34779155048851351,58
2023-03-28,SPY,-0.861983360663945,4517
2023-03-28,TLT,1.3011075894346973,77
2023-03-28,USO,-0.93013599040818207,557
2023-03-28,UUP,-2.3557597770323762,2084
2023-03-29,GLD,-0.7927224419575345,55
2023-03-29,SPY,-0.72523885845361635,4097
2023-03-29,TLT,1.8600711282704121,99
2023-03-29,USO,-0.61733104076150669,503
2023-03-29,UUP,-2.2394377994552053,1480
2023-03-30,GLD,0.582521653254835,82
2023-03-30,SPY,-2.2597990573161981,6619
2023-03-30,TLT,1.4064494296216254,106
2023-03-30,USO,-1.76165546259422,667
2023-03-30,UUP,-2.1728207161632382,1911
2023-03-31,GLD,0.13813231497105394,70
2023-03-31,SPY,-1.7208310606432682,5456
2023-03-31,TLT,0.8093198235248622,128
2023-03-31,USO,-0.72324760997128645,506
2023-03-31,UUP,-1.6711473092360249,1636
2023-04-01,GLD,-0.081496178209067641,35
2023-04-01,SPY,-1.7165369806809696,1565
2023-04-01,TLT,2.2761633095544025,32
2023-04-01,USO,-2.1554864815074066,329
2023-04-01,UUP,-1.6086290115326778,454
2023-04-02,GLD,0.0022541201288491797,35
2023-04-02,SPY,-2.3726428272915459,1727
2023-04-02,TLT,3.142225217816208,11
2023-04-02,USO,-1.2320639391470463,279
2023-04-02,UUP,-1.1469215425512953,452
2023-04-03,GLD,-0.40176061796329526,73
2023-04-03,SPY,-1.5423300126918456,5678
2023-04-03,TLT,1.1578747741251978,116
2023-04-03,USO,-1.7719749531290505,977
2023-04-03,UUP,-2.0668640059934966,1663
2023-04-04,GLD,0.39088227105399137,67
2023-04-04,SPY,-1.0764705923680831,5216
2023-04-04,TLT,0.64724949689384592,100
2023-04-04,USO,-1.1673474633065721,868
2023-04-04,UUP,-2.059580434949702,1496
2023-04-05,GLD,-0.52833364955121331,86
2023-04-05,SPY,-1.0588547218053979,4728
2023-04-05,TLT,0.36628368767130404,112
2023-04-05,USO,-1.0853528989765611,568
2023-04-05,UUP,-1.3936701564075935,1450
2023-04-06,GLD,0.34618233351296118,77
2023-04-06,SPY,-0.743679307232929,4285
2023-04-06,TLT,1.2560507275917685,122
2023-04-06,USO,-1.0443064532096007,596
2023-04-06,UUP,-1.7402074585729614,1265
2023-04-07,GLD,-0.1847170035143014,71
2023-04-07,SPY,-1.8333346467437701,3053
2023-04-07,TLT,0.55691899724062677,19
2023-04-07,USO,0.35654274586942886,601
2023-04-07,UUP,-1.6991414878673365,1513
2023-04-08,GLD,-0.59593853064266789,33
2023-04-08,SPY,-1.7517439929657899,1441
2023-04-08,TLT,1.7040160648438598,23
2023-04-08,USO,0.21467753037022783,296
2023-04-08,UUP,-0.92802554022752715,635
2023-04-09,GLD,0.3010836551228796,49
2023-04-09,SPY,-1.0302524005524327,985
2023-04-09,TLT,-0.60316514074808159,17
2023-04-09,USO,-0.88508864727308334,221
2023-04-09,UUP,-1.3093632578738614,401
2023-04-10,GLD,0.631841362458864,48
2023-04-10,SPY,-1.4693473900326333,2621
2023-04-10,TLT,0.72877113637377278,38
2023-04-10,USO,-0.595476708582187,431
2023-04-10,UUP,-1.3260335405481407,1274
2023-04-11,GLD,-0.40777839288175316,69
2023-04-11,SPY,-1.2592655630122953,4349
2023-04-11,TLT,1.192305003442262,63
2023-04-11,USO,-0.68525422415430737,537
2023-04-11,UUP,-1.7111378234436629,1922
2023-04-12,GLD,0.23258732949742,67
2023-04-12,SPY,-1.0231299561269187,4181
2023-04-12,TLT,1.2752098298776773,69
2023-04-12,USO,-0.76881630868866768,637
2023-04-12,UUP,-1.6916478473882179,2564
2023-04-13,GLD,0.2625442639565142,63
2023-04-13,SPY,-0.59128634657309609,4498
2023-04-13,TLT,1.7552959614584913,73
2023-04-13,USO,-0.95115713320520423,518
2023-04-13,UUP,-1.7946388527148589,1775
2023-04-14,GLD,0.16484684925265769,43
2023-04-14,SPY,-0.6254496664991126,4036
2023-04-14,TLT,1.1132420087285102,74
2023-04-14,USO,-0.35129560075976268,624
2023-04-14,UUP,-1.3550649031780058,1812
2023-04-15,GLD,-0.046715239814171472,36
2023-04-15,SPY,-1.0070846956972894,1339
2023-04-15,TLT,1.2655899334113663,32
2023-04-15,USO,-1.9221980443140978,559
2023-04-15,UUP,-0.9558162750878294,417
2023-04-16,GLD,0.15944094388054542,33
2023-04-16,SPY,-1.1336830406859035,1232
2023-04-16,TLT,1.1132878207149957,20
2023-04-16,USO,-0.508372794649296,222
2023-04-16,UUP,-1.3090468493086538,369
2023-04-17,GLD,2.6762026956875444,38
2023-04-17,SPY,-1.6618969806307715,4333
2023-04-17,TLT,1.0119120956714269,57
2023-04-17,USO,-0.9223721520940058,429
2023-04-17,UUP,-1.2129612106201213,1292
2023-04-18,GLD,1.69982781165881,36
2023-04-18,SPY,-1.7503727984894817,5522
2023-04-18,TLT,1.0373346109555313,96
2023-04-18,USO,-0.78757335021395736,527
2023-04-18,UUP,-1.0318507076289873,1235
2023-04-19,GLD,3.0086044907899123,38
2023-04-19,SPY,-0.88864889959731175,4578
2023-04-19,TLT,0.18924279449723633,87
2023-04-19,USO,-0.68819775831727348,412
2023-04-19,UUP,-1.1402985193136606,1342
2023-04-20,GLD,2.4174973632292645,28
2023-04-20,SPY,-0.91459428032846113,4890
2023-04-20,TLT,-0.46722093324624431,63
2023-04-20,USO,-0.74791675175743155,544
2023-04-20,UUP,-1.4777766087790738,1419
2023-04-21,GLD,4.8360490925360633,20
2023-04-21,SPY,-0.96255642967313071,4456
2023-04-21,TLT,1.6252299728142172,132
2023-04-21,USO,-0.56253754327469874,519
2023-04-21,UUP,-1.6295664567697781,1337
2023-04-22,GLD,2.8202793018664449,16
2023-04-22,SPY,-1.5463168956895008,1475
2023-04-22,TLT,-0.27062387355209361,15
2023-04-22,USO,-0.51541481395919575,309
2023-04-22,UUP,-1.4062189667419891,253
2023-04-23,GLD,2.4972485193314249,12
2023-04-23,SPY,-0.095897523248024211,1149
2023-04-23,TLT,0.84131961715378556,13
2023-04-23,USO,0.098130329561916627,250
2023-04-23,UUP,-1.43042365169639,209
2023-04-24,GLD,5.7617494436243328,17
2023-04-24,SPY,-0.6581817781585596,4030
2023-04-24,TLT,0.54272762111674622,102
2023-04-24,USO,-0.44647114960064538,509
2023-04-24,UUP,-0.8845017661596245,1442
2023-04-25,GLD,2.2547010325486343,25
2023-04-25,SPY,-0.48344511645357968,5170
2023-04-25,TLT,0.20678156937877978,93
2023-04-25,USO,-0.29731254536274593,593
2023-04-25,UUP,-0.86032493713442371,2024
2023-04-26,GLD,3.215917951903823,23
2023-04-26,SPY,-0.75313183469535561,5196
2023-04-26,TLT,0.17194728649714039,99
2023-04-26,USO,-0.905404285204799,723
2023-04-26,UUP,-1.245908064034293,1320
2023-04-27,GLD,3.5386418871919356,18
2023-04-27,SPY,-0.750199394896769,6036
2023-04-27,TLT,1.0148787211709154,116
2023-04-27,USO,-0.9797882691323484,751
2023-04-27,UUP,-1.7630548253143048,2159
2023-04-28,GLD,2.8763079200656181,20
2023-04-28,SPY,-0.62929162251503235,4643
2023-04-28,TLT,0.75617381525719263,93
2023-04-28,USO,-0.724561131483679,805
2023-04-28,UUP,-2.488491132329651,2677
2023-04-29,GLD,2.0230070979140695,7
2023-04-29,SPY,-1.4389402672000631,1551
2023-04-29,TLT,0.81290091057689962,32
2023-04-29,USO,-1.322245902275889,523
2023-04-29,UUP,-2.7443608633394354,789
2023-04-30,GLD,3.7929314461710852,9
2023-04-30,SPY,-1.0486701463740704,1960
2023-04-30,TLT,1.9300509225071238,34
2023-04-30,USO,-1.6291142996420529,371
2023-04-30,UUP,-1.6886315581358593,601
2023-05-01,GLD,2.30646120913811,16
2023-05-01,SPY,-1.1493832264975017,3334
2023-05-01,TLT,2.3082252865712429,31
2023-05-01,USO,0.0032784287449743876,560
2023-05-01,UUP,-1.656769048465454,2741
2023-05-02,GLD,1.4862855001176136,23
2023-05-02,SPY,-1.2283840049315198,5753
2023-05-02,TLT,1.141210327271506,70
2023-05-02,USO,-1.0087703067312965,727
2023-05-02,UUP,-1.9554607030914259,1908
2023-05-03,GLD,5.129408981054973,17
2023-05-03,SPY,-0.70117063202689067,5215
2023-05-03,TLT,0.74480035796509558,49
2023-05-03,USO,-1.1998973785129321,738
2023-05-03,UUP,-2.1782685488704536,3195
2023-05-04,GLD,2.9979417965784396,41
2023-05-04,SPY,-0.55603569687490229,5511
2023-05-04,TLT,-0.10395278976754918,64
2023-05-04,USO,-0.65222861499364793,661
2023-05-04,UUP,-1.9357802325759492,2559
2023-05-05,GLD,3.5064497719980934,17
2023-05-05,SPY,-0.63662481941235793,4578
2023-05-05,TLT,1.5914850781816232,60
2023-05-05,USO,-1.1566564816271818,574
2023-05-05,UUP,-1.7447139620556771,1888
2023-05-06,GLD,2.7950929359709518,11
2023-05-06,SPY,-0.63767098924045951,1200
2023-05-06,TLT,1.4616240543431114,14
2023-05-06,USO,-0.60768521572414469,315
2023-05-06,UUP,-2.0731959680936218,576
2023-05-07,GLD,5.6882350399939616,9
2023-05-07,SPY,-1.199456056714618,965
2023-05-07,TLT,2.4285227196861872,23
2023-05-07,USO,-0.43878871504114575,301
2023-05-07,UUP,-1.7553833902312364,340
2023-05-08,GLD,3.3121901840717345,15
2023-05-08,SPY,-0.572680066806619,3769
2023-05-08,TLT,2.2187756154647622,133
2023-05-08,USO,-0.43649002560839073,660
2023-05-08,UUP,-1.9018687807927028,1497
2023-05-09,GLD,3.4696847816277776,31
2023-05-09,SPY,-0.90289142535006583,4769
2023-05-09,TLT,0.89193704898359516,88
2023-05-09,USO,-0.96117947676464666,594
2023-05-09,UUP,-1.8778405893403205,1512
2023-05-10,GLD,2.68460702826216,19
2023-05-10,SPY,-1.546448510193545,5857
2023-05-10,TLT,0.96867921035922322,70
2023-05-10,USO,-0.35634670160205473,752
2023-05-10,UUP,-1.7977328895887095,2190
2023-05-11,GLD,1.7651700250745082,28
2023-05-11,SPY,-1.030262173852446,4226
2023-05-11,TLT,0.91565045142179735,65
2023-05-11,USO,0.40294165498195061,751
2023-05-11,UUP,-1.9851899077964796,1722
2023-05-12,GLD,3.7495692223568744,23
2023-05-12,SPY,-1.106846496078328,4508
2023-05-12,TLT,-1.3922221367790308,90
2023-05-12,USO,-0.87693938686059614,839
2023-05-12,UUP,-2.3174477621963261,1472
2023-05-13,GLD,4.3357184513683169,8
2023-05-13,SPY,-0.981834355717911,1217
2023-05-13,TLT,-1.4294606968689343,23
2023-05-13,USO,-1.5846268074497476,486
2023-05-13,UUP,-1.7606324316249655,406
2023-05-14,GLD,2.6258687093030764,4
2023-05-14,SPY,-1.0182810100943156,897
2023-05-14,TLT,1.1613749612051503,25
2023-05-14,USO,-0.43493735333723937,288
2023-05-14,UUP,-1.7386801392188409,275
2023-05-15,GLD,3.6802669864909521,18
2023-05-15,SPY,-0.88917910785437915,3579
2023-05-15,TLT,0.25528661732686975,58
2023-05-15,USO,-0.563508944708352,537
2023-05-15,UUP,-1.9062788067510388,1426
2023-05-16,GLD,4.0696040711156893,27
2023-05-16,SPY,-0.97408840786378015,3952
2023-05-16,TLT,1.6357810650075746,104
2023-05-16,USO,-1.243418859336026,613
2023-05-16,UUP,-2.1040247157510534,1528
2023-05-17,GLD,2.2545919517619546,20
2023-05-17,SPY,-1.3179689025354875,4168
2023-05-17,TLT,0.73769211400093948,72
2023-05-17,USO,-1.3468103206945967,563
2023-05-17,UUP,-1.996007781681266,1111
2023-05-18,GLD,2.4961450196919661,20
2023-05-18,SPY,-0.581671654458476,3819
2023-05-18,TLT,1.0099138591016636,60
2023-05-18,USO,-1.4232231148032588,631
2023-05-18,UUP,-1.8658048457030789,1246
2023-05-19,GLD,4.25199331285975,15
2023-05-19,SPY,-1.2448712497759769,4551
2023-05-19,TLT,0.49874303115559165,71
2023-05-19,USO,-0.57099824485974482,615
2023-05-19,UUP,-1.4654414592838305,1586
2023-05-20,GLD,7.6222971339089653,7
2023-05-20,SPY,-1.0757528744394604,1648
2023-05-20,TLT,0.96495072464177156,20
2023-05-20,USO,-0.57857818491081781,365
2023-05-20,UUP,-1.7598530035334101,371
2023-05-21,GLD,1.592757027576613,5
2023-05-21,SPY,-0.60792073048841622,1308
2023-05-21,TLT,2.1926284829442828,17
2023-05-21,USO,-0.23750407110732033,200
2023-05-21,UUP,-2.1313086556687568,323
2023-05-22,GLD,4.0617225832253956,17
2023-05-22,SPY,-1.1540466183795055,3546
2023-05-22,TLT,0.39043625282769762,64
2023-05-22,USO,-0.29762604968366624,426
2023-05-22,UUP,-1.7847132578177005,1225
2023-05-23,GLD,4.1284861533227772,19
2023-05-23,SPY,-1.3593950527502119,4831
2023-05-23,TLT,-0.17254593031935472,57
2023-05-23,USO,-0.88615553602266606,510
2023-05-23,UUP,-1.562062352112785,1066
2023-05-24,GLD,2.5974351436109164,31
2023-05-24,SPY,-1.2633404492138838,5160
2023-05-24,TLT,0.56124318581109423,71
2023-05-24,USO,-0.5158996842286766,516
2023-05-24,UUP,-1.8644501138250653,1095
2023-05-25,GLD,2.3888644654315718,39
2023-05-25,SPY,-0.96272099858203242,4487
2023-05-25,TLT,-0.44684541993775212,67
2023-05-25,USO,-0.76627836091151469,652
2023-05-25,UUP,-2.1043689085883965,1355
2023-05-26,GLD,2.4800603608645035,28
2023-05-26,SPY,-0.62773796486101385,3894
2023-05-26,TLT,0.79572798028201985,76
2023-05-26,USO,-0.25547441762987455,617
2023-05-26,UUP,-1.2048818870789286,1152
2023-05-27,GLD,3.5507197423503469,7
2023-05-27,SPY,-0.97244327750582449,1389
2023-05-27,TLT,1.5728456588606963,10
2023-05-27,USO,-0.77605504329550978,256
2023-05-27,UUP,-0.80405910353071541,564
2023-05-28,GLD,2.5224938263555132,8
2023-05-28,SPY,-0.8883701264428403,859
2023-05-28,TLT,0.60229914970775433,17
2023-05-28,USO,-0.69754636984600749,293
2023-05-28,UUP,-1.5834257169663668,236
2023-05-29,GLD,3.7027470121810198,19
2023-05-29,SPY,-0.4396615210629522,2333
2023-05-29,TLT,1.5103861445142888,47
2023-05-29,USO,0.78992557876813585,396
2023-05-29,UUP,-0.84517518096407906,678
2023-05-30,GLD,4.4561932843840388,21
2023-05-30,SPY,-1.2747018154586165,4059
2023-05-30,TLT,0.18179549607525008,75
2023-05-30,USO,-0.32446558943300818,529
2023-05-30,UUP,-1.6350347336171038,869
2023-05-31,GLD,2.2131580909553414,12
2023-05-31,SPY,-1.0071121084167753,4344
2023-05-31,TLT,0.40521799413354803,56
2023-05-31,USO,-0.51442615343256215,616
2023-05-31,UUP,-1.6362131730752298,1219
2023-06-01,GLD,1.9066406710201171,19
2023-06-01,SPY,-0.79842321891089341,4447
2023-06-01,TLT,2.5176960764910952,113
2023-06-01,USO,-0.56261025932544817,674
2023-06-01,UUP,-1.2374476459362376,1533
2023-06-02,GLD,3.8584129406533378,18
2023-06-02,SPY,-0.385315952572987,3957
2023-06-02,TLT,1.1375800204048705,52
2023-06-02,USO,0.24345540385579426,733
2023-06-02,UUP,-1.2718502317207934,2107
2023-06-03,GLD,1.1426846033520359,28
2023-06-03,SPY,-0.88220330945743586,1436
2023-06-03,TLT,1.1485034032318897,15
2023-06-03,USO,0.36367482374282589,309
2023-06-03,UUP,-1.7052377196612223,632
2023-06-04,GLD,-0.67741325229565108,5
2023-06-04,SPY,-0.88062878602362227,1045
2023-06-04,TLT,3.4833951663678246,14
2023-06-04,USO,-0.14846439926335256,369
2023-06-04,UUP,-1.4204930740457311,300
2023-06-05,GLD,2.5857063405889518,16
2023-06-05,SPY,-0.93437232396481118,3956
2023-06-05,TLT,2.0195955793134677,181
2023-06-05,USO,-0.03155515751643706,820
2023-06-05,UUP,-0.96680923879511393,1199
2023-06-06,GLD,3.3131521306829819,17
2023-06-06,SPY,-0.727321282981032,3774
2023-06-06,TLT,1.85608964631338,125
2023-06-06,USO,-0.40752095698264135,679
2023-06-06,UUP,-1.3916362768502963,1135
2023-06-07,GLD,1.8661153006100597,20
2023-06-07,SPY,-0.57899238545059661,3995
2023-06-07,TLT,1.6015251449711392,108
2023-06-07,USO,-0.87068811368670618,581
2023-06-07,UUP,-1.2436566827441244,1408
2023-06-08,GLD,2.2558013119428333,26
2023-06-08,SPY,-0.75820147307298791,3988
2023-06-08,TLT,0.78650588987668257,101
2023-06-08,USO,-0.4696035555003486,538
2023-06-08,UUP,-1.5624852670640066,1269
2023-06-09,GLD,3.0905431682939097,14
2023-06-09,SPY,-1.1449571329725257,4267
2023-06-09,TLT,1.6472735789959529,145
2023-06-09,USO,-0.67512755256144474,563
2023-06-09,UUP,-1.2619619216265265,1145
2023-06-10,GLD,3.1572327371728504,8
2023-06-10,SPY,-1.5881310583185804,1448
2023-06-10,TLT,0.73811253166307422,42
2023-06-10,USO,-1.2750633549755106,269
2023-06-10,UUP,-1.5567778373736487,299
2023-06-11,GLD,-0.026153729915757429,7
2023-06-11,SPY,-0.74612105741001,1455
2023-06-11,TLT,0.87616621786873461,21
2023-06-11,USO,-1.6424069790161817,198
2023-06-11,UUP,-1.4748388887991626,298
2023-06-12,GLD,3.6943182282452476,18
2023-06-12,SPY,-0.71728041175922608,4246
2023-06-12,TLT,0.87041564547307082,40
2023-06-12,USO,-2.1375191165861787,735
2023-06-12,UUP,-0.93183180514477171,1426
2023-06-13,GLD,2.88085176610057,24
2023-06-13,SPY,-0.45353467567832983,4137
2023-06-13,TLT,1.6601883665069435,93
2023-06-13,USO,-0.96523860164026509,683
2023-06-13,UUP,-0.83499949811842333,2267
2023-06-14,GLD,3.0724450095148725,18
2023-06-14,SPY,-0.6790907859584705,4125
2023-06-14,TLT,1.0981410685445137,58
2023-06-14,USO,-0.41657475566415431,581
2023-06-14,UUP,-0.80599229667128247,2821
2023-06-15,GLD,2.2308501721186338,30
2023-06-15,SPY,-0.59251610924972287,3848
2023-06-15,TLT,0.32460828814142878,79
2023-06-15,USO,-0.493858904790767,573
2023-06-15,UUP,-1.1243594053480641,2115
2023-06-16,GLD,5.5148690083135365,18
2023-06-16,SPY,-0.17749462626222978,3834
2023-06-16,TLT,1.1899786727041028,66
2023-06-16,USO,-0.31170592369927141,543
2023-06-16,UUP,-0.80874223722067462,1359
2023-06-17,GLD,3.3757862769158784,9
2023-06-17,SPY,-0.64303904846849747,1138
2023-06-17,TLT,2.8843799091980546,25
2023-06-17,USO,-0.58438775851642666,288
2023-06-17,UUP,-1.0056283912057173,425
2023-06-18,GLD,2.3973342869667413,9
2023-06-18,SPY,-0.49545602566922353,880
2023-06-18,TLT,1.5736814002804627,20
2023-06-18,USO,-0.7859864342686137,293
2023-06-18,UUP,-1.0602759667688606,268
2023-06-19,GLD,3.603837718850865,16
2023-06-19,SPY,-0.40625451345579605,2303
2023-06-19,TLT,1.4385655930373658,56
2023-06-19,USO,-0.51021827979071266,617
2023-06-19,UUP,-1.3183559010574029,769
2023-06-20,GLD,2.9985923914951824,34
2023-06-20,SPY,-0.38749220048937821,3556
2023-06-20,TLT,1.2109403379136094,41
2023-06-20,USO,-0.75845031549283581,625
2023-06-20,UUP,-1.1007523523574569,991
2023-06-21,GLD,2.2875721910848288,37
2023-06-21,SPY,-0.41974849750212972,3827
2023-06-21,TLT,0.70603273415108547,90
2023-06-21,USO,-0.29031190796232287,726
2023-06-21,UUP,-1.4797528326283083,1693
2023-06-22,GLD,1.1156804703106529,37
2023-06-22,SPY,-1.1556425387977518,4562
2023-06-22,TLT,0.55179108373716623,88
2023-06-22,USO,-0.32415002224543565,547
2023-06-22,UUP,-1.3225128195982063,1797
2023-06-23,GLD,2.913056552241037,14
2023-06-23,SPY,-1.4596433905787232,4533
2023-06-23,TLT,0.019485651618604494,62
2023-06-23,USO,-1.1189507867907447,425
2023-06-23,UUP,-1.6519594448037478,1085
2023-06-24,GLD,3.7772190557087111,8
2023-06-24,SPY,-0.56933796501407752,1754
2023-06-24,TLT,2.2320561700415071,23
2023-06-24,USO,0.93600354779308981,821
2023-06-24,UUP,-1.8815533182540662,253
2023-06-25,GLD,7.2868448099400576,5
2023-06-25,SPY,-0.76900513897372758,1166
2023-06-25,TLT,1.4822726066091194,32
2023-06-25,USO,0.52800600747686077,510
2023-06-25,UUP,-1.9835246562550086,208
2023-06-26,GLD,1.6668329333460976,24
2023-06-26,SPY,-0.93008349094461118,3612
2023-06-26,TLT,0.26986036539578268,72
2023-06-26,USO,-0.19976758904034506,737
2023-06-26,UUP,-1.8528296627878813,800
2023-06-27,GLD,3.5588853436190231,19
2023-06-27,SPY,-0.53576756389226721,3558
2023-06-27,TLT,1.01777809191879,79
2023-06-27,USO,-0.9583435846286269,506
2023-06-27,UUP,-1.0988461027684437,873
2023-06-28,GLD,2.5240722290563511,21
2023-06-28,SPY,-0.41706723238304011,4036
2023-06-28,TLT,1.2920887682904008,61
2023-06-28,USO,-0.37544552746133897,609
2023-06-28,UUP,-1.5939381974968447,1591
2023-06-29,GLD,2.9740770229583933,13
2023-06-29,SPY,-0.59441976857543566,3878
2023-06-29,TLT,1.6387543492852952,85
2023-06-29,USO,-0.54065813814709485,615
2023-06-29,UUP,-1.5991497224762576,1736
2023-06-30,GLD,4.7787416853928155,10
2023-06-30,SPY,0.041672109314155825,3913
2023-06-30,TLT,0.897079355737047,123
2023-06-30,USO,-1.2114337549566379,643
2023-06-30,UUP,-1.0642798189630411,1497
2023-07-01,GLD,0.918279590894683,3
2023-07-01,SPY,-0.73655335393191224,1554
2023-07-01,TLT,0.50901263933496188,31
2023-07-01,USO,0.66344218457316251,287
2023-07-01,UUP,-0.18473349827409022,577
2023-07-02,GLD,5.8358302429869209,6
2023-07-02,SPY,-0.84136707116724907,1063
2023-07-02,TLT,2.055794190372541,15
2023-07-02,USO,0.502080449430247,195
2023-07-02,UUP,-0.91796219146930136,226
2023-07-03,GLD,6.0615882948282742,10
2023-07-03,SPY,-0.42670387506387464,3663
2023-07-03,TLT,1.5271329767568231,53
2023-07-03,USO,-0.13975171236303552,595
2023-07-03,UUP,-0.76996046118704387,1091
2023-07-04,GLD,5.5116607274068583,14
2023-07-04,SPY,-0.55887997231588682,2975
2023-07-04,TLT,1.3979458128882765,53
2023-07-04,USO,-1.1167375752567847,487
2023-07-04,UUP,-1.0891392346230524,531
2023-07-05,GLD,1.4177645958650702,6
2023-07-05,SPY,-0.77710271854499291,3418
2023-07-05,TLT,0.35944727799605214,49
2023-07-05,USO,-0.98985800051858375,500
2023-07-05,UUP,-1.00604925513032,1059
2023-07-06,GLD,3.1069997412331749,16
2023-07-06,SPY,-0.782762954209059,3531
2023-07-06,TLT,-0.33816328754086555,84
2023-07-06,USO,-0.13943612918325704,596
2023-07-06,UUP,-1.2976048603243338,1496
2023-07-07,GLD,2.5791068332699116,14
2023-07-07,SPY,-0.96537241618437686,3597
2023-07-07,TLT,0.29184196351378905,63
2023-07-07,USO,-0.63263209483129679,552
2023-07-07,UUP,-1.0361391605585446,1966
2023-07-08,GLD,4.7675141199623319,10
2023-07-08,SPY,-0.63557069918821119,947
2023-07-08,TLT,1.8300032980756979,19
2023-07-08,USO,-1.3164132794180847,402
2023-07-08,UUP,-1.2898282659790972,342
2023-07-09,GLD,6.8922475969352925,5
2023-07-09,SPY,-0.71665903501499573,818
2023-07-09,TLT,-0.058572246082860158,6
2023-07-09,USO,-0.058121843070721144,211
2023-07-09,UUP,-1.2543759021051648,258
2023-07-10,GLD,4.4099370830326459,18
2023-07-10,SPY,-0.61351387475888985,2832
2023-07-10,TLT,0.93587173968071946,67
2023-07-10,USO,-0.87388005542327352,514
2023-07-10,UUP,-1.0711095767090075,1084
2023-07-11,GLD,3.1342042843521711,21
2023-07-11,SPY,-0.38761552316976344,3394
2023-07-11,TLT,1.3302423201014388,52
2023-07-11,USO,-0.25020855810840853,641
2023-07-11,UUP,-0.73428956642805943,1099
2023-07-12,GLD,6.6483464924480451,18
2023-07-12,SPY,-0.38978678136666034,3604
2023-07-12,TLT,1.2754201416967978,66
2023-07-12,USO,0.66911326527828641,705
2023-07-12,UUP,-0.82049852592861083,2044
2023-07-13,GLD,4.6707136555063551,12
2023-07-13,SPY,-0.58478403291724623,3779
2023-07-13,TLT,1.2019577929349605,78
2023-07-13,USO,0.19817571549675711,583
2023-07-13,UUP,-0.85062113625231017,1785
2023-07-14,GLD,4.9719311879793864,13
2023-07-14,SPY,-0.60613547728834849,3778
2023-07-14,TLT,0.35009808519468988,59
2023-07-14,USO,-1.5866480936008995,760
2023-07-14,UUP,-0.77079303340183536,1347
2023-07-15,GLD,4.3389262385737588,15
2023-07-15,SPY,-0.8173387860012421,1126
2023-07-15,TLT,1.0362655177715159,16
2023-07-15,USO,-0.78767779930004767,365
2023-07-15,UUP,-0.60146397445723032,316
2023-07-16,GLD,2.0885168479602352,14
2023-07-16,SPY,-1.0114178461152488,823
2023-07-16,TLT,0.876242857670085,10
2023-07-16,USO,0.067695569453071314,248
2023-07-16,UUP,-1.1389248775194063,212
2023-07-17,GLD,4.3045981075089355,16
2023-07-17,SPY,-0.56764042572443252,3310
2023-07-17,TLT,-0.22752191280871253,73
2023-07-17,USO,-0.5252955962850222,527
2023-07-17,UUP,-0.31871317814509514,1253
2023-07-18,GLD,5.10157145577086,18
2023-07-18,SPY,-0.14476684337170886,3430
2023-07-18,TLT,0.28412264193596543,57
2023-07-18,USO,-1.516415877784399,744
2023-07-18,UUP,-0.52238042762302661,1037
2023-07-19,GLD,2.9955545076172982,22
2023-07-19,SPY,-0.24755177040297083,3759
2023-07-19,TLT,0.55176090102691111,73
2023-07-19,USO,-0.94523119789957111,685
2023-07-19,UUP,-0.58157175363228875,1069
2023-07-20,GLD,3.4492511996362212,19
2023-07-20,SPY,-0.28829708410121163,4275
2023-07-20,TLT,1.2479539999766474,47
2023-07-20,USO,-0.098591557657165929,589
2023-07-20,UUP,-0.72489008964308455,1373
2023-07-21,GLD,2.5521585431497713,21
2023-07-21,SPY,-0.61374852541933078,4068
2023-07-21,TLT,2.0431121657072859,69
2023-07-21,USO,-0.5886204901523191,528
2023-07-21,UUP,-0.59780627146586729,1034
2023-07-22,GLD,3.2245488720857853,11
2023-07-22,SPY,-0.8484334498184718,1209
2023-07-22,TLT,1.2695831090013392,8
2023-07-22,USO,-0.40299092705270562,242
2023-07-22,UUP,-1.0642765293992043,364
2023-07-23,GLD,3.7351821235054192,9
2023-07-23,SPY,-0.16896639658973514,787
2023-07-23,TLT,2.0298047296894652,10
2023-07-23,USO,0.32701899528744616,218
2023-07-23,UUP,-0.1614889289507091,360
2023-07-24,GLD,5.1981575659246317,20
2023-07-24,SPY,-0.25191031101871125,3315
2023-07-24,TLT,0.29085724427393267,63
2023-07-24,USO,-0.30920353611553031,442
2023-07-24,UUP,-0.5231013270520215,1560
2023-07-25,GLD,3.4453351203800815,26
2023-07-25,SPY,-0.27310126490222869,3843
2023-07-25,TLT,1.9362540815008431,53
2023-07-25,USO,0.251827999392345,624
2023-07-25,UUP,-0.53506293100885549,1634
2023-07-26,GLD,2.518515307770385,26
2023-07-26,SPY,-0.48495850820016234,4318
2023-07-26,TLT,1.0214207314881811,34
2023-07-26,USO,-0.11693465993966182,656
2023-07-26,UUP,-1.0145651261354054,2788
2023-07-27,GLD,4.1007927172271241,16
2023-07-27,SPY,-0.23807926229607432,4700
2023-07-27,TLT,1.5452061202062568,92
2023-07-27,USO,-0.21486516801084377,532
2023-07-27,UUP,-0.80841362233423575,2566
2023-07-28,GLD,1.6602521885947767,19
2023-07-28,SPY,-0.37135438705416,3846
2023-07-28,TLT,2.0970855094887075,57
2023-07-28,USO,-0.37212603677635425,480
2023-07-28,UUP,-0.47245568847824926,1843
2023-07-29,GLD,5.7009195522180613,2
2023-07-29,SPY,-0.35266803486425763,1127
2023-07-29,TLT,2.065383508090048,20
2023-07-29,USO,-0.12903028558504048,217
2023-07-29,UUP,-0.82023117207649043,448
2023-07-30,GLD,4.7703905342620025,9
2023-07-30,SPY,-0.65137582234611979,1167
2023-07-30,TLT,3.78122011834579,24
2023-07-30,USO,0.11830616337451907,236
2023-07-30,UUP,-0.85872563211344521,320
2023-07-31,GLD,4.9698748432369806,10
2023-07-31,SPY,-0.50698518320394426,3607
2023-07-31,TLT,0.88492905772410713,51
2023-07-31,USO,-0.56805282957730929,548
2023-07-31,UUP,-0.42941468442504432,1199
2023-08-01,GLD,1.7385889190571788,27
2023-08-01,SPY,-0.29078356934254468,3816
2023-08-01,TLT,0.72279826129898717,46
2023-08-01,USO,-0.50897191544466214,522
2023-08-01,UUP,-0.88930752431561844,1076
2023-08-02,GLD,1.4953955088241213,20
2023-08-02,SPY,-0.99645718205761868,4117
2023-08-02,TLT,0.024728891542127429,85
2023-08-02,USO,-0.092490446100950849,583
2023-08-02,UUP,-1.3721922478442619,870
2023-08-03,GLD,4.9164774226891534,13
2023-08-03,SPY,-0.75468514109864648,4247
2023-08-03,TLT,-0.309842176417943,75
2023-08-03,USO,0.048293687801955351,503
2023-08-03,UUP,-0.96299832433836841,986
2023-08-04,GLD,3.2391629584784662,20
2023-08-04,SPY,-0.2754129056509399,3830
2023-08-04,TLT,0.9945005538968904,73
2023-08-04,USO,-0.037400661524748913,439
2023-08-04,UUP,-0.670164761300164,1366
2023-08-05,GLD,5.8603482264952795,9
2023-08-05,SPY,-0.61507749531414879,1084
2023-08-05,TLT,0.8902251711357253,17
2023-08-05,USO,-2.6912397801985217,359
2023-08-05,UUP,-0.88482460386822892,295
2023-08-06,GLD,4.922009223788983,8
2023-08-06,SPY,-0.49103609063823389,851
2023-08-06,TLT,-1.2586877435451582,10
2023-08-06,USO,-0.93103318009763159,449
2023-08-06,UUP,-1.2129422960418466,188
2023-08-07,GLD,4.1635537158758451,17
2023-08-07,SPY,-0.94260340703898737,3513
2023-08-07,TLT,-0.33320173964410404,64
2023-08-07,USO,-0.81501651476576931,560
2023-08-07,UUP,-1.1594667492778872,832
2023-08-08,GLD,2.1168247354156033,29
2023-08-08,SPY,-0.94636717818231975,3807
2023-08-08,TLT,-1.5645896911437527,75
2023-08-08,USO,-1.214069362077894,488
2023-08-08,UUP,-1.6230713213290358,1396
2023-08-09,GLD,2.1437571359507372,28
2023-08-09,SPY,-0.62448892176801885,3573
2023-08-09,TLT,1.1749861647647915,65
2023-08-09,USO,-0.54131222663410772,585
2023-08-09,UUP,-1.3101596867614875,953
2023-08-10,GLD,3.341973794401166,32
2023-08-10,SPY,-0.32462849557690943,3674
2023-08-10,TLT,1.3845769345631611,52
2023-08-10,USO,-0.7962323826197959,538
2023-08-10,UUP,-1.1206511388250053,1892
2023-08-11,GLD,2.4320138789468468,31
2023-08-11,SPY,-0.813771391904179,3263
2023-08-11,TLT,-0.46781772372943453,58
2023-08-11,USO,-0.56793653296573376,559
2023-08-11,UUP,-1.2744941444154607,1214
2023-08-12,GLD,3.2486473056176166,17
2023-08-12,SPY,-0.631118126244461,941
2023-08-12,TLT,1.7175068033628924,15
2023-08-12,USO,0.1727495953677908,340
2023-08-12,UUP,-1.0316983461230163,205
2023-08-13,GLD,3.0862610126636527,11
2023-08-13,SPY,-0.59768814219661348,782
2023-08-13,TLT,1.1855513310114287,10
2023-08-13,USO,-0.47980479884269289,433
2023-08-13,UUP,-1.4896940490951569,299
2023-08-14,GLD,2.2563796822861204,22
2023-08-14,SPY,-1.0406975542980526,2826
2023-08-14,TLT,0.72194610537815707,64
2023-08-14,USO,-0.20647649584976385,524
2023-08-14,UUP,-1.2952580783074303,930
2023-08-15,GLD,2.7166767940614309,21
2023-08-15,SPY,-1.3087022109851354,3683
2023-08-15,TLT,1.9721067210707952,27
2023-08-15,USO,-0.41667822588732406,530
2023-08-15,UUP,-1.2290945163260796,960
2023-08-16,GLD,4.3284962792011958,29
2023-08-16,SPY,-1.2247761627805978,3684
2023-08-16,TLT,0.44127886540559808,35
2023-08-16,USO,-0.29579815330930354,626
2023-08-16,UUP,-1.5517889852083691,1425
2023-08-17,GLD,2.4684034785099644,25
2023-08-17,SPY,-0.96084527616711413,3759
2023-08-17,TLT,-0.95389015444123293,43
2023-08-17,USO,-0.39854861571418981,697
2023-08-17,UUP,-1.8381662285283347,1997
2023-08-18,GLD,2.5859364240661638,33
2023-08-18,SPY,-1.4925450975905767,3810
2023-08-18,TLT,-1.1107150368878227,95
2023-08-18,USO,-0.017444308071867032,793
2023-08-18,UUP,-1.5206500472398452,1287
2023-08-19,GLD,4.1317548524786254,7
2023-08-19,SPY,-1.6744110102276941,1154
2023-08-19,TLT,0.77707527605663218,13
2023-08-19,USO,-0.7432078154207713,353
2023-08-19,UUP,-1.7109286060224485,290
2023-08-20,GLD,5.1454970309347425,9
2023-08-20,SPY,-1.5470683994446366,848
2023-08-20,TLT,0.65609515838769372,16
2023-08-20,USO,1.4184778542337166,207
2023-08-20,UUP,-1.7989418068254126,265
2023-08-21,GLD,4.5757910320334414,18
2023-08-21,SPY,-0.70194914389830609,3084
2023-08-21,TLT,0.60097329870409755,75
2023-08-21,USO,-0.438988925646674,605
2023-08-21,UUP,-1.5039012675874255,1122
2023-08-22,GLD,2.1963261833082117,35
2023-08-22,SPY,-0.40110754514673447,3454
2023-08-22,TLT,0.12959923527047018,54
2023-08-22,USO,0.49630709778352239,683
2023-08-22,UUP,-1.1070252615892364,1299
2023-08-23,GLD,3.1884619168627033,25
2023-08-23,SPY,-0.57096822359247945,3349
2023-08-23,TLT,0.23512590346280446,83
2023-08-23,USO,-0.86781282376431745,551
2023-08-23,UUP,-1.3771782378838286,1234
2023-08-24,GLD,4.8485082224345835,17
2023-08-24,SPY,-0.8231421014513709,4616
2023-08-24,TLT,1.3625486679679488,43
2023-08-24,USO,-0.67387303504880269,540
2023-08-24,UUP,-1.2217135945687376,1414
2023-08-25,GLD,2.1843293142282914,10
2023-08-25,SPY,-1.1022298817190628,3903
2023-08-25,TLT,-0.15140683028800594,74
2023-08-25,USO,-0.22270089875873014,561
2023-08-25,UUP,-1.5164983320368517,2235
2023-08-26,GLD,5.6273893880731451,2
2023-08-26,SPY,-0.34084962346623554,1256
2023-08-26,TLT,0.9226485692348001,15
2023-08-26,USO,-0.063706126740526559,272
2023-08-26,UUP,-1.1135158861295753,571
2023-08-27,GLD,2.2717532952554396,19
2023-08-27,SPY,-0.90417012488151671,865
2023-08-27,TLT,-1.0396009995753381,11
2023-08-27,USO,-0.096633033457896866,235
2023-08-27,UUP,-2.2119264279549196,484
2023-08-28,GLD,3.2868772374670723,21
2023-08-28,SPY,-0.5100433172348483,2861
2023-08-28,TLT,1.1753617721675678,57
2023-08-28,USO,0.53413470077564584,510
2023-08-28,UUP,-0.97321618640577889,1225
2023-08-29,GLD,7.3875305651933987,12
2023-08-29,SPY,-0.29922109908340133,3602
2023-08-29,TLT,2.2337831361304223,28
2023-08-29,USO,-0.35397495680694968,463
2023-08-29,UUP,-0.79975872571961,1136
2023-08-30,GLD,5.3629387583362194,26
2023-08-30,SPY,-0.42650122305964028,3195
2023-08-30,TLT,1.0560014866212741,58
2023-08-30,USO,-0.0998392746041341,622
2023-08-30,UUP,-0.73209121533511967,1128
2023-08-31,GLD,3.9433590374581753,19
2023-08-31,SPY,-0.43232434115792745,3433
2023-08-31,TLT,-0.47939466578433371,41
2023-08-31,USO,-0.28301226952862873,742
2023-08-31,UUP,-0.89672755497307854,1401
2023-09-01,GLD,2.3767433011230441,25
2023-09-01,SPY,-0.55078792941380172,3490
2023-09-01,TLT,0.11685348226129316,55
2023-09-01,USO,-0.649946069029052,587
2023-09-01,UUP,-0.97286463331858186,1619
2023-09-02,GLD,4.7616820671616891,6
2023-09-02,SPY,-0.449236367941151,1176
2023-09-02,TLT,0.22507356348541807,10
2023-09-02,USO,0.15959702216679864,357
2023-09-02,UUP,-1.1072591937302849,307
2023-09-03,GLD,0.99071711633462023,2
2023-09-03,SPY,-1.2082216292959971,1039
2023-09-03,TLT,1.6689642918412853,3
2023-09-03,USO,0.052133344304987991,366
2023-09-03,UUP,-0.710120629244261,239
2023-09-04,GLD,3.1800627434448243,15
2023-09-04,SPY,-0.25177714382248495,2418
2023-09-04,TLT,1.355208214173669,42
2023-09-04,USO,-0.4653063035710146,412
2023-09-04,UUP,-0.0047565329636625395,934
2023-09-05,GLD,1.4310464821809066,21
2023-09-05,SPY,-0.54666972539126446,3173
2023-09-05,TLT,-0.1892361539396675,47
2023-09-05,USO,-0.72719523154677335,726
2023-09-05,UUP,-1.2079129934870099,934
2023-09-06,GLD,-1.2393808972170945,15
2023-09-06,SPY,-0.94714238181339983,3760
2023-09-06,TLT,-0.078406809022498469,63
2023-09-06,USO,-1.0806986040485855,885
2023-09-06,UUP,-1.1871695040099643,975
2023-09-07,GLD,1.9818618290679579,39
2023-09-07,SPY,-1.0334687163829159,4013
2023-09-07,TLT,1.1190430291684073,109
2023-09-07,USO,-0.69978371071376166,551
2023-09-07,UUP,-1.7653271010014258,1231
2023-09-08,GLD,3.6769656352174471,16
2023-09-08,SPY,-1.0255924161768875,3988
2023-09-08,TLT,0.17586973661795555,64
2023-09-08,USO,-0.53844735469149985,595
2023-09-08,UUP,-1.4391799231215106,1107
2023-09-09,GLD,3.0446225387574617,13
2023-09-09,SPY,-1.1217779946790363,1252
2023-09-09,TLT,0.80256302232255228,25
2023-09-09,USO,-2.1632966198984014,388
2023-09-09,UUP,-1.4867657469685829,322
2023-09-10,GLD,6.7305270228115015,5
2023-09-10,SPY,-0.69246433840196353,870
2023-09-10,TLT,0.78948155851520541,19
2023-09-10,USO,-1.3742820425136124,288
2023-09-10,UUP,-1.1980914897459689,246
2023-09-11,GLD,2.5864004998473993,16
2023-09-11,SPY,-0.51489139829439456,3584
2023-09-11,TLT,0.1822598096345221,67
2023-09-11,USO,-0.60379082554992747,507
2023-09-11,UUP,-0.99409306855974666,1022
2023-09-12,GLD,4.3130054770272137,19
2023-09-12,SPY,-0.51883432175498567,3475
2023-09-12,TLT,0.27254093062425272,53
2023-09-12,USO,-0.658748413935178,736
2023-09-12,UUP,-0.94396424687673675,1021
2023-09-13,GLD,1.1605186412816426,12
2023-09-13,SPY,-0.74026103111831265,3725
2023-09-13,TLT,0.26731407420087411,66
2023-09-13,USO,-0.99692286344953074,804
2023-09-13,UUP,-1.2103057134671589,1590
2023-09-14,GLD,2.0869036949954265,26
2023-09-14,SPY,-0.36860486369543211,3970
2023-09-14,TLT,-0.019210017406496221,112
2023-09-14,USO,-1.2083337645358976,708
2023-09-14,UUP,-0.80737751239585842,1580
2023-09-15,GLD,5.3599867635997178,17
2023-09-15,SPY,-0.65632971717775623,3792
2023-09-15,TLT,0.36975909441106453,59
2023-09-15,USO,-1.7274747945120075,741
2023-09-15,UUP,-1.1486974042684408,1166
2023-09-16,GLD,0.47998430973432349,2
2023-09-16,SPY,-1.0468277219684077,1203
2023-09-16,TLT,-0.9154228808788003,31
2023-09-16,USO,-0.15232268023197643,374
2023-09-16,UUP,-1.1555723680980228,524
2023-09-17,GLD,4.7760232943693062,7
2023-09-17,SPY,-1.2524945575840203,821
2023-09-17,TLT,-0.87673960308794,8
2023-09-17,USO,-0.48970102181023806,271
2023-09-17,UUP,-1.3039692690436335,333
2023-09-18,GLD,5.329594510358314,16
2023-09-18,SPY,-0.80378837550766291,3180
2023-09-18,TLT,0.070863046303121624,76
2023-09-18,USO,0.037193466443416423,745
2023-09-18,UUP,-1.3620965070253688,1322
2023-09-19,GLD,5.2036809677390226,11
2023-09-19,SPY,-0.86907956331673486,3755
2023-09-19,TLT,0.84365833177406779,86
2023-09-19,USO,-0.51640104614896887,796
2023-09-19,UUP,-1.340074443234593,1392
2023-09-20,GLD,3.2916095779505992,21
2023-09-20,SPY,-0.48247995904601543,3571
2023-09-20,TLT,1.2779229579433371,74
2023-09-20,USO,-0.13644672394701388,818
2023-09-20,UUP,-1.1132320674951257,2401
2023-09-21,GLD,4.8412793273912165,11
2023-09-21,SPY,-0.84851490189770673,4597
2023-09-21,TLT,0.30365276944104169,91
2023-09-21,USO,-0.29991500074325694,691
2023-09-21,UUP,-1.5372804741890598,2056
2023-09-22,GLD,3.4418136507734447,22
2023-09-22,SPY,-0.92510893920318826,3865
2023-09-22,TLT,-0.026352050848362396,84
2023-09-22,USO,0.11654734301993216,716
2023-09-22,UUP,-1.6388718948385941,1367
2023-09-23,GLD,7.60315138632487,6
2023-09-23,SPY,-0.25979042363638538,1068
2023-09-23,TLT,1.6704226341516129,30
2023-09-23,USO,-0.488773308891782,398
2023-09-23,UUP,-1.3087164794008312,318
2023-09-24,GLD,3.5398849693757919,9
2023-09-24,SPY,-0.55912775539434079,815
2023-09-24,TLT,0.22122879813568996,26
2023-09-24,USO,0.18400742155579314,249
2023-09-24,UUP,-1.7252622731378529,326
2023-09-25,GLD,4.8925092392930773,14
2023-09-25,SPY,-0.78243159811312935,2969
2023-09-25,TLT,0.46310880904670243,103
2023-09-25,USO,-0.65139061479300642,482
2023-09-25,UUP,-2.023478636558472,1064
2023-09-26,GLD,3.9944460002542805,16
2023-09-26,SPY,-1.1742177864479022,3462
2023-09-26,TLT,-0.71393691522785807,112
2023-09-26,USO,-0.36740562992103831,560
2023-09-26,UUP,-1.6598657867115849,1203
2023-09-27,GLD,1.3926908390665949,24
2023-09-27,SPY,-0.86668121190056746,3405
2023-09-27,TLT,-0.046060730887917692,126
2023-09-27,USO,-0.016430576156225257,737
2023-09-27,UUP,-1.5073284223521608,1057
2023-09-28,GLD,4.6624647313939782,25
2023-09-28,SPY,-0.94301845734202816,3324
2023-09-28,TLT,1.0746040771897956,140
2023-09-28,USO,-0.9778786292294831,647
2023-09-28,UUP,-1.856705009911795,1262
2023-09-29,GLD,3.1205742461848658,16
2023-09-29,SPY,-0.69125234850630957,3705
2023-09-29,TLT,0.77356241688649141,175
2023-09-29,USO,-0.54829722932746949,580
2023-09-29,UUP,-1.4213156123424133,1362
2023-09-30,GLD,3.34566758396032,11
2023-09-30,SPY,-1.4749969462998478,1281
2023-09-30,TLT,0.77658535196672418,66
2023-09-30,USO,-0.33983434978451177,267
2023-09-30,UUP,-1.5356425866358403,556
2023-10-01,GLD,1.246052253804194,2
2023-10-01,SPY,-0.86533201578857388,838
2023-10-01,TLT,1.1865464545004147,50
2023-10-01,USO,-0.52137488984824576,226
2023-10-01,UUP,-1.4621026716072361,274
2023-10-02,GLD,5.1620963724769711,22
2023-10-02,SPY,-1.5089613083223268,3723
2023-10-02,TLT,1.6770225320738426,240
2023-10-02,USO,-0.87603853619816063,481
2023-10-02,UUP,-1.143686058072001,1078
2023-10-03,GLD,1.5547786564762271,19
2023-10-03,SPY,-1.0473325470499715,3686
2023-10-03,TLT,0.87871279577472272,211
2023-10-03,USO,-2.2295118706559953,588
2023-10-03,UUP,-1.5262182929617083,1539
2023-10-04,GLD,4.980444396327127,24
2023-10-04,SPY,-1.0448154180733007,3965
2023-10-04,TLT,0.78164601238747711,174
2023-10-04,USO,-1.0332749323548978,594
2023-10-04,UUP,-1.5149226571324017,1320
2023-10-05,GLD,4.3706821079800431,15
2023-10-05,SPY,-0.77695058129930583,3492
2023-10-05,TLT,0.58596312174048948,177
2023-10-05,USO,-0.11050614925336649,768
2023-10-05,UUP,-1.4724244057255582,1178
2023-10-06,GLD,2.9448263288636958,24
2023-10-06,SPY,-0.74899890284036841,3723
2023-10-06,TLT,1.4357807106572316,216
2023-10-06,USO,-0.84939577996951354,583
2023-10-06,UUP,-0.997566267471643,1796
2023-10-07,GLD,6.26596530442045,14
2023-10-07,SPY,-0.47575969207101015,884
2023-10-07,TLT,1.5086441350196766,43
2023-10-07,USO,-0.5501623122419389,330
2023-10-07,UUP,-1.9226525884809309,402
2023-10-08,GLD,3.659502907800769,6
2023-10-08,SPY,-1.0252417735173152,807
2023-10-08,TLT,2.3465051356893252,33
2023-10-08,USO,0.25948267006738385,282
2023-10-08,UUP,-2.0394540726158916,287
2023-10-09,GLD,2.0744002458334125,20
2023-10-09,SPY,-1.9159514786946956,3608
2023-10-09,TLT,-0.081949466882928562,148
2023-10-09,USO,-2.4607854798103528,1152
2023-10-09,UUP,-0.23531412262080234,1400
2023-10-10,GLD,2.2989304782289826,30
2023-10-10,SPY,-1.6174645529683835,4304
2023-10-10,TLT,0.33681963186247127,118
2023-10-10,USO,-1.642434210618738,831
2023-10-10,UUP,-1.4943574124362109,1223
2023-10-11,GLD,2.2347814191441158,17
2023-10-11,SPY,-1.2146650449156415,4137
2023-10-11,TLT,0.56534725698152166,78
2023-10-11,USO,-0.57307109574809545,726
2023-10-11,UUP,-0.70821699910648284,1434
2023-10-12,GLD,0.69971433560637919,27
2023-10-12,SPY,-0.75762774884340844,3590
2023-10-12,TLT,0.96721686562602038,108
2023-10-12,USO,0.038402282758217707,834
2023-10-12,UUP,-1.0718308988713519,1643
2023-10-13,GLD,2.893456522880741,25
2023-10-13,SPY,-0.93990421952557868,3471
2023-10-13,TLT,-0.9289906088052835,88
2023-10-13,USO,0.577859556801797,968
2023-10-13,UUP,-1.2734543045444857,1098
2023-10-14,GLD,7.1553740666757983,19
2023-10-14,SPY,-0.78710786727080806,913
2023-10-14,TLT,-0.6551765769609994,21
2023-10-14,USO,1.1500388819422735,418
2023-10-14,UUP,-1.7034414215274694,212
2023-10-15,GLD,1.6325201525873647,11
2023-10-15,SPY,-1.8933066555802684,845
2023-10-15,TLT,-0.45245640690611988,17
2023-10-15,USO,0.62608141725060384,310
2023-10-15,UUP,-0.78039625792086187,319
2023-10-16,GLD,2.4114957223478748,12
2023-10-16,SPY,-1.3108395270742206,3129
2023-10-16,TLT,0.59009529245347769,88
2023-10-16,USO,-1.1944971321128934,628
2023-10-16,UUP,-1.6701155565323633,823
2023-10-17,GLD,2.5697368712601438,17
2023-10-17,SPY,-0.9302175386655791,4102
2023-10-17,TLT,0.10928122088721717,103
2023-10-17,USO,-0.52809387391279827,701
2023-10-17,UUP,-0.93049005071460933,1064
2023-10-18,GLD,2.0828892779128636,19
2023-10-18,SPY,-1.0311358502069783,4144
2023-10-18,TLT,-0.51993247649912577,224
2023-10-18,USO,-0.79352036141915128,590
2023-10-18,UUP,-1.0232427065915393,1137
2023-10-19,GLD,7.3019520438641647,20
2023-10-19,SPY,-1.1739684681553928,4447
2023-10-19,TLT,-0.29102688969249796,130
2023-10-19,USO,-1.0664734853321731,659
2023-10-19,UUP,-1.2173368651147138,1700
2023-10-20,GLD,2.0950581478785022,31
2023-10-20,SPY,-1.3196066580777666,3536
2023-10-20,TLT,-0.96176047630894312,93
2023-10-20,USO,-1.119707406158909,569
2023-10-20,UUP,-1.1214552510073392,1443
2023-10-21,GLD,1.8952515240647503,11
2023-10-21,SPY,-1.4530706374751832,1089
2023-10-21,TLT,-0.34684043505261036,32
2023-10-21,USO,-1.0422778263377237,250
2023-10-21,UUP,-1.7981739694044445,353
2023-10-22,GLD,2.9567833794901288,11
2023-10-22,SPY,-1.1311152660276549,749
2023-10-22,TLT,0.9500199510029681,23
2023-10-22,USO,-0.43889518627845148,209
2023-10-22,UUP,-1.7828954559900918,183
2023-10-23,GLD,4.358207234120365,19
2023-10-23,SPY,-1.4316622218519905,3283
2023-10-23,TLT,0.019156626082264094,83
2023-10-23,USO,-0.149110555696577,449
2023-10-23,UUP,-1.4815249804751809,985
2023-10-24,GLD,2.949590930550726,26
2023-10-24,SPY,-0.89598896781977511,4547
2023-10-24,TLT,0.37388978040086723,73
2023-10-24,USO,-1.718746826941163,520
2023-10-24,UUP,-1.6876039083502228,985
2023-10-25,GLD,3.0443173653604942,24
2023-10-25,SPY,-0.94270073386002506,4422
2023-10-25,TLT,0.35813680293449379,78
2023-10-25,USO,-0.6838825258923773,622
2023-10-25,UUP,-1.1889324649789861,805
2023-10-26,GLD,4.06289811061527,25
2023-10-26,SPY,-1.0366719423937845,4331
2023-10-26,TLT,-0.22785785719396542,90
2023-10-26,USO,-0.888313270987605,707
2023-10-26,UUP,-1.0407133098597621,1358
2023-10-27,GLD,2.43352417517187,32
2023-10-27,SPY,-0.43638151764669647,4128
2023-10-27,TLT,-0.527599525744704,97
2023-10-27,USO,-0.098806517908946,602
2023-10-27,UUP,-0.87151606176461482,1361
2023-10-28,GLD,3.3181805226242158,12
2023-10-28,SPY,-0.45643636128059739,1154
2023-10-28,TLT,0.795113740735289,35
2023-10-28,USO,-0.44993776930898643,300
2023-10-28,UUP,-1.1801091278451374,542
2023-10-29,GLD,1.5289610156964439,7
2023-10-29,SPY,-1.1209253784350417,787
2023-10-29,TLT,0.42722120990854517,21
2023-10-29,USO,-1.1747889123860793,341
2023-10-29,UUP,-1.0934118886817077,360
2023-10-30,GLD,1.2616622390358545,24
2023-10-30,SPY,-0.5336541935141228,2970
2023-10-30,TLT,0.75683831109193844,85
2023-10-30,USO,-1.208396618592972,599
2023-10-30,UUP,-1.0907075814405649,1228
2023-10-31,GLD,0.79644038080461255,26
2023-10-31,SPY,-0.42875516693019333,3918
2023-10-31,TLT,1.0158023221105936,118
2023-10-31,USO,-0.62082613374551476,642
2023-10-31,UUP,-0.79608477639754427,1430
2023-11-01,GLD,1.7351116929231221,27
2023-11-01,SPY,-0.47973887699606615,3959
2023-11-01,TLT,1.3137652728771645,74
2023-11-01,USO,0.75328401859211491,616
2023-11-01,UUP,-0.65586373310821255,2084
2023-11-02,GLD,3.269277477480439,25
2023-11-02,SPY,-0.14982350893917551,4133
2023-11-02,TLT,0.52629611431693657,87
2023-11-02,USO,-0.25787717295213985,869
2023-11-02,UUP,-0.42716490738307339,1782
2023-11-03,GLD,2.83026355177343,36
2023-11-03,SPY,-0.60503945521884406,3677
2023-11-03,TLT,-0.16300520300895988,77
2023-11-03,USO,0.023753057507279074,594
2023-11-03,UUP,-0.69990681857530723,1714
2023-11-04,GLD,0.71142288787471908,6
2023-11-04,SPY,-0.32650943215354317,1007
2023-11-04,TLT,2.8646267085563286,26
2023-11-04,USO,0.31545414786810166,304
2023-11-04,UUP,-0.18613308838879153,601
2023-11-05,GLD,1.8315963983581813,8
2023-11-05,SPY,-0.62628242707790227,818
2023-11-05,TLT,1.6590842862304269,16
2023-11-05,USO,1.3997016224930807,314
2023-11-05,UUP,-1.4767594976149707,323
2023-11-06,GLD,4.21819167218148,17
2023-11-06,SPY,-0.36878957657001532,3015
2023-11-06,TLT,0.011765216912805854,85
2023-11-06,USO,0.66230493849886218,589
2023-11-06,UUP,-0.897014781582488,1111
2023-11-07,GLD,4.067491894175161,27
2023-11-07,SPY,-0.7559888178383618,4059
2023-11-07,TLT,-0.20754914748339912,68
2023-11-07,USO,-1.1117815084902933,685
2023-11-07,UUP,-1.1497339150267105,1355
2023-11-08,GLD,3.1539934274343255,23
2023-11-08,SPY,-0.567197877918568,3696
2023-11-08,TLT,-0.53029924826743335,81
2023-11-08,USO,-0.98488116062352538,671
2023-11-08,UUP,-1.180258973191689,1270
2023-11-09,GLD,1.4311538067059986,26
2023-11-09,SPY,-0.49664387459406989,3514
2023-11-09,TLT,0.41221936558566186,63
2023-11-09,USO,-1.0687780957433364,1009
2023-11-09,UUP,-1.2794327481128258,1387
2023-11-10,GLD,1.8018788601222768,33
2023-11-10,SPY,-0.70314176362106018,3247
2023-11-10,TLT,-0.070843354733590991,113
2023-11-10,USO,-1.9158842102420248,1060
2023-11-10,UUP,-1.1360859187872441,1363
2023-11-11,GLD,2.7160029418638141,16
2023-11-11,SPY,-1.3119685763871989,1294
2023-11-11,TLT,-1.4823791692558557,16
2023-11-11,USO,-0.65795191829447541,331
2023-11-11,UUP,-1.9218295919247963,352
2023-11-12,GLD,-0.7471500025868445,25
2023-11-12,SPY,-0.38793700590366254,623
2023-11-12,TLT,-0.11331435414744129,19
2023-11-12,USO,-0.34077590347418035,355
2023-11-12,UUP,-1.7509548855495187,368
2023-11-13,GLD,6.42004671766898,8
2023-11-13,SPY,-0.37275619278237881,2833
2023-11-13,TLT,1.0135104412860554,75
2023-11-13,USO,-0.46185287770968508,423
2023-11-13,UUP,-1.0098208974425205,1017
2023-11-14,GLD,3.8838816714027855,15
2023-11-14,SPY,-0.23360838827227964,3710
2023-11-14,TLT,0.75190912437067647,50
2023-11-14,USO,-0.180635588569437,447
2023-11-14,UUP,-1.0044104032643708,2018
2023-11-15,GLD,3.4028340823874332,18
2023-11-15,SPY,-0.003135009926400846,4391
2023-11-15,TLT,1.6508371689512806,70
2023-11-15,USO,0.20411981172429139,577
2023-11-15,UUP,-0.610749027513807,1468
2023-11-16,GLD,1.7265781608566377,42
2023-11-16,SPY,0.030719151705677919,4261
2023-11-16,TLT,-0.051605606558214556,81
2023-11-16,USO,-1.4164085119629723,636
2023-11-16,UUP,-0.98150997073666457,1274
2023-11-17,GLD,2.4646263523115142,23
2023-11-17,SPY,-0.36786919015824354,4039
2023-11-17,TLT,-0.17244032406560855,96
2023-11-17,USO,-0.64841278954979975,647
2023-11-17,UUP,-1.1176491434689251,978
2023-11-18,GLD,1.1714221985575077,9
2023-11-18,SPY,-0.031661849012665215,991
2023-11-18,TLT,-0.9786302015406021,22
2023-11-18,USO,-0.40247255925602371,368
2023-11-18,UUP,-1.2501836658569818,327
2023-11-19,GLD,4.469487460425718,8
2023-11-19,SPY,-0.18941812380315975,974
2023-11-19,TLT,-1.4581441095648562,15
2023-11-19,USO,0.36238493254036108,192
2023-11-19,UUP,-0.889005694883494,437
2023-11-20,GLD,3.7721892089538018,13
2023-11-20,SPY,-0.144988603728633,4100
2023-11-20,TLT,-0.33188436918206066,64
2023-11-20,USO,-0.4531626280279662,431
2023-11-20,UUP,-0.844723264410795,950
2023-11-21,GLD,5.6025954480262836,32
2023-11-21,SPY,-0.036313496543857793,4541
2023-11-21,TLT,0.1794910353847998,57
2023-11-21,USO,-1.2210771623520402,527
2023-11-21,UUP,-0.55372653552058282,1352
2023-11-22,GLD,5.2740007243334741,22
2023-11-22,SPY,-0.17607426118596348,4066
2023-11-22,TLT,0.42304230060418652,59
2023-11-22,USO,-0.88275176177315906,669
2023-11-22,UUP,-0.63891833512108376,1171
2023-11-23,GLD,3.963595616700843,22
2023-11-23,SPY,-0.24521476972154507,2202
2023-11-23,TLT,0.67644831831917451,65
2023-11-23,USO,-0.38762095746046316,441
2023-11-23,UUP,-0.45827623002385054,645
2023-11-24,GLD,3.8060073472549196,18
2023-11-24,SPY,-0.43248944480216395,2477
2023-11-24,TLT,0.62376703932166555,78
2023-11-24,USO,-0.14181031903809466,553
2023-11-24,UUP,-0.81149247654211631,744
2023-11-25,GLD,4.3411121449655283,6
2023-11-25,SPY,-0.32909527562284346,636
2023-11-25,TLT,0.13587878836841333,13
2023-11-25,USO,0.11299229075604636,238
2023-11-25,UUP,-0.47953483794123686,182
2023-11-26,GLD,2.2321431336001325,14
2023-11-26,SPY,-0.26692758157190927,659
2023-11-26,TLT,-2.1072324886254581,22
2023-11-26,USO,0.24221055414507156,220
2023-11-26,UUP,-0.82353936162881047,171
2023-11-27,GLD,4.6663701781408475,23
2023-11-27,SPY,-0.92914013099413484,3219
2023-11-27,TLT,0.39290988982931374,69
2023-11-27,USO,0.037980232313903572,617
2023-11-27,UUP,-0.62131609117296682,940
2023-11-28,GLD,1.5946788578395281,24
2023-11-28,SPY,-0.889854661622116,3769
2023-11-28,TLT,-0.44638862687403891,49
2023-11-28,USO,-0.901672494238227,541
2023-11-28,UUP,-0.50669584518114674,1052
2023-11-29,GLD,3.6997585130407726,17
2023-11-29,SPY,0.079708716754614592,3611
2023-11-29,TLT,0.39774678171003475,61
2023-11-29,USO,-0.6222368767274753,509
2023-11-29,UUP,-0.86885729051485083,1367
2023-11-30,GLD,2.4989153219009435,16
2023-11-30,SPY,-0.4348410945262679,3680
2023-11-30,TLT,-0.89732653625270709,66
2023-11-30,USO,-0.74800889403310078,664
2023-11-30,UUP,-0.89995979445514851,1302
2023-12-01,GLD,2.1827663677327065,22
2023-12-01,SPY,-1.1619759177795574,4067
2023-12-01,TLT,0.24507878027986163,83
2023-12-01,USO,-0.84166217996702619,540
2023-12-01,UUP,-0.704078367608618,1220
2023-12-02,GLD,4.121932084559651,14
2023-12-02,SPY,-1.2455690489983902,1322
2023-12-02,TLT,0.49355563761916554,22
2023-12-02,USO,-0.582085355797794,253
2023-12-02,UUP,-0.66563361554289058,340
2023-12-03,GLD,1.5640446914050394,5
2023-12-03,SPY,-0.96983890057917488,693
2023-12-03,TLT,-1.0252049457224877,11
2023-12-03,USO,-0.48017680436933691,174
2023-12-03,UUP,-1.5468388056230233,375
2023-12-04,GLD,1.4077283037573958,65
2023-12-04,SPY,-0.80040661182900963,2983
2023-12-04,TLT,-0.670996466313982,70
2023-12-04,USO,-1.2211856021684615,564
2023-12-04,UUP,-0.76315439879447422,1262
2023-12-05,GLD,3.0618478493210839,34
2023-12-05,SPY,-1.2577290939349808,4235
2023-12-05,TLT,0.061343655091547628,101
2023-12-05,USO,-0.72869116115436838,647
2023-12-05,UUP,-1.1665275573452614,1178
2023-12-06,GLD,3.0455313772023338,32
2023-12-06,SPY,-0.81105630194918255,4588
2023-12-06,TLT,-0.00037466014316579407,90
2023-12-06,USO,-0.6006660165522878,785
2023-12-06,UUP,-0.79099271514216807,1277
2023-12-07,GLD,4.0842726230895652,22
2023-12-07,SPY,-0.94826312293668746,4192
2023-12-07,TLT,-0.28187630371057082,40
2023-12-07,USO,-0.91599479602504019,574
2023-12-07,UUP,-1.3723392451071645,1161
2023-12-08,GLD,4.9637429247861373,20
2023-12-08,SPY,-0.4230027426772634,3555
2023-12-08,TLT,0.72515477399605166,35
2023-12-08,USO,-0.84602230284240554,502
2023-12-08,UUP,-1.212446113848302,1639
2023-12-09,GLD,3.8069123082899741,12
2023-12-09,SPY,-0.73945297667001686,1153
2023-12-09,TLT,-0.15127119939363887,22
2023-12-09,USO,-0.504760578964279,308
2023-12-09,UUP,-1.8408616398486157,669
2023-12-10,GLD,4.5603848028225551,8
2023-12-10,SPY,-0.92125251216250326,971
2023-12-10,TLT,1.3952980252517913,18
2023-12-10,USO,0.12101454168294483,320
2023-12-10,UUP,-1.2096512980016496,295
2023-12-11,GLD,1.8795532082170237,26
2023-12-11,SPY,-0.42913817139310145,3480
2023-12-11,TLT,0.65213584396121971,65
2023-12-11,USO,0.47113304910562454,530
2023-12-11,UUP,-1.5444618498731906,1497
2023-12-12,GLD,4.2563479682930074,25
2023-12-12,SPY,-0.79523421771431113,4085
2023-12-12,TLT,0.50620393355652971,64
2023-12-12,USO,-0.16890321647422851,522
2023-12-12,UUP,-1.1407648600415767,2028
2023-12-13,GLD,2.1407315577318515,16
2023-12-13,SPY,-1.0993097301716208,4381
2023-12-13,TLT,0.63502102740742872,93
2023-12-13,USO,-0.43723392911022657,524
2023-12-13,UUP,-1.2806714381887441,2275
2023-12-14,GLD,2.4004141595064654,25
2023-12-14,SPY,-0.597765222734618,4978
2023-12-14,TLT,0.4248071440026786,138
2023-12-14,USO,-0.57612017286995909,522
2023-12-14,UUP,-0.84606786862972283,2783
2023-12-15,GLD,3.5584175501229494,23
2023-12-15,SPY,-0.33632390258958988,3575
2023-12-15,TLT,-0.25070229535895905,75
2023-12-15,USO,-0.55661802124685034,514
2023-12-15,UUP,-0.95321660316741419,1820
2023-12-16,GLD,4.8268806953460395,11
2023-12-16,SPY,-1.0354207276465739,1206
2023-12-16,TLT,1.2124337720467242,33
2023-12-16,USO,0.22152011850117181,284
2023-12-16,UUP,-1.5171702298211927,682
2023-12-17,GLD,1.3418522335319873,14
2023-12-17,SPY,-1.1888764655679329,933
2023-12-17,TLT,1.7437405862139661,19
2023-12-17,USO,2.0367832950117974,224
2023-12-17,UUP,-1.1914611806743247,440
2023-12-18,GLD,5.149730813748314,25
2023-12-18,SPY,-0.550429608002293,2988
2023-12-18,TLT,0.24238191748799587,62
2023-12-18,USO,-1.9262280333147765,557
2023-12-18,UUP,-1.10780604149247,1142
2023-12-19,GLD,7.6332662375595106,14
2023-12-19,SPY,-0.37763784574782366,3279
2023-12-19,TLT,-0.19555806454463251,82
2023-12-19,USO,-1.5968435455081624,560
2023-12-19,UUP,-1.1915210808463366,1422
2023-12-20,GLD,2.9629663914239219,25
2023-12-20,SPY,-0.719660380207749,3522
2023-12-20,TLT,1.0852965004372754,95
2023-12-20,USO,-0.9780234525065149,548
2023-12-20,UUP,-1.147326462758901,1191
2023-12-21,GLD,4.1103855815168968,19
2023-12-21,SPY,-0.89245067337495254,3679
2023-12-21,TLT,0.13513381299007476,88
2023-12-21,USO,-1.0299569947770422,622
2023-12-21,UUP,-1.5824333394124228,1299
2023-12-22,GLD,5.4739764661525223,16
2023-12-22,SPY,-0.7360339257757238,3286
2023-12-22,TLT,1.2856348746698241,85
2023-12-22,USO,-0.74078472269973261,480
2023-12-22,UUP,-0.98706357477002871,1297
2023-12-23,GLD,2.1892352298815139,41
2023-12-23,SPY,-1.2134767600653746,1166
2023-12-23,TLT,0.863669698568851,38
2023-12-23,USO,0.4352164824347789,274
2023-12-23,UUP,-1.6114620777280533,425
2023-12-24,GLD,2.1817541311440776,17
2023-12-24,SPY,-1.5967836413979632,773
2023-12-24,TLT,1.9039853272566032,10
2023-12-24,USO,0.9587342269154,170
2023-12-24,UUP,-0.36711377042050786,221
2023-12-25,GLD,2.6339616265546173,21
2023-12-25,SPY,-0.66016312832559476,936
2023-12-25,TLT,1.5584866465600493,19
2023-12-25,USO,0.4084015566637495,198
2023-12-25,UUP,-0.74267266554667288,285
2023-12-26,GLD,2.4203510554032337,15
2023-12-26,SPY,-1.1582431339980834,2084
2023-12-26,TLT,1.7104686926889621,41
2023-12-26,USO,-1.0040608369726054,327
2023-12-26,UUP,-0.071157790432664042,937
2023-12-27,GLD,3.2151810206124756,14
2023-12-27,SPY,-0.57112486468933765,3032
2023-12-27,TLT,0.6176546627228654,98
2023-12-27,USO,0.032884803111660005,614
2023-12-27,UUP,-0.61212965333661562,1236
2023-12-28,GLD,3.2172856666333214,21
2023-12-28,SPY,-0.53947690752236088,2792
2023-12-28,TLT,0.27942308493069495,80
2023-12-28,USO,-0.47163782489607131,417
2023-12-28,UUP,-0.95536627539342489,1016
2023-12-29,GLD,3.2843796446044973,29
2023-12-29,SPY,-0.77123626606772555,2921
2023-12-29,TLT,1.6062946038331405,82
2023-12-29,USO,-0.7689664644997789,458
2023-12-29,UUP,-0.91704910127851191,1005
2023-12-30,GLD,2.4616450989449783,17
2023-12-30,SPY,-0.87569211199957042,1008
2023-12-30,TLT,1.7449408412591445,38
2023-12-30,USO,-0.89376468331283276,259
2023-12-30,UUP,-1.1974198270721403,396
2023-12-31,GLD,3.7741982645885859,6
2023-12-31,SPY,-1.017226342481736,764
2023-12-31,TLT,2.4118617224372447,26
2023-12-31,USO,0.86073117920441022,179
2023-12-31,UUP,-1.0309842743293336,228
2024-01-01,GLD,5.17974198590044,7
2024-01-01,SPY,-0.96392044234477681,874
2024-01-01,TLT,2.6097512408460171,15
2024-01-01,USO,0.89655061955960647,311
2024-01-01,UUP,-1.3922410591197951,315
2024-01-02,GLD,0.98470352493740743,15
2024-01-02,SPY,-0.66197063356514774,2537
2024-01-02,TLT,0.79596675863658772,65
2024-01-02,USO,-0.13741903368596345,449
2024-01-02,UUP,-1.2465583844551789,947
2024-01-03,GLD,3.3488122955720048,20
2024-01-03,SPY,-1.1822730922663309,3297
2024-01-03,TLT,-0.26143716637202419,64
2024-01-03,USO,-1.0728949344795633,547
2024-01-03,UUP,-1.5502819339641363,1570
2024-01-04,GLD,2.76458485475041,17
2024-01-04,SPY,-1.2651626482339797,3367
2024-01-04,TLT,0.52484115501283612,58
2024-01-04,USO,-1.7045774303197332,705
2024-01-04,UUP,-1.5515781091890035,1496
2024-01-05,GLD,4.54807853185148,22
2024-01-05,SPY,-0.97669201834537434,3178
2024-01-05,TLT,-0.59179489547533048,83
2024-01-05,USO,-1.333794351993365,514
2024-01-05,UUP,-1.2569500130424613,1441
2024-01-06,GLD,5.2623660417180185,6
2024-01-06,SPY,-1.205884856087122,1102
2024-01-06,TLT,2.0122120037637425,26
2024-01-06,USO,0.25265087319370944,278
2024-01-06,UUP,-1.2077172457791698,405
2024-01-07,GLD,2.0208564484598717,3
2024-01-07,SPY,-1.7166401036899332,968
2024-01-07,TLT,0.99088158550481653,14
2024-01-07,USO,-0.16370784915030323,156
2024-01-07,UUP,-1.3533458074229736,284
2024-01-08,GLD,1.7978045188528942,17
2024-01-08,SPY,-1.193364231077132,3128
2024-01-08,TLT,0.52108756279286872,89
2024-01-08,USO,-2.5813039324953198,537
2024-01-08,UUP,-1.1091136323639241,1100
2024-01-09,GLD,5.1860670781595752,15
2024-01-09,SPY,-1.255363241153217,3577
2024-01-09,TLT,1.1636857670839778,96
2024-01-09,USO,-0.96800327159239941,536
2024-01-09,UUP,-1.4659604786447815,1082
2024-01-10,GLD,4.2811849469970511,17
2024-01-10,SPY,-0.33653589494329816,3950
2024-01-10,TLT,1.3601381933123693,66
2024-01-10,USO,-0.85228984038056566,526
2024-01-10,UUP,-1.6796776733874146,998
2024-01-11,GLD,2.6130118070050279,20
2024-01-11,SPY,-0.62757997166319845,3417
2024-01-11,TLT,0.58853799809876306,94
2024-01-11,USO,-0.903441611096047,436
2024-01-11,UUP,-1.2146950383393156,1560
2024-01-12,GLD,4.1646144368554641,17
2024-01-12,SPY,-0.79539106274450022,3256
2024-01-12,TLT,0.74333376729762035,64
2024-01-12,USO,-1.6745994189231088,787
2024-01-12,UUP,-1.6391524530553925,1105
2024-01-13,GLD,2.5940712249310645,28
2024-01-13,SPY,-0.41986514984521306,1056
2024-01-13,TLT,1.8408646064522902,26
2024-01-13,USO,-0.63687881043345662,226
2024-01-13,UUP,-1.0243882261019706,331
2024-01-14,GLD,2.9097480739126915,10
2024-01-14,SPY,-0.46670874289588349,865
2024-01-14,TLT,1.3970749216037708,12
2024-01-14,USO,1.0343963296574339,209
2024-01-14,UUP,-1.470699226307391,243
2024-01-15,GLD,6.5849766803171521,15
2024-01-15,SPY,-0.38296771811125074,2289
2024-01-15,TLT,0.41488041389845975,100
2024-01-15,USO,0.34909914501682915,416
2024-01-15,UUP,-1.7615053189659258,738
2024-01-16,GLD,1.879466288339567,28
2024-01-16,SPY,-0.841621112658412,3115
2024-01-16,TLT,0.037984568055948284,93
2024-01-16,USO,-0.7347998741679781,483
2024-01-16,UUP,-1.6126073082709731,1057
2024-01-17,GLD,4.6034581812760731,23
2024-01-17,SPY,-0.88717507700585352,3385
2024-01-17,TLT,0.80130205907241969,99
2024-01-17,USO,-0.20350559233425364,493
2024-01-17,UUP,-1.337620088252425,1476
2024-01-18,GLD,2.8084113919406568,13
2024-01-18,SPY,-0.87647976135625616,3176
2024-01-18,TLT,0.512512716573416,92
2024-01-18,USO,-0.17191482662837787,791
2024-01-18,UUP,-1.4110851121713803,1245
2024-01-19,GLD,6.4462174440886315,11
2024-01-19,SPY,-0.473040740079616,3375
2024-01-19,TLT,0.72844710549880509,56
2024-01-19,USO,-0.446219019526105,639
2024-01-19,UUP,-1.2139643187723712,1341
2024-01-20,GLD,1.63962693785833,6
2024-01-20,SPY,-0.57835251573198843,1013
2024-01-20,TLT,1.3463677231592008,21
2024-01-20,USO,-0.29581173281565304,305
2024-01-20,UUP,-0.95646748845091478,378
2024-01-21,GLD,1.0997651304288834,9
2024-01-21,SPY,-1.2823739191649421,914
2024-01-21,TLT,1.2922516217005406,12
2024-01-21,USO,0.27659736502507093,246
2024-01-21,UUP,-1.2651431337735832,278
2024-01-22,GLD,4.3316191172639575,17
2024-01-22,SPY,-0.60745809493507907,3154
2024-01-22,TLT,-0.20851389260158437,95
2024-01-22,USO,-0.43203387440565094,473
2024-01-22,UUP,-1.0240784951157706,1004
2024-01-23,GLD,2.2139148592353655,21
2024-01-23,SPY,-0.2366923582587854,3772
2024-01-23,TLT,1.1140947877202079,118
2024-01-23,USO,0.091694933913930479,554
2024-01-23,UUP,-0.88132302181421673,982
2024-01-24,GLD,2.7535085049198433,26
2024-01-24,SPY,-0.070627260153682508,3664
2024-01-24,TLT,1.676460518467527,60
2024-01-24,USO,-0.214147331564113,498
2024-01-24,UUP,-0.74511863613173479,878
2024-01-25,GLD,1.3631641030329775,23
2024-01-25,SPY,-0.67196107490574974,4037
2024-01-25,TLT,0.519715216115568,61
2024-01-25,USO,0.16285970084674925,485
2024-01-25,UUP,-0.67964577850974872,1263
2024-01-26,GLD,4.498871201983806,14
2024-01-26,SPY,-1.1111988245463096,3781
2024-01-26,TLT,2.1777313273156422,83
2024-01-26,USO,-0.43652903177203872,506
2024-01-26,UUP,-0.72622147278074789,1130
2024-01-27,GLD,3.302434068383147,10
2024-01-27,SPY,-0.65998882973480533,1121
2024-01-27,TLT,2.435642956993556,42
2024-01-27,USO,-0.23047243600649567,234
2024-01-27,UUP,-1.0415242073391837,335
2024-01-28,GLD,-0.11977647818099069,6
2024-01-28,SPY,-1.3047670370094977,981
2024-01-28,TLT,3.5917222645969988,20
2024-01-28,USO,-0.33006091488392,158
2024-01-28,UUP,-0.86627385238681132,222
2024-01-29,GLD,3.5880173850928236,16
2024-01-29,SPY,-1.5873405806651497,3737
2024-01-29,TLT,-0.48341121625723205,91
2024-01-29,USO,-1.2024239357540352,435
2024-01-29,UUP,-0.95021387076954877,955
2024-01-30,GLD,3.7258283402540231,17
2024-01-30,SPY,-0.82729295985688145,4190
2024-01-30,TLT,1.5959007448903111,84
2024-01-30,USO,-0.801020434387913,559
2024-01-30,UUP,-1.0478512223558667,1212
2024-01-31,GLD,4.6799790048991436,23
2024-01-31,SPY,-0.61285962961372376,4521
2024-01-31,TLT,0.51635573709895832,77
2024-01-31,USO,-0.90749043474760327,687
2024-01-31,UUP,-0.9049192737140398,1815
2024-02-01,GLD,4.6246090074407284,13
2024-02-01,SPY,-0.78424459785338363,4022
2024-02-01,TLT,1.1333214401739138,76
2024-02-01,USO,-0.53610873013429761,472
2024-02-01,UUP,-1.4702930831660939,1716
2024-02-02,GLD,5.9225970519040247,18
2024-02-02,SPY,-0.92498996493975416,4287
2024-02-02,TLT,1.3653468923471628,74
2024-02-02,USO,-0.74135923603453013,388
2024-02-02,UUP,-0.98580626132285465,1595
2024-02-03,GLD,5.32133313240908,8
2024-02-03,SPY,-0.43925892237824948,1181
2024-02-03,TLT,2.9180669816526437,23
2024-02-03,USO,-0.32245061969709632,191
2024-02-03,UUP,-1.0666274157323041,475
2024-02-04,GLD,0.95173738761415561,7
2024-02-04,SPY,-0.97557437086921284,1361
2024-02-04,TLT,1.8212702569235628,21
2024-02-04,USO,0.36889440217209507,212
2024-02-04,UUP,-0.81384320946031685,235
2024-02-05,GLD,3.2180538313964706,17
2024-02-05,SPY,-0.48332076363012411,3462
2024-02-05,TLT,1.5466348882228349,79
2024-02-05,USO,-0.20433839390054664,611
2024-02-05,UUP,-1.0136378167930704,1416
2024-02-06,GLD,4.50501268585262,15
2024-02-06,SPY,-0.25239797529431285,4136
2024-02-06,TLT,1.3697163975604303,104
2024-02-06,USO,-0.62166164019901626,417
2024-02-06,UUP,-1.4095966484273048,1231
2024-02-07,GLD,4.4742900003741894,19
2024-02-07,SPY,-0.38842748050313824,3950
2024-02-07,TLT,0.823323806602539,84
2024-02-07,USO,-0.65197166633064951,549
2024-02-07,UUP,-1.0961673764858866,962
2024-02-08,GLD,2.6265988927723316,32
2024-02-08,SPY,-0.25984338845537314,3816
2024-02-08,TLT,0.84648979572531169,69
2024-02-08,USO,-0.6301401417908773,768
2024-02-08,UUP,-1.2785898015145643,852
2024-02-09,GLD,4.1434243003654379,12
2024-02-09,SPY,-0.8210736877607876,4431
2024-02-09,TLT,0.91254013719917682,75
2024-02-09,USO,-0.87938470355544074,512
2024-02-09,UUP,-0.65784717224719,1001
2024-02-10,GLD,2.3475885104949024,5
2024-02-10,SPY,-0.383397537980383,1189
2024-02-10,TLT,1.5246330054359325,36
2024-02-10,USO,0.68278058181029921,371
2024-02-10,UUP,-0.45367093444249285,391
2024-02-11,GLD,5.8472841976356422,6
2024-02-11,SPY,-0.80405041767083874,1139
2024-02-11,TLT,2.7551740559732503,20
2024-02-11,USO,0.12832660226038997,240
2024-02-11,UUP,-1.4556066630207773,235
2024-02-12,GLD,5.0151358849023238,13
2024-02-12,SPY,-0.18977156612464566,2925
2024-02-12,TLT,1.7155684402047036,110
2024-02-12,USO,-1.1292449708183758,523
2024-02-12,UUP,-1.2707061623860365,1019
2024-02-13,GLD,3.6873528646199891,22
2024-02-13,SPY,-0.69114501295534725,3910
2024-02-13,TLT,0.29593819852289271,104
2024-02-13,USO,-1.0399737576314885,540
2024-02-13,UUP,-1.1766266658599256,1589
2024-02-14,GLD,4.766984802615192,18
2024-02-14,SPY,-0.894420886836963,4365
2024-02-14,TLT,0.84022566292074674,78
2024-02-14,USO,-0.66594312619694951,603
2024-02-14,UUP,-1.2524123162705134,1156
2024-02-15,GLD,3.4067027867614645,18
2024-02-15,SPY,-0.31816557377047394,3708
2024-02-15,TLT,0.746606632088876,101
2024-02-15,USO,-1.2987980691178538,582
2024-02-15,UUP,-1.2653172467406362,1273
2024-02-16,GLD,3.3205964390044391,15
2024-02-16,SPY,-0.50834547638438987,3644
2024-02-16,TLT,0.90050759184845275,58
2024-02-16,USO,-0.80882556502889491,477
2024-02-16,UUP,-1.2207086600854233,1211
2024-02-17,SPY,-1.1975500707966513,1351
2024-02-17,TLT,1.8233984261614873,28
2024-02-17,USO,-0.031811603686144954,311
2024-02-17,UUP,-1.3128212240892412,265
2024-02-18,GLD,4.8835718652234483,6
2024-02-18,SPY,-0.6320660441067053,858
2024-02-18,TLT,2.8837953544702986,14
2024-02-18,USO,1.3091858815440338,348
2024-02-18,UUP,-0.8178571116964064,290
2024-02-19,GLD,3.0032561949845036,10
2024-02-19,SPY,-0.19933516250463093,2162
2024-02-19,TLT,1.6307345492888097,75
2024-02-19,USO,-0.13429902667546093,492
2024-02-19,UUP,-1.3521352391955808,628
2024-02-20,GLD,1.8664156636646039,31
2024-02-20,SPY,-0.4390109678371063,3658
2024-02-20,TLT,1.3228711912597031,85
2024-02-20,USO,0.050829310391359614,682
2024-02-20,UUP,-0.399101608256502,1078
2024-02-21,GLD,3.9119169720945925,27
2024-02-21,SPY,-0.63584126352865555,3843
2024-02-21,TLT,1.686563408157193,82
2024-02-21,USO,0.060771036888396628,771
2024-02-21,UUP,-0.9825465244709235,1202
2024-02-22,GLD,2.7211060521119417,38
2024-02-22,SPY,0.041228702664266523,3915
2024-02-22,TLT,1.239403683091914,90
2024-02-22,USO,-1.1814525024811153,528
2024-02-22,UUP,-1.1088551878086694,1184
2024-02-23,GLD,4.2166565653136185,24
2024-02-23,SPY,0.058899960749925762,3792
2024-02-23,TLT,2.2375257277858367,160
2024-02-23,USO,-0.81137815512872713,571
2024-02-23,UUP,-0.94851316607756819,771
2024-02-24,GLD,3.1426232722015546,19
2024-02-24,SPY,-0.020949023976634305,1195
2024-02-24,TLT,2.0738204686199326,33
2024-02-24,USO,-1.7329554645462419,269
2024-02-24,UUP,-0.86487736788833747,271
2024-02-25,GLD,7.4374143338337859,10
2024-02-25,SPY,-0.37876030349496786,881
2024-02-25,TLT,3.2481276262897807,38
2024-02-25,USO,0.11950218962644653,249
2024-02-25,UUP,-1.0000967553336861,371
2024-02-26,GLD,7.9815717380072533,13
2024-02-26,SPY,-0.62993425863119834,3596
2024-02-26,TLT,2.2720878651594281,230
2024-02-26,USO,-0.56555206016453208,435
2024-02-26,UUP,-1.0751550482858359,1185
2024-02-27,GLD,2.9535729130259023,18
2024-02-27,SPY,-0.13732798786561917,3738
2024-02-27,TLT,2.3153704688904475,159
2024-02-27,USO,-0.79259537076261422,597
2024-02-27,UUP,-0.71302191838049556,977
2024-02-28,GLD,3.1582042839855582,15
2024-02-28,SPY,-0.252827394464096,3897
2024-02-28,TLT,1.5320725051180766,173
2024-02-28,USO,-0.59693839194766685,601
2024-02-28,UUP,-0.94425569500439377,951
2024-02-29,GLD,3.5206436534400547,22
2024-02-29,SPY,-0.3836159750956587,3545
2024-02-29,TLT,1.1327906734420918,129
2024-02-29,USO,-0.44077735053457379,603
2024-02-29,UUP,-0.97880168868700057,1382
2024-03-01,GLD,4.3880252894949709,20
2024-03-01,SPY,-0.042599692290264682,3373
2024-03-01,TLT,2.6579336898030745,173
2024-03-01,USO,-0.16318468565690966,874
2024-03-01,UUP,-0.76009089197103852,1028
2024-03-02,GLD,2.543132732393357,23
2024-03-02,SPY,0.092947749857730549,1258
2024-03-02,TLT,2.3615842877095297,55
2024-03-02,USO,0.21813237820225831,346
2024-03-02,UUP,-2.2669939563866244,366
2024-03-03,GLD,3.395539459327706,8
2024-03-03,SPY,-0.17396099135256593,846
2024-03-03,TLT,1.1061022173524733,16
2024-03-03,USO,-0.033999150023909158,341
2024-03-03,UUP,-0.92681770568764055,212
2024-03-04,GLD,5.3957472820953027,26
2024-03-04,SPY,-0.22235162240991657,3280
2024-03-04,TLT,1.0445033683165703,148
2024-03-04,USO,0.21651858165382165,577
2024-03-04,UUP,-0.70101325584526242,807
2024-03-05,GLD,2.0996521656602121,42
2024-03-05,SPY,-0.56360289830128041,4068
2024-03-05,TLT,0.44888199499292492,103
2024-03-05,USO,-0.72096587694677816,528
2024-03-05,UUP,-1.0411119950225205,1232
2024-03-06,GLD,3.5950443258480913,40
2024-03-06,SPY,-0.601244651649378,4120
2024-03-06,TLT,0.82312770532337753,106
2024-03-06,USO,-0.20638850393958486,713
2024-03-06,UUP,-1.2487602431510758,1676
2024-03-07,GLD,3.3035944064954643,31
2024-03-07,SPY,-0.53520274233250642,3888
2024-03-07,TLT,0.74279372170021873,90
2024-03-07,USO,0.02472322034660708,651
2024-03-07,UUP,-1.039894313905221,1465
2024-03-08,GLD,3.0464746238922307,48
2024-03-08,SPY,-0.20611591132129561,3789
2024-03-08,TLT,1.42845286658582,102
2024-03-08,USO,-0.18738308893017044,514
2024-03-08,UUP,-0.95339232320874168,1418
2024-03-09,GLD,3.2756237252092033,12
2024-03-09,SPY,-0.70409438002306368,1381
2024-03-09,TLT,3.1361040442826411,55
2024-03-09,USO,-0.38388770477008621,346
2024-03-09,UUP,-0.50510099834089173,526
2024-03-10,GLD,2.425112998899368,6
2024-03-10,SPY,-0.97359500721504633,1304
2024-03-10,TLT,1.0678680591351537,12
2024-03-10,USO,0.67088359281183874,341
2024-03-10,UUP,-0.9452468670278622,225
2024-03-11,GLD,2.7437776039428794,44
2024-03-11,SPY,-0.49689158202638256,3314
2024-03-11,TLT,1.5036830679500182,80
2024-03-11,USO,-0.27909791042619825,553
2024-03-11,UUP,-0.87617215838396678,1157
2024-03-12,GLD,2.1154956398536386,37
2024-03-12,SPY,-0.98033039459656068,3596
2024-03-12,TLT,1.4750257968364084,82
2024-03-12,USO,0.57164000504853218,567
2024-03-12,UUP,-1.2082745653072553,1594
2024-03-13,GLD,1.6426505927046391,26
2024-03-13,SPY,-0.49428973278791355,3593
2024-03-13,TLT,1.1568162537069446,66
2024-03-13,USO,-0.51394392472231276,632
2024-03-13,UUP,-1.2940968152479833,1051
2024-03-14,GLD,4.1149185244271322,23
2024-03-14,SPY,-0.69395179016581177,3308
2024-03-14,TLT,0.71219352611605891,79
2024-03-14,USO,0.93254249287997126,749
2024-03-14,UUP,-1.6383982076233685,1199
2024-03-15,GLD,3.7144349812674942,25
2024-03-15,SPY,-0.876270499117479,3228
2024-03-15,TLT,1.0600084455826453,75
2024-03-15,USO,-1.1048077846464806,709
2024-03-15,UUP,-1.6174154388995923,1185
2024-03-16,GLD,3.1329644358813056,18
2024-03-16,SPY,-0.91913282621660264,1168
2024-03-16,TLT,2.067204013735815,35
2024-03-16,USO,-0.0567059552863346,256
2024-03-16,UUP,-1.5143752860865005,217
2024-03-17,GLD,2.9023714929760169,10
2024-03-17,SPY,-0.64440295484038623,828
2024-03-17,TLT,2.0374902827841526,16
2024-03-17,USO,0.448376666939701,306
2024-03-17,UUP,-1.6544332894937368,245
2024-03-18,GLD,4.5501927076402788,28
2024-03-18,SPY,-0.70382575293693772,3096
2024-03-18,TLT,1.193874902161586,103
2024-03-18,USO,-1.43994520463383,771
2024-03-18,UUP,-1.4053764020753856,1278
2024-03-19,GLD,2.9106568929215877,67
2024-03-19,SPY,-0.25535596074846867,3229
2024-03-19,TLT,1.6810921678886803,92
2024-03-19,USO,-0.37042170558081022,536
2024-03-19,UUP,-1.3161945790788903,1245
2024-03-20,GLD,3.966802230794646,34
2024-03-20,SPY,-0.29882993986785622,3468
2024-03-20,TLT,0.99261669516463225,97
2024-03-20,USO,-0.48105237288092784,579
2024-03-20,UUP,-1.1594136113791496,2049
2024-03-21,GLD,2.733763230316431,65
2024-03-21,SPY,-0.45912180148450621,4143
2024-03-21,TLT,1.7408182471546165,68
2024-03-21,USO,0.1586451805905639,532
2024-03-21,UUP,-0.93977509823994765,1999
2024-03-22,GLD,1.949581437843283,34
2024-03-22,SPY,-0.35854862389629172,3265
2024-03-22,TLT,1.3150062362833459,56
2024-03-22,USO,-1.6253152381362739,641
2024-03-22,UUP,-0.59711336756630029,1010
2024-03-23,GLD,4.9185324028299817,11
2024-03-23,SPY,-0.552009759122192,1053
2024-03-23,TLT,1.9937057378671381,40
2024-03-23,USO,1.0668616726184166,250
2024-03-23,UUP,-0.41279285576929192,224
2024-03-24,GLD,3.1754496007191748,17
2024-03-24,SPY,-0.45568744635387848,932
2024-03-24,TLT,3.3716727036183967,44
2024-03-24,USO,0.26373159465504692,275
2024-03-24,UUP,-0.63024746791639119,213
2024-03-25,GLD,5.9940710008836557,19
2024-03-25,SPY,-0.62384780926504524,3304
2024-03-25,TLT,0.90030369206745464,59
2024-03-25,USO,-0.43537210267744542,440
2024-03-25,UUP,-0.957944957171439,793
2024-03-26,GLD,5.9330959367103233,20
2024-03-26,SPY,-1.2592326990630169,4061
2024-03-26,TLT,1.3904350610980285,65
2024-03-26,USO,-0.63176291785507277,470
2024-03-26,UUP,-0.77145285018832443,826
2024-03-27,GLD,4.1557866306951743,26
2024-03-27,SPY,-0.42450276028890438,3385
2024-03-27,TLT,0.13484439993909961,148
2024-03-27,USO,-0.70828223224616682,680
2024-03-27,UUP,-0.7748803263536409,909
2024-03-28,GLD,4.1052462302085226,45
2024-03-28,SPY,-0.420797825230928,3395
2024-03-28,TLT,1.866871328010336,59
2024-03-28,USO,-0.22692197432455438,520
2024-03-28,UUP,-0.92148529455947759,1217
2024-03-29,GLD,6.3567089215138717,18
2024-03-29,SPY,-1.3132111458973119,2501
2024-03-29,TLT,1.9304244989080188,32
2024-03-29,USO,-0.29813522911918661,527
2024-03-29,UUP,-0.94643373840082867,883
2024-03-30,GLD,2.6312338820474213,8
2024-03-30,SPY,-0.96466645694061814,849
2024-03-30,TLT,3.4945330932320586,38
2024-03-30,USO,-0.27562690590310251,307
2024-03-30,UUP,-1.9159533070687702,279
2024-03-31,GLD,6.6004168488819346,15
2024-03-31,SPY,-0.96870169147960561,726
2024-03-31,TLT,3.6929229450741823,22
2024-03-31,USO,0.3282366666248826,280
2024-03-31,UUP,-0.87467676530282212,224
2024-04-01,GLD,4.0781902758814734,52
2024-04-01,SPY,-0.3825911556239236,1958
2024-04-01,TLT,2.177074732378554,29
2024-04-01,USO,-0.22030607440556876,406
2024-04-01,UUP,-0.36364479257132709,933
2024-04-02,GLD,3.0093021665118145,39
2024-04-02,SPY,-0.83887931091438861,4147
2024-04-02,TLT,0.36187684318895397,72
2024-04-02,USO,-0.51544470576919754,754
2024-04-02,UUP,-1.2624238107052359,1190
2024-04-03,GLD,2.3618800465235474,39
2024-04-03,SPY,-0.66988478173525967,3748
2024-04-03,TLT,0.1414922721488015,96
2024-04-03,USO,-0.90606139581790135,731
2024-04-03,UUP,-1.3885536537131462,1533
2024-04-04,GLD,2.1254749579536583,58
2024-04-04,SPY,-0.15538597997695619,3207
2024-04-04,TLT,0.87147044508366789,66
2024-04-04,USO,-0.77267546487557981,604
2024-04-04,UUP,-1.0867085319210499,1306
2024-04-05,GLD,3.76488290921559,28
2024-04-05,SPY,-0.76534912139559164,3661
2024-04-05,TLT,0.85607313709977106,71
2024-04-05,USO,-1.762585600344422,533
2024-04-05,UUP,-1.4988721469808419,1681
2024-04-06,GLD,3.1466853994724762,18
2024-04-06,SPY,-0.6759910668630954,1297
2024-04-06,TLT,3.2564128652149011,21
2024-04-06,USO,-0.39761298882116269,362
2024-04-06,UUP,-0.97141887183789943,349
2024-04-07,GLD,2.6690958558367446,20
2024-04-07,SPY,-0.292759101158544,1265
2024-04-07,TLT,0.9769552810437464,24
2024-04-07,USO,-0.796473010499023,258
2024-04-07,UUP,-0.91119486503437686,340
2024-04-08,GLD,3.7451657910673593,50
2024-04-08,SPY,-0.36687876542842934,3438
2024-04-08,TLT,1.8252069931383632,105
2024-04-08,USO,-0.095498766774546343,642
2024-04-08,UUP,-1.1239333462249346,1057
2024-04-09,GLD,3.6716481950324549,35
2024-04-09,SPY,-0.44256398063409108,3154
2024-04-09,TLT,1.0456922716574468,89
2024-04-09,USO,-0.32044721747652294,673
2024-04-09,UUP,-1.1079993783349407,1015
2024-04-10,GLD,2.0695557366261284,41
2024-04-10,SPY,-0.422969540916348,3259
2024-04-10,TLT,0.49017418268434609,101
2024-04-10,USO,-0.68234410594935935,494
2024-04-10,UUP,-1.3806579445648304,1968
2024-04-11,GLD,3.7991634115114254,17
2024-04-11,SPY,-0.91570164809587462,3141
2024-04-11,TLT,1.9290603340451551,174
2024-04-11,USO,-0.94953024873869862,654
2024-04-11,UUP,-1.1490152976814278,1817
2024-04-12,GLD,2.0517206230682796,50
2024-04-12,SPY,-1.1052264243599581,3137
2024-04-12,TLT,0.77370245617151945,120
2024-04-12,USO,-0.48507828206611769,640
2024-04-12,UUP,-1.7560061020095912,1576
2024-04-13,GLD,2.37291149957297,26
2024-04-13,SPY,-1.2928201109483664,1368
2024-04-13,TLT,0.95743808922793927,55
2024-04-13,USO,-0.58056817099154334,292
2024-04-13,UUP,-2.5179458271851551,327
2024-04-14,GLD,5.7536582429173073,17
2024-04-14,SPY,-1.3385083399587088,852
2024-04-14,TLT,3.0180838627700597,27
2024-04-14,USO,-1.4631978954618345,242
2024-04-14,UUP,-1.8510094512548465,233
2024-04-15,GLD,1.8568503346133323,33
2024-04-15,SPY,-1.5767476294305207,3367
2024-04-15,TLT,-0.22754374598039662,107
2024-04-15,USO,-2.1897995665615158,641
2024-04-15,UUP,-1.9449145169754842,920
2024-04-16,GLD,3.8077551307314286,34
2024-04-16,SPY,-1.2903929525545241,3895
2024-04-16,TLT,0.089253603518845509,95
2024-04-16,USO,-1.0471088131893624,667
2024-04-16,UUP,-1.7807593703039006,1356
2024-04-17,GLD,3.9425501725625622,24
2024-04-17,SPY,-0.99701116553678759,3419
2024-04-17,TLT,0.47988558957597494,76
2024-04-17,USO,-0.7722132027691877,574
2024-04-17,UUP,-2.3630749322402669,1310
2024-04-18,GLD,4.181408124334447,28
2024-04-18,SPY,-0.9332491483899843,3674
2024-04-18,TLT,0.79329146690021812,80
2024-04-18,USO,-0.86632733707701737,548
2024-04-18,UUP,-1.5640779695112847,1261
2024-04-19,GLD,2.8449405321674606,30
2024-04-19,SPY,-1.1778415591262963,3473
2024-04-19,TLT,-0.53591995475184362,87
2024-04-19,USO,-1.1760951064241305,709
2024-04-19,UUP,-2.2728433153809986,1090
2024-04-20,GLD,4.5226229602950445,32
2024-04-20,SPY,-1.3480050474320544,1104
2024-04-20,TLT,0.86834477690274237,22
2024-04-20,USO,-1.588355169840912,415
2024-04-20,UUP,-1.5643661767228196,245
2024-04-21,GLD,2.50443986358819,13
2024-04-21,SPY,-0.95941372453485485,890
2024-04-21,TLT,2.4550835150964843,25
2024-04-21,USO,-0.64140915160485812,243
2024-04-21,UUP,-1.7118937950829709,208
2024-04-22,GLD,1.2164531784548576,49
2024-04-22,SPY,-0.86967049505377336,2784
2024-04-22,TLT,1.8682426816207494,69
2024-04-22,USO,-0.66011830313436481,548
2024-04-22,UUP,-1.4008765031714323,895
2024-04-23,GLD,2.4847901597168791,29
2024-04-23,SPY,-0.46361468944388534,3803
2024-04-23,TLT,2.23868773444029,83
2024-04-23,USO,0.014654170805039172,484
2024-04-23,UUP,-1.0233991117553656,1126
2024-04-24,GLD,3.7622115280083479,31
2024-04-24,SPY,-0.21158481718874006,3636
2024-04-24,TLT,1.6785796869024234,61
2024-04-24,USO,0.1356846332121088,547
2024-04-24,UUP,-1.3370220051235979,974
2024-04-25,GLD,1.7131454706601068,30
2024-04-25,SPY,-0.57699306107059767,3642
2024-04-25,TLT,-0.18719368443665052,62
2024-04-25,USO,-0.7323376150714076,565
2024-04-25,UUP,-1.3891497214147148,1152
2024-04-26,GLD,3.2894650661016129,23
2024-04-26,SPY,-0.30231419360761114,4049
2024-04-26,TLT,0.62245684722918071,97
2024-04-26,USO,0.4695091421525539,572
2024-04-26,UUP,-1.000986096341151,1432
2024-04-27,GLD,6.2151430837418253,12
2024-04-27,SPY,-2.0480784572352966,1823
2024-04-27,TLT,3.8170719825557882,29
2024-04-27,USO,0.059225832051598627,224
2024-04-27,UUP,-0.88035786114833625,266
2024-04-28,GLD,3.9172556778076211,11
2024-04-28,SPY,-2.2568020222649405,1200
2024-04-28,TLT,2.0011054094013869,31
2024-04-28,USO,0.36790102243845019,323
2024-04-28,UUP,-1.1830611562289617,309
2024-04-29,GLD,4.5135420469446643,21
2024-04-29,SPY,-0.86842920607644292,3351
2024-04-29,TLT,1.7810560001989462,77
2024-04-29,USO,0.54098311396086507,521
2024-04-29,UUP,-0.99268799007113,1155
2024-04-30,GLD,4.3442674694622729,24
2024-04-30,SPY,-0.24776209845639358,3461
2024-04-30,TLT,1.8289029371826575,90
2024-04-30,USO,0.8111083141355816,695
2024-04-30,UUP,-0.82223466391616229,1264
2024-05-01,GLD,3.5848001755942156,30
2024-05-01,SPY,-0.41479389913306297,2838
2024-05-01,TLT,1.0963836438861776,37
2024-05-01,USO,-0.054887678772479589,598
2024-05-01,UUP,-1.2135313779010144,1881
2024-05-02,GLD,3.3458398620796919,28
2024-05-02,SPY,-0.92072497899164252,3428
2024-05-02,TLT,2.0777795997718203,108
2024-05-02,USO,-0.36858351442839671,488
2024-05-02,UUP,-1.3385239399028674,1771
2024-05-03,GLD,4.2377280019996046,18
2024-05-03,SPY,-1.0282364028410107,3900
2024-05-03,TLT,-0.3794906613159349,232
2024-05-03,USO,0.41121060945580845,499
2024-05-03,UUP,-1.1018670451702384,1594
2024-05-04,GLD,4.8942304162161907,14
2024-05-04,SPY,-1.4337333793766665,1223
2024-05-04,TLT,0.95583180085040287,72
2024-05-04,USO,-0.096621710156609378,233
2024-05-04,UUP,-1.0638673836826993,361
2024-05-05,GLD,3.5488601608039954,7
2024-05-05,SPY,-0.58751957585389925,952
2024-05-05,TLT,3.2104913372047594,57
2024-05-05,USO,-0.066843564218149187,492
2024-05-05,UUP,-0.63156932534565691,313
2024-05-06,GLD,2.7219471392406742,42
2024-05-06,SPY,-0.64967726721255659,2821
2024-05-06,TLT,2.7036182777582565,129
2024-05-06,USO,-1.4724470989209943,500
2024-05-06,UUP,-0.76329400316975782,1122
2024-05-07,GLD,5.9312891627540036,20
2024-05-07,SPY,-0.541322712114102,3764
2024-05-07,TLT,2.118806608000948,111
2024-05-07,USO,-0.30413247878302224,533
2024-05-07,UUP,-0.74509640841395453,1015
2024-05-08,GLD,3.6503514672547834,29
2024-05-08,SPY,-0.44646223764494525,3294
2024-05-08,TLT,1.4178528910898993,86
2024-05-08,USO,-0.40501126061320286,487
2024-05-08,UUP,-1.3498725361154791,936
2024-05-09,GLD,3.1109598392606443,34
2024-05-09,SPY,-0.34862440964121111,3072
2024-05-09,TLT,1.5524616570913465,111
2024-05-09,USO,-0.32964875297943358,622
2024-05-09,UUP,-1.1550482969579818,971
2024-05-10,GLD,5.4879192648359929,30
2024-05-10,SPY,-0.77194936277472692,3215
2024-05-10,TLT,1.9743434770447514,148
2024-05-10,USO,-0.37400434824476547,544
2024-05-10,UUP,-1.0749353857634083,900
2024-05-11,GLD,6.6753985713594641,9
2024-05-11,SPY,-0.0012820398568059305,1006
2024-05-11,TLT,2.31981921621081,29
2024-05-11,USO,-0.53914042279121333,324
2024-05-11,UUP,-1.6284312314669278,264
2024-05-12,GLD,6.61684098956085,7
2024-05-12,SPY,0.0075345643675465909,942
2024-05-12,TLT,2.0125557851258278,19
2024-05-12,USO,-0.36784262372697463,220
2024-05-12,UUP,-0.42925801959908028,245
2024-05-13,GLD,3.4503131829003819,29
2024-05-13,SPY,-0.26278738554989017,3112
2024-05-13,TLT,1.4828837981017609,68
2024-05-13,USO,-0.46040735819917367,445
2024-05-13,UUP,-1.49781940777079,1059
2024-05-14,GLD,3.4014389188834846,36
2024-05-14,SPY,-0.53732665733212537,3146
2024-05-14,TLT,1.6241612458854529,90
2024-05-14,USO,0.1932979559527486,524
2024-05-14,UUP,-0.9634010763403924,1207
2024-05-15,GLD,4.7880222684574623,24
2024-05-15,SPY,-0.62827438711617678,3652
2024-05-15,TLT,1.7163948785846113,82
2024-05-15,USO,0.40288391281801561,596
2024-05-15,UUP,-0.98727159169943657,1845
2024-05-16,GLD,4.4011979168939384,23
2024-05-16,SPY,0.01072152673611973,3737
2024-05-16,TLT,0.71661268530350375,65
2024-05-16,USO,-0.091003396766102626,441
2024-05-16,UUP,-0.82229473225804051,1828
2024-05-17,GLD,3.3505770164937014,34
2024-05-17,SPY,-0.13030769975505235,2961
2024-05-17,TLT,0.89890565800821642,65
2024-05-17,USO,-0.22354193674131587,505
2024-05-17,UUP,-0.63217770821223362,1184
2024-05-18,GLD,6.1513167804036151,7
2024-05-18,SPY,-0.098648534056979292,1083
2024-05-18,TLT,0.56174908223722486,10
2024-05-18,USO,-0.30569433322086481,272
2024-05-18,UUP,-0.61326458503116232,373
2024-05-19,GLD,10.383481852969517,4
2024-05-19,SPY,-0.099022308010670579,784
2024-05-19,TLT,1.1011024925468129,14
2024-05-19,USO,0.35507746319467359,246
2024-05-19,UUP,-1.0257680890087273,305
2024-05-20,GLD,2.4531051035121845,31
2024-05-20,SPY,-0.600231689675815,2773
2024-05-20,TLT,1.08694740661451,48
2024-05-20,USO,-0.1154068382937857,422
2024-05-20,UUP,-1.0229353822370082,984
2024-05-21,GLD,4.160820713910975,35
2024-05-21,SPY,-0.30989936867178014,3178
2024-05-21,TLT,0.2802069940943599,61
2024-05-21,USO,-0.8764698825945002,434
2024-05-21,UUP,-0.66452472213097014,1098
2024-05-22,GLD,5.2747432532460055,14
2024-05-22,SPY,-0.23522654391543119,3060
2024-05-22,TLT,-0.87054938956333161,55
2024-05-22,USO,-0.72242098069417493,454
2024-05-22,UUP,-0.99187876888840931,1215
2024-05-23,GLD,6.3060078943384434,25
2024-05-23,SPY,-0.01799314472686292,3695
2024-05-23,TLT,-0.888542195704761,61
2024-05-23,USO,0.16567543282774908,402
2024-05-23,UUP,-1.2154603433464548,1301
2024-05-24,GLD,3.0718097480362081,23
2024-05-24,SPY,-0.5237656661333544,2865
2024-05-24,TLT,0.95200772771686171,48
2024-05-24,USO,-0.42126814829722831,423
2024-05-24,UUP,-1.7310998080687205,1015
2024-05-25,GLD,4.0371940201466616,16
2024-05-25,SPY,-0.11505600352895765,979
2024-05-25,TLT,3.5259450633786491,16
2024-05-25,USO,-0.28804756482317584,198
2024-05-25,UUP,-1.5519442821708886,240
2024-05-26,GLD,1.7848849845006467,6
2024-05-26,SPY,-0.72320774553434564,789
2024-05-26,TLT,3.4979007764573353,33
2024-05-26,USO,-0.79481197170061979,208
2024-05-26,UUP,-1.2530732903763464,182
2024-05-27,GLD,6.5204923749310382,13
2024-05-27,SPY,-0.3579749501952425,1867
2024-05-27,TLT,1.8623042679965127,58
2024-05-27,USO,-0.0064931167346896738,322
2024-05-27,UUP,-1.0927512882175316,612
2024-05-28,GLD,3.7933132276210273,21
2024-05-28,SPY,-0.36996737828235876,2815
2024-05-28,TLT,1.1493352711123823,62
2024-05-28,USO,-0.14517621981483608,404
2024-05-28,UUP,-0.90882171770928255,849
2024-05-29,GLD,4.3001093044250425,15
2024-05-29,SPY,-0.60555990713635122,3304
2024-05-29,TLT,-0.40997301937865011,86
2024-05-29,USO,-0.081415579748861655,485
2024-05-29,UUP,-1.2727747954439119,952
2024-05-30,GLD,1.4057350721724569,28
2024-05-30,SPY,-0.99829821136165409,3399
2024-05-30,TLT,0.50132641733120531,60
2024-05-30,USO,-0.033645089454376727,543
2024-05-30,UUP,-1.449958405725589,1025
2024-05-31,GLD,4.920862962255601,20
2024-05-31,SPY,-0.88599625598094955,3442
2024-05-31,TLT,0.37373395630447004,46
2024-05-31,USO,-0.09801912519500558,557
2024-05-31,UUP,-1.2583286786958658,1060
2024-06-01,GLD,4.1149364634714773,13
2024-06-01,SPY,-0.45268738615530163,1012
2024-06-01,TLT,2.4307699833780534,28
2024-06-01,USO,-0.059389724664036775,306
2024-06-01,UUP,-1.1313003866900102,346
2024-06-02,GLD,5.4972038384126041,10
2024-06-02,SPY,0.30953102145188349,1111
2024-06-02,TLT,3.49865592305512,18
2024-06-02,USO,-0.25297388412731076,253
2024-06-02,UUP,-1.8083357382567344,260
2024-06-03,GLD,5.9160103834976221,13
2024-06-03,SPY,-0.40531876292568059,3234
2024-06-03,TLT,1.1910134024822443,70
2024-06-03,USO,-0.52702110176825878,478
2024-06-03,UUP,-0.98762633659735921,735
2024-06-04,GLD,4.9018943218119961,27
2024-06-04,SPY,-0.784474506070591,3180
2024-06-04,TLT,-0.26982986515692975,70
2024-06-04,USO,-0.29151748958709944,674
2024-06-04,UUP,-1.4301914927575423,773
2024-06-05,GLD,4.7345379139754895,16
2024-06-05,SPY,-0.55577907132652782,3568
2024-06-05,TLT,1.1628456457415848,54
2024-06-05,USO,-0.37823150421560042,574
2024-06-05,UUP,-1.0420988123108113,833
2024-06-06,GLD,7.062415428624889,11
2024-06-06,SPY,-0.64843015342574473,3333
2024-06-06,TLT,0.47182913019674888,80
2024-06-06,USO,-0.47870649778148927,554
2024-06-06,UUP,-1.3650395086017697,1078
2024-06-07,GLD,4.4526179804526773,22
2024-06-07,SPY,-1.1503000252343285,3203
2024-06-07,TLT,0.1570944540648847,63
2024-06-07,USO,-0.71580081218091651,550
2024-06-07,UUP,-1.6540721639921543,1420
2024-06-08,GLD,2.6065099301843286,9
2024-06-08,SPY,-1.4477814843354841,945
2024-06-08,TLT,2.220995172585964,22
2024-06-08,USO,-0.53133244385815248,213
2024-06-08,UUP,-1.6504388628619142,395
2024-06-09,GLD,7.374682085005082,9
2024-06-09,SPY,-0.378707741581294,666
2024-06-09,TLT,2.74218507831785,14
2024-06-09,USO,-0.23604592983594191,176
2024-06-09,UUP,-1.0959449413756641,329
2024-06-10,GLD,7.2738393293538985,14
2024-06-10,SPY,-0.6916478153683483,2533
2024-06-10,TLT,-0.15188073083045622,101
2024-06-10,USO,-1.2109595361268359,389
2024-06-10,UUP,-1.3818745180968675,1169
2024-06-11,GLD,5.3014433323728269,16
2024-06-11,SPY,-0.62584619209879422,3057
2024-06-11,TLT,-0.4180800363881535,124
2024-06-11,USO,-0.502860614666331,502
2024-06-11,UUP,-1.3413762372297495,1262
2024-06-12,GLD,3.366225768571208,21
2024-06-12,SPY,-0.6286951871444586,3231
2024-06-12,TLT,1.0896884973410659,86
2024-06-12,USO,-0.14013274453862223,526
2024-06-12,UUP,-1.2086387614168541,2390
2024-06-13,GLD,3.7467412513468656,19
2024-06-13,SPY,-1.8619382735133723,3838
2024-06-13,TLT,0.41947124298466809,71
2024-06-13,USO,-0.537272466845329,501
2024-06-13,UUP,-1.2904501173565655,1423
2024-06-14,GLD,5.8121809542006551,17
2024-06-14,SPY,-1.1633831868301912,2912
2024-06-14,TLT,-1.1830507515381812,79
2024-06-14,USO,-0.11291562979326991,546
2024-06-14,UUP,-1.7707432786858974,1074
2024-06-15,GLD,13.6485042735043,3
2024-06-15,SPY,-0.76356775899402107,835
2024-06-15,TLT,0.81778824451125165,13
2024-06-15,USO,-1.0421671651644462,303
2024-06-15,UUP,-1.5815832653311799,334
2024-06-16,GLD,9.29112232085157,6
2024-06-16,SPY,-0.79540502180478145,714
2024-06-16,TLT,2.7704276070877976,20
2024-06-16,USO,-0.14251793778525779,149
2024-06-16,UUP,-1.6937762182631177,206
2024-06-17,GLD,4.2302123767268389,15
2024-06-17,SPY,-0.97772899459776,2956
2024-06-17,TLT,0.0663749831518805,61
2024-06-17,USO,0.64103115809269284,565
2024-06-17,UUP,-1.387489236039146,859
2024-06-18,GLD,8.2022767586893,17
2024-06-18,SPY,-0.425213090757861,3198
2024-06-18,TLT,1.7145062749597044,71
2024-06-18,USO,-0.014502993470627751,389
2024-06-18,UUP,-0.89207317549800313,1031
2024-06-19,GLD,4.409984913521332,19
2024-06-19,SPY,-0.99552336516812945,2732
2024-06-19,TLT,0.8192840034706621,74
2024-06-19,USO,-0.40632668991710813,431
2024-06-19,UUP,-1.2613742038969686,556
2024-06-20,GLD,3.2242153574480064,12
2024-06-20,SPY,-0.45246211500349776,2889
2024-06-20,TLT,0.097642665940106746,61
2024-06-20,USO,-0.35366179293627348,636
2024-06-20,UUP,-1.2246814037937381,764
2024-06-21,GLD,1.5773436387698336,8
2024-06-21,SPY,-0.69632730951996558,2673
2024-06-21,TLT,0.5079368357252424,58
2024-06-21,USO,-0.30563166984357509,460
2024-06-21,UUP,-1.5575431530860779,718
2024-06-22,GLD,2.8130695928344922,44
2024-06-22,SPY,-0.34042461197584156,819
2024-06-22,TLT,4.21747177051495,33
2024-06-22,USO,-0.28217824526131385,179
2024-06-22,UUP,-1.1611144792759769,334
2024-06-23,GLD,3.0144294263822156,10
2024-06-23,SPY,-0.38735646649055744,874
2024-06-23,TLT,1.7693212985954316,13
2024-06-23,USO,-0.61697407968414808,250
2024-06-23,UUP,-1.1859256601202788,205
2024-06-24,GLD,6.4903669715085126,16
2024-06-24,SPY,-0.2709112512066873,2483
2024-06-24,TLT,2.3107291494660336,62
2024-06-24,USO,-0.511497269048686,440
2024-06-24,UUP,-1.3638734333253537,927
2024-06-25,GLD,6.1367316092742978,14
2024-06-25,SPY,-0.81369993676055807,2745
2024-06-25,TLT,0.7412030648955874,83
2024-06-25,USO,-0.37757523572938523,518
2024-06-25,UUP,-1.5408475294712956,855
2024-06-26,GLD,4.5523722204066841,18
2024-06-26,SPY,-1.2216780479344929,3572
2024-06-26,TLT,1.265131484757255,65
2024-06-26,USO,0.20964195272204708,455
2024-06-26,UUP,-1.4708518883149964,874
2024-06-27,GLD,6.08796176815787,13
2024-06-27,SPY,-0.59321242062293067,3289
2024-06-27,TLT,1.556449473848315,60
2024-06-27,USO,-0.86752886174259314,440
2024-06-27,UUP,-1.9180088086321534,1068
2024-06-28,GLD,5.2275006798239456,21
2024-06-28,SPY,-1.0027161809899434,2994
2024-06-28,TLT,0.67584850308113642,63
2024-06-28,USO,-0.75273556249025264,457
2024-06-28,UUP,-1.7893308582748564,1430
2024-06-29,GLD,4.5124264447472537,9
2024-06-29,SPY,-0.77047382315017743,953
2024-06-29,TLT,0.46245724907675129,17
2024-06-29,USO,-1.6429793475506729,291
2024-06-29,UUP,-1.4800958992806816,449
2024-06-30,GLD,8.6982394261724316,6
2024-06-30,SPY,-0.18306562736541052,738
2024-06-30,TLT,3.1607354276745632,28
2024-06-30,USO,-0.036234181897070145,218
2024-06-30,UUP,-0.99176131947012836,187
2024-07-01,GLD,4.6926199999524218,16
2024-07-01,SPY,-0.5330669458196956,2484
2024-07-01,TLT,1.1461673976261149,84
2024-07-01,USO,-0.0548642177064292,350
2024-07-01,UUP,-1.4448387377529117,963
2024-07-02,GLD,5.4331812026008315,14
2024-07-02,SPY,-0.58254169469068384,2761
2024-07-02,TLT,0.504901797294347,65
2024-07-02,USO,-0.66407818416714548,462
2024-07-02,UUP,-1.2502454459012631,958
2024-07-03,GLD,5.0332537126268537,18
2024-07-03,SPY,-0.72446531374266532,2861
2024-07-03,TLT,1.4429474140160541,60
2024-07-03,USO,-0.56578622826767566,548
2024-07-03,UUP,-0.902294819172876,1066
2024-07-04,GLD,4.9307051974604583,22
2024-07-04,SPY,-0.35082004696584135,2693
2024-07-04,TLT,3.0944900144777661,47
2024-07-04,USO,-0.1677357548379034,580
2024-07-04,UUP,-0.9277289673367769,716
2024-07-05,GLD,3.782631084546503,14
2024-07-05,SPY,-0.42527232737984128,2416
2024-07-05,TLT,0.77860858420991486,64
2024-07-05,USO,-1.2443764076955153,861
2024-07-05,UUP,-1.167003878365841,1406
2024-07-06,GLD,4.8450016015107265,16
2024-07-06,SPY,-0.47964203166537345,986
2024-07-06,TLT,2.773010936500556,44
2024-07-06,USO,-0.68200685650491477,287
2024-07-06,UUP,-1.4260523549131903,308
2024-07-07,GLD,6.4739273899647962,12
2024-07-07,SPY,0.01400706997912976,627
2024-07-07,TLT,3.1354215653376927,10
2024-07-07,USO,-0.77862152660964123,278
2024-07-07,UUP,-1.0926786280914238,192
2024-07-08,GLD,4.7865321528167568,18
2024-07-08,SPY,-0.13216470584207621,2658
2024-07-08,TLT,0.3306263396451794,71
2024-07-08,USO,-0.64395773132859846,444
2024-07-08,UUP,0.70761338916657568,1370
2024-07-09,GLD,5.003373239997158,30
2024-07-09,SPY,-0.39623995429943748,2839
2024-07-09,TLT,0.0478943040588948,73
2024-07-09,USO,-0.81721978581654331,493
2024-07-09,UUP,-0.8236789631937822,1299
2024-07-10,GLD,4.8339922394011969,24
2024-07-10,SPY,-0.57763076407591862,2559
2024-07-10,TLT,1.1440328594471834,62
2024-07-10,USO,-3.1499881006891131,916
2024-07-10,UUP,-0.99665886247398172,1211
2024-07-11,GLD,5.4071060369224933,17
2024-07-11,SPY,-0.27808671299188059,2981
2024-07-11,TLT,0.70248504973422876,80
2024-07-11,USO,-1.9782834665040003,694
2024-07-11,UUP,-1.0838579291782318,1549
2024-07-12,GLD,4.2411417001261844,17
2024-07-12,SPY,-0.00019709220976542319,2842
2024-07-12,TLT,1.7632865393445976,70
2024-07-12,USO,-0.44285512369763613,657
2024-07-12,UUP,-0.96822408285482786,1195
2024-07-13,GLD,2.8607023394905413,10
2024-07-13,SPY,-0.20971646379754602,1525
2024-07-13,TLT,2.4793667582646526,29
2024-07-13,USO,0.057141045028793663,256
2024-07-13,UUP,-1.1665716448783161,273
2024-07-14,GLD,8.2881202800252289,7
2024-07-14,SPY,-2.6119732607923258,1424
2024-07-14,TLT,1.3972291199049458,17
2024-07-14,USO,0.1734581518783746,314
2024-07-14,UUP,-0.827542514379012,272
2024-07-15,GLD,4.3264895141368953,21
2024-07-15,SPY,-0.67323248169607752,2700
2024-07-15,TLT,-0.057815867123638606,84
2024-07-15,USO,0.28781746292121968,658
2024-07-15,UUP,-0.67829667879796129,780
2024-07-16,GLD,4.294311256940091,37
2024-07-16,SPY,-0.46895895978685886,3407
2024-07-16,TLT,0.53553558680497715,60
2024-07-16,USO,-0.35285459503757155,458
2024-07-16,UUP,-0.77867180778153289,1033
2024-07-17,GLD,3.1901625452856721,41
2024-07-17,SPY,-0.67999405363124688,3267
2024-07-17,TLT,0.430332888632753,69
2024-07-17,USO,-0.24846090851633,480
2024-07-17,UUP,-0.7948267788554525,1095
2024-07-18,GLD,1.7955592007850549,17
2024-07-18,SPY,-1.0288793017249918,3732
2024-07-18,TLT,1.2933678875626766,54
2024-07-18,USO,0.21621580662847556,503
2024-07-18,UUP,-1.3086281701037419,961
2024-07-19,GLD,4.443642165696585,31
2024-07-19,SPY,-3.1214174979474754,4678
2024-07-19,TLT,-0.88398555104522047,78
2024-07-19,USO,-0.32167289409834154,390
2024-07-19,UUP,-1.3650310053961816,802
2024-07-20,GLD,3.5007660415773394,25
2024-07-20,SPY,-2.9167720588818247,1319
2024-07-20,TLT,2.4814367882738884,27
2024-07-20,USO,-0.640275561771941,196
2024-07-20,UUP,-0.92693387154721307,183
2024-07-21,GLD,8.24383732692664,6
2024-07-21,SPY,-1.8799478137765271,1010
2024-07-21,TLT,1.7343994358736787,7
2024-07-21,USO,0.15699620599424591,205
2024-07-21,UUP,-1.0374925016831362,264
2024-07-22,GLD,2.1228595630147442,23
2024-07-22,SPY,-1.2436479261696889,3309
2024-07-22,TLT,-0.042818235221292911,68
2024-07-22,USO,-0.50078807020763938,424
2024-07-22,UUP,-1.0987232339728319,661
2024-07-23,GLD,2.9015995090687694,23
2024-07-23,SPY,-0.2187956513546363,3476
2024-07-23,TLT,1.8570705409008763,54
2024-07-23,USO,-0.50257449286766132,544
2024-07-23,UUP,-0.53303129749265477,676
2024-07-24,GLD,3.5167807738079406,29
2024-07-24,SPY,-0.66475037319740338,3435
2024-07-24,TLT,-0.51701279671605083,44
2024-07-24,USO,-0.61925814326170625,500
2024-07-24,UUP,-1.1926247126123206,741
2024-07-25,GLD,4.6200773328283233,19
2024-07-25,SPY,-0.79626604461713213,3766
2024-07-25,TLT,0.14142913514617267,68
2024-07-25,USO,0.031202857489462305,551
2024-07-25,UUP,-1.2524767660660838,1147
2024-07-26,GLD,5.3931664314906165,16
2024-07-26,SPY,-0.60972757775357644,3093
2024-07-26,TLT,1.0521905326931145,67
2024-07-26,USO,-0.041150267959170053,442
2024-07-26,UUP,-1.0961315834414085,1234
2024-07-27,GLD,3.5027280635032971,12
2024-07-27,SPY,-0.93712507785691956,1230
2024-07-27,TLT,1.2189014673991823,14
2024-07-27,USO,-0.34380970292229818,316
2024-07-27,UUP,-0.91944987174485338,361
2024-07-28,GLD,3.2682792010782111,18
2024-07-28,SPY,-0.34974787432610943,887
2024-07-28,TLT,0.6145917526368494,11
2024-07-28,USO,0.19434990943598349,168
2024-07-28,UUP,-0.93241916792095414,212
2024-07-29,GLD,3.732495627790688,19
2024-07-29,SPY,-0.37807857697583996,2523
2024-07-29,TLT,0.63409825634492278,78
2024-07-29,USO,-0.37240097362463609,517
2024-07-29,UUP,-0.96728246522836792,1049
2024-07-30,GLD,5.3639880375690172,13
2024-07-30,SPY,-0.76693039973366151,2762
2024-07-30,TLT,-0.35920242314623663,104
2024-07-30,USO,-0.98452954706603979,568
2024-07-30,UUP,-1.0612569871655295,1056
2024-07-31,GLD,4.4155729481396024,22
2024-07-31,SPY,-0.70822633020737547,3226
2024-07-31,TLT,0.57661921166942387,80
2024-07-31,USO,-0.41450727967922196,671
2024-07-31,UUP,-1.4242625088644529,1877
2024-08-01,GLD,2.6755184124076696,37
2024-08-01,SPY,-2.7994769904982495,5651
2024-08-01,TLT,0.048228785117690826,77
2024-08-01,USO,-0.73312341661350588,595
2024-08-01,UUP,-1.5681144927333563,1436
2024-08-02,GLD,4.4202110462243365,32
2024-08-02,SPY,-2.2785261060047506,6698
2024-08-02,TLT,-1.4088543467651264,83
2024-08-02,USO,-1.137269260893055,482
2024-08-02,UUP,-3.1279024138486911,1639
2024-08-03,GLD,2.9184095802009788,35
2024-08-03,SPY,-2.1643007918722086,1538
2024-08-03,TLT,2.1262839191078191,27
2024-08-03,USO,-0.89062764998046473,227
2024-08-03,UUP,-2.0925797367420276,430
2024-08-04,GLD,2.5533715920517555,38
2024-08-04,SPY,-1.9302970527491823,1036
2024-08-04,TLT,2.95668760558306,14
2024-08-04,USO,-0.23171409616227223,232
2024-08-04,UUP,-2.5624403241944704,297
2024-08-05,GLD,2.828732031412053,32
2024-08-05,SPY,-3.2382714443194254,6077
2024-08-05,TLT,-2.9823738588828141,119
2024-08-05,USO,-1.1595568631687276,537
2024-08-05,UUP,-3.8521465938552364,2439
2024-08-06,GLD,3.6830404796131466,24
2024-08-06,SPY,-2.1246438466680324,5182
2024-08-06,TLT,-0.736306861824619,56
2024-08-06,USO,-0.46817559783445656,518
2024-08-06,UUP,-2.9190071862103828,1938
2024-08-07,GLD,3.9461333913010121,35
2024-08-07,SPY,-0.95553949950270933,3475
2024-08-07,TLT,0.16526905185141072,60
2024-08-07,USO,-1.3071653864452315,550
2024-08-07,UUP,-2.0271692125812621,1025
2024-08-08,GLD,4.9130393132301879,31
2024-08-08,SPY,-1.2456476978731692,3067
2024-08-08,TLT,-0.22755610056157688,63
2024-08-08,USO,-1.6662227175008155,599
2024-08-08,UUP,-2.222009778351322,1057
2024-08-09,GLD,2.1886789460257625,26
2024-08-09,SPY,-1.2087387123842488,3099
2024-08-09,TLT,0.60214820086658438,67
2024-08-09,USO,-0.52804838962289768,655
2024-08-09,UUP,-2.0612414623244475,1085
2024-08-10,GLD,3.0740378601762166,15
2024-08-10,SPY,-0.8115716096313832,815
2024-08-10,TLT,0.060181508694669206,13
2024-08-10,USO,-0.18866127873239694,441
2024-08-10,UUP,-1.6870173536516693,331
2024-08-11,GLD,6.9449296730939984,7
2024-08-11,SPY,-1.4965955065591134,771
2024-08-11,TLT,1.4202286807209945,18
2024-08-11,USO,0.44475269892030739,365
2024-08-11,UUP,-1.8688877161341695,342
2024-08-12,GLD,3.1914844303151844,26
2024-08-12,SPY,-0.71873229289206708,2264
2024-08-12,TLT,0.69547062510974711,91
2024-08-12,USO,-0.2065253628438416,451
2024-08-12,UUP,-1.3945869844909879,1082
2024-08-13,GLD,4.1875880529503533,22
2024-08-13,SPY,-0.98133496718908042,2841
2024-08-13,TLT,0.80335174256346,74
2024-08-13,USO,-0.673799403018373,577
2024-08-13,UUP,-1.4692979385730076,1036
2024-08-14,GLD,7.7241543263432737,18
2024-08-14,SPY,-0.60610959123478658,2887
2024-08-14,TLT,1.6139054537002513,67
2024-08-14,USO,-0.60631222793937345,463
2024-08-14,UUP,-1.5006608863685189,1670
2024-08-15,GLD,5.8432961614763883,19
2024-08-15,SPY,-1.9014796714775164,3155
2024-08-15,TLT,2.2855617909915757,28
2024-08-15,USO,0.62376516274484661,538
2024-08-15,UUP,-1.4078534276654275,1481
2024-08-16,GLD,1.1839600125013308,37
2024-08-16,SPY,-0.87361065528984627,2866
2024-08-16,TLT,1.1758365907452075,67
2024-08-16,USO,-0.0056316560162993773,523
2024-08-16,UUP,-1.2128381149397895,1033
2024-08-17,GLD,3.6567456836228596,13
2024-08-17,SPY,-1.4935126981251654,923
2024-08-17,TLT,1.8507244572855259,26
2024-08-17,USO,-0.34782026324267212,353
2024-08-17,UUP,-1.1399722712252116,396
2024-08-18,GLD,4.4794034878086242,17
2024-08-18,SPY,-1.2389435765503707,1011
2024-08-18,TLT,2.853901111664233,15
2024-08-18,USO,-0.01858331897155735,292
2024-08-18,UUP,-1.218955982967064,275
2024-08-19,GLD,4.200028377083477,46
2024-08-19,SPY,-1.6420162743346578,2802
2024-08-19,TLT,-0.01358686503156839,57
2024-08-19,USO,-0.61927715707159148,444
2024-08-19,UUP,-1.5749109455762138,1011
2024-08-20,GLD,3.5222084872923456,42
2024-08-20,SPY,-0.92021850895562951,2869
2024-08-20,TLT,0.57109937449248771,71
2024-08-20,USO,-0.56294678643311191,512
2024-08-20,UUP,-1.2547258182166885,1101
2024-08-21,GLD,3.9558095893358884,27
2024-08-21,SPY,-0.679172618915202,2695
2024-08-21,TLT,1.3602272696554496,53
2024-08-21,USO,-0.91528255147763082,526
2024-08-21,UUP,-1.3432077407434935,1567
2024-08-22,GLD,3.3424002213758719,20
2024-08-22,SPY,-0.35265336752500742,2557
2024-08-22,TLT,1.0646182238839914,49
2024-08-22,USO,-0.15971650560173145,546
2024-08-22,UUP,-1.3221682711190892,1409
2024-08-23,GLD,5.3915511432343433,22
2024-08-23,SPY,-0.77733825154691927,2673
2024-08-23,TLT,0.53938523429026031,53
2024-08-23,USO,-0.69672414234624935,519
2024-08-23,UUP,-1.9751347884664021,2031
2024-08-24,GLD,3.7367622015280064,10
2024-08-24,SPY,-0.74988114987899634,755
2024-08-24,TLT,0.54713396362390587,13
2024-08-24,USO,-0.96457121616268326,266
2024-08-24,UUP,-3.3252138051335387,820
2024-08-25,GLD,3.6891301783337687,8
2024-08-25,SPY,-0.88441501078745266,568
2024-08-25,TLT,2.5261345858392055,9
2024-08-25,USO,-0.069915586100965488,370
2024-08-25,UUP,-1.8335425143534796,401
2024-08-26,GLD,5.8513788503722139,22
2024-08-26,SPY,-0.54600966027733944,2097
2024-08-26,TLT,0.78837184334796306,53
2024-08-26,USO,-0.55166748888080219,521
2024-08-26,UUP,-1.3553087755090867,982
2024-08-27,GLD,5.4493683930875054,20
2024-08-27,SPY,-0.54263790545432078,2457
2024-08-27,TLT,1.1202189269938094,59
2024-08-27,USO,-0.25946206830439539,584
2024-08-27,UUP,-0.99897731269765211,806
2024-08-28,GLD,4.0864917139378472,19
2024-08-28,SPY,-0.12268495210987186,2936
2024-08-28,TLT,1.0257115714304543,77
2024-08-28,USO,-0.60397498574699482,585
2024-08-28,UUP,-0.58898748662300948,799
2024-08-29,GLD,2.6912200215326325,25
2024-08-29,SPY,-0.27733653418084764,3168
2024-08-29,TLT,0.66189659977550652,78
2024-08-29,USO,-0.19713631006475202,539
2024-08-29,UUP,-0.58777600225707161,894
2024-08-30,GLD,6.0087924871155423,13
2024-08-30,SPY,-0.35824947266949719,2711
2024-08-30,TLT,1.5022016529504312,50
2024-08-30,USO,-0.52671634250449728,533
2024-08-30,UUP,-1.0571006520926598,1081
2024-08-31,GLD,5.1555982650506769,11
2024-08-31,SPY,-0.19719136044266383,924
2024-08-31,TLT,2.352469097053171,35
2024-08-31,USO,-0.060745739484661707,316
2024-08-31,UUP,-0.99539844699183755,261
2024-09-01,GLD,7.3800880879099546,18
2024-09-01,SPY,-0.59867726514720576,731
2024-09-01,TLT,4.2660391799079864,38
2024-09-01,USO,0.24494726770174241,312
2024-09-01,UUP,-0.98956275637978575,230
2024-09-02,GLD,4.707664357323722,30
2024-09-02,SPY,-0.63705692899669308,1736
2024-09-02,TLT,1.2501420317866341,63
2024-09-02,USO,0.19391815558317471,522
2024-09-02,UUP,-1.4175930875272058,547
2024-09-03,GLD,3.6736316368196156,26
2024-09-03,SPY,-0.94495243819924224,2338
2024-09-03,TLT,1.1334656056160952,85
2024-09-03,USO,-0.93104298825958975,527
2024-09-03,UUP,-1.7330259264843364,940
2024-09-04,GLD,5.1532767029025033,17
2024-09-04,SPY,-1.5296364409094605,3320
2024-09-04,TLT,0.30995284140047086,70
2024-09-04,USO,-1.3169350832481441,489
2024-09-04,UUP,-2.5751529306675964,1090
2024-09-05,GLD,5.89682192059832,20
2024-09-05,SPY,-0.75740517889782633,3028
2024-09-05,TLT,0.52308995043914341,61
2024-09-05,USO,-0.77788520997304123,600
2024-09-05,UUP,-1.9164556093322174,1130
2024-09-06,GLD,4.4192854915696245,21
2024-09-06,SPY,-1.1381835549327555,2795
2024-09-06,TLT,0.3357836494614761,70
2024-09-06,USO,-0.69409876112650037,554
2024-09-06,UUP,-1.9832996445882995,1600
2024-09-07,GLD,4.0595452430378742,12
2024-09-07,SPY,-1.4590976590999141,1132
2024-09-07,TLT,2.4213694529742367,42
2024-09-07,USO,-1.0577324374330368,328
2024-09-07,UUP,-2.250982363770631,407
2024-09-08,GLD,8.8313456498283145,5
2024-09-08,SPY,-0.980455739384397,917
2024-09-08,TLT,3.241705550454145,26
2024-09-08,USO,-0.36488775287321668,242
2024-09-08,UUP,-2.1202827901526811,318
2024-09-09,GLD,5.7292040461331819,12
2024-09-09,SPY,-1.0550701001798908,2623
2024-09-09,TLT,0.85379174596340479,88
2024-09-09,USO,-0.90297789375268089,476
2024-09-09,UUP,-1.968081172178296,1011
2024-09-10,GLD,3.9094577033011326,30
2024-09-10,SPY,-0.8251825445514781,2950
2024-09-10,TLT,1.564665922572317,110
2024-09-10,USO,-0.69161613808380484,557
2024-09-10,UUP,-1.559454336434563,1007
2024-09-11,GLD,5.070249261516766,22
2024-09-11,SPY,-1.1973837672231986,3175
2024-09-11,TLT,0.15061940953962857,97
2024-09-11,USO,-1.056410624291477,764
2024-09-11,UUP,-2.0532843882485352,1704
2024-09-12,GLD,4.7393265876193063,26
2024-09-12,SPY,-0.42494971153434746,2930
2024-09-12,TLT,0.92067349264331633,102
2024-09-12,USO,-0.75646266320150768,724
2024-09-12,UUP,-1.3167131101084091,1169
2024-09-13,GLD,3.1168436547845375,26
2024-09-13,SPY,-0.72023046223310183,2874
2024-09-13,TLT,-0.13231716546634614,71
2024-09-13,USO,-1.3649181398952421,728
2024-09-13,UUP,-1.1473739425491354,1022
2024-09-14,GLD,4.8569092885535659,10
2024-09-14,SPY,-0.50362191224792308,1053
2024-09-14,TLT,1.2191063738269909,33
2024-09-14,USO,0.15521798664607195,457
2024-09-14,UUP,-0.913529115474747,350
2024-09-15,GLD,5.8793410149929359,5
2024-09-15,SPY,-0.35700725927865995,734
2024-09-15,TLT,2.2031967774779067,9
2024-09-15,USO,0.26075001088131045,429
2024-09-15,UUP,-1.5183527934551198,340
2024-09-16,GLD,5.4254201870493457,29
2024-09-16,SPY,-0.66070661804064845,2514
2024-09-16,TLT,0.28667285586300789,62
2024-09-16,USO,0.018304452956107969,665
2024-09-16,UUP,-1.3476689246356013,1213
2024-09-17,GLD,3.7915914850312857,23
2024-09-17,SPY,-0.82083716036984289,2920
2024-09-17,TLT,1.2961100191074806,47
2024-09-17,USO,-0.33443656828700985,422
2024-09-17,UUP,-1.285365712971259,1394
2024-09-18,GLD,3.6948203417955958,31
2024-09-18,SPY,-0.90643626857843884,3012
2024-09-18,TLT,0.099451151045382574,81
2024-09-18,USO,-0.40498220706352145,630
2024-09-18,UUP,-2.1949416917278466,2993
2024-09-19,GLD,1.6054009442486348,35
2024-09-19,SPY,-0.92018780347066975,2955
2024-09-19,TLT,0.0723806210395006,46
2024-09-19,USO,0.83117236397858174,571
2024-09-19,UUP,-1.7399052298700612,3109
2024-09-20,GLD,2.4044414855841767,33
2024-09-20,SPY,-1.0635711243706247,2857
2024-09-20,TLT,0.21608783857017955,60
2024-09-20,USO,-0.31851403316172916,406
2024-09-20,UUP,-1.1467391746527897,1715
2024-09-21,GLD,4.8513862338306328,22
2024-09-21,SPY,-0.471056867070976,991
2024-09-21,TLT,1.2662605234721422,10
2024-09-21,USO,0.50150879037499174,340
2024-09-21,UUP,-1.3975650542567783,379
2024-09-22,GLD,6.6923672632511888,17
2024-09-22,SPY,-0.68810570149517292,656
2024-09-22,TLT,2.6891264496692497,13
2024-09-22,USO,-1.1289843975015903,383
2024-09-22,UUP,-1.2152329038049956,497
2024-09-23,GLD,5.2605699060919653,24
2024-09-23,SPY,-0.69298642613132466,2774
2024-09-23,TLT,0.71582105806045426,52
2024-09-23,USO,0.10683381937866721,394
2024-09-23,UUP,-1.0204601830854771,1521
2024-09-24,GLD,3.6555040399822474,26
2024-09-24,SPY,-0.51276233653918457,2691
2024-09-24,TLT,1.6349921616448813,72
2024-09-24,USO,0.12593174368714116,441
2024-09-24,UUP,-1.3633703297232296,1429
2024-09-25,GLD,5.2117749579155586,42
2024-09-25,SPY,-0.42018220502593634,2897
2024-09-25,TLT,0.11335298446355148,45
2024-09-25,USO,0.27853742475415322,602
2024-09-25,UUP,-0.7293454646157822,1213
2024-09-26,GLD,2.7399281781713567,30
2024-09-26,SPY,-0.10837971715653155,2896
2024-09-26,TLT,0.50555424666183435,43
2024-09-26,USO,-0.5321410095385265,477
2024-09-26,UUP,-0.63581951540187365,1233
2024-09-27,GLD,4.8284471332474874,15
2024-09-27,SPY,-0.14712696924323682,2848
2024-09-27,TLT,0.33763181318938262,45
2024-09-27,USO,-0.58140368924927144,553
2024-09-27,UUP,-0.58545209369379125,1311
2024-09-28,GLD,3.8145204340568939,17
2024-09-28,SPY,-0.5587736471859337,893
2024-09-28,TLT,0.66564793739885342,12
2024-09-28,USO,-0.86043344567627278,324
2024-09-28,UUP,-0.96870653290627673,290
2024-09-29,GLD,6.1998743243707288,12
2024-09-29,SPY,-0.77046913834661479,813
2024-09-29,TLT,0.71303851950089614,9
2024-09-29,USO,-0.40212190924085106,199
2024-09-29,UUP,-1.5149391977577227,374
2024-09-30,GLD,4.097101287199358,11
2024-09-30,SPY,-0.6732903520774538,2708
2024-09-30,TLT,-1.9378165560512373,53
2024-09-30,USO,-1.3470451584151717,524
2024-09-30,UUP,-1.0319896998898472,1032
2024-10-01,GLD,2.9828206145222587,22
2024-10-01,SPY,-1.0478644347335846,2654
2024-10-01,TLT,-0.021354520220742246,69
2024-10-01,USO,-1.5308864771240367,475
2024-10-01,UUP,-1.2591664420179232,1112
2024-10-02,GLD,1.7208081357044258,19
2024-10-02,SPY,-1.3605800909716133,2725
2024-10-02,TLT,-1.4080793617591056,62
2024-10-02,USO,-1.5155475540049972,563
2024-10-02,UUP,-2.2217780224178671,1008
2024-10-03,GLD,4.1453836153496306,24
2024-10-03,SPY,-1.006499540545591,2453
2024-10-03,TLT,-0.288246664990706,58
2024-10-03,USO,-1.3778186256931964,651
2024-10-03,UUP,-1.0525367392631337,1030
2024-10-04,GLD,3.2433002323829832,18
2024-10-04,SPY,-0.77926998595058528,2681
2024-10-04,TLT,0.57784316304886829,50
2024-10-04,USO,-1.5217579808994404,625
2024-10-04,UUP,-1.2061670612385995,1439
2024-10-05,GLD,4.8095394661688609,16
2024-10-05,SPY,-0.73736213159866926,973
2024-10-05,TLT,1.7210487102876293,16
2024-10-05,USO,-1.2757977808672563,240
2024-10-05,UUP,-1.4787450280807948,396
2024-10-06,GLD,0.94281035455121853,8
2024-10-06,SPY,-1.119075783256819,702
2024-10-06,TLT,-0.79991310748226829,15
2024-10-06,USO,-2.7777385459988237,424
2024-10-06,UUP,-0.898272116134152,301
2024-10-07,GLD,2.4098219333624158,25
2024-10-07,SPY,-1.1984114729770461,2432
2024-10-07,TLT,-0.11645789524984693,47
2024-10-07,USO,-1.4536764619569149,419
2024-10-07,UUP,-1.2162699200179004,812
2024-10-08,GLD,2.8930714264123845,19
2024-10-08,SPY,-0.90973639359426006,2710
2024-10-08,TLT,-0.20480857751658524,62
2024-10-08,USO,-1.4444955256996137,611
2024-10-08,UUP,-1.2215969965606899,805
2024-10-09,GLD,3.4709398120542705,24
2024-10-09,SPY,-0.9663981759442285,2525
2024-10-09,TLT,0.062099859749449815,61
2024-10-09,USO,-0.93373875357361635,516
2024-10-09,UUP,-1.1084894204621094,779
2024-10-10,GLD,3.888349965693819,26
2024-10-10,SPY,-0.92541397045494544,2698
2024-10-10,TLT,0.42763228004772297,45
2024-10-10,USO,-0.56574686103639371,568
2024-10-10,UUP,-1.3141536679961803,1424
2024-10-11,GLD,2.7926261845511169,13
2024-10-11,SPY,-0.47697476348738,2895
2024-10-11,TLT,1.39468921127022,85
2024-10-11,USO,-1.0887020346984668,513
2024-10-11,UUP,-1.2733183408386157,1128
2024-10-12,GLD,5.0311028639545317,6
2024-10-12,SPY,-1.6778739442931436,1123
2024-10-12,TLT,1.3635303472736657,11
2024-10-12,USO,-0.81179838440523244,339
2024-10-12,UUP,-0.57802977478074491,330
2024-10-13,GLD,6.7166154375303684,7
2024-10-13,SPY,-0.68527056576635115,818
2024-10-13,TLT,2.6680700686034742,28
2024-10-13,USO,-0.31724385446100961,282
2024-10-13,UUP,-0.50257507778080091,292
2024-10-14,GLD,-1.8984286103486328,32
2024-10-14,SPY,-0.31051418986840684,2303
2024-10-14,TLT,-0.065580415536929615,87
2024-10-14,USO,-0.51838795908198432,408
2024-10-14,UUP,-0.36952503872532128,775
2024-10-15,GLD,2.96769141614198,20
2024-10-15,SPY,-0.35125298158844043,3226
2024-10-15,TLT,0.22962109007868858,90
2024-10-15,USO,-1.0848728006069537,649
2024-10-15,UUP,-0.86272912134385482,909
2024-10-16,GLD,3.6702014717300044,36
2024-10-16,SPY,-0.59335275368184692,2563
2024-10-16,TLT,1.2359520996491851,90
2024-10-16,USO,-1.0259178292514133,536
2024-10-16,UUP,-1.0131254521102784,807
2024-10-17,GLD,3.4492415649561634,48
2024-10-17,SPY,-0.16123293099397373,2673
2024-10-17,TLT,1.10662869314925,114
2024-10-17,USO,0.49761873669060058,623
2024-10-17,UUP,-0.57182634223859952,887
2024-10-18,GLD,2.488674376293,52
2024-10-18,SPY,-0.1440146781237214,2674
2024-10-18,TLT,-0.93195604088928163,83
2024-10-18,USO,0.0045722193943265104,633
2024-10-18,UUP,-0.36946930201437367,902
2024-10-19,GLD,2.6077223514726091,29
2024-10-19,SPY,-0.35983631429722884,926
2024-10-19,TLT,0.84739926546667177,31
2024-10-19,USO,-0.32580512473243295,347
2024-10-19,UUP,-0.77628511238712683,314
2024-10-20,GLD,2.575306356482471,11
2024-10-20,SPY,-0.17710779193264378,657
2024-10-20,TLT,1.3683182563190779,22
2024-10-20,USO,0.2626648679611816,507
2024-10-20,UUP,-1.4130855897048487,181
2024-10-21,GLD,2.51877785673643,47
2024-10-21,SPY,-0.4553842535355746,2559
2024-10-21,TLT,0.19573118791436894,98
2024-10-21,USO,0.341386143914961,712
2024-10-21,UUP,-1.0795740504555056,575
2024-10-22,GLD,2.667992420654457,49
2024-10-22,SPY,-0.50765020686216655,2812
2024-10-22,TLT,0.68828712676295356,120
2024-10-22,USO,-0.27963379557572743,536
2024-10-22,UUP,-0.917886836793605,953
2024-10-23,GLD,3.7391656254400196,37
2024-10-23,SPY,-0.76124419686524114,3427
2024-10-23,TLT,1.206790135931278,135
2024-10-23,USO,-0.82777112119558538,482
2024-10-23,UUP,-1.3240550807504232,917
2024-10-24,GLD,4.500385778063392,22
2024-10-24,SPY,-0.87959101316481014,3956
2024-10-24,TLT,1.0864979341930425,79
2024-10-24,USO,-0.68689513845296635,604
2024-10-24,UUP,-1.2102062925308359,845
2024-10-25,GLD,2.5378083028916061,34
2024-10-25,SPY,-0.617242407283499,3280
2024-10-25,TLT,1.0508549529708069,61
2024-10-25,USO,-0.044951320348737944,566
2024-10-25,UUP,-1.0390244120258691,576
2024-10-26,GLD,4.550381426326318,12
2024-10-26,SPY,-1.5303133661085575,1233
2024-10-26,TLT,0.90528911483643448,26
2024-10-26,USO,0.34806709540524455,465
2024-10-26,UUP,-0.70079964816178608,204
2024-10-27,GLD,3.9307161737217244,7
2024-10-27,SPY,-1.0171649697505081,861
2024-10-27,TLT,1.9303629114834913,21
2024-10-27,USO,0.11360739646955931,213
2024-10-27,UUP,-0.74667956296097582,259
2024-10-28,GLD,2.361573506959882,24
2024-10-28,SPY,-0.42785559067072049,2526
2024-10-28,TLT,0.86773561564023172,102
2024-10-28,USO,-1.4810673719852365,630
2024-10-28,UUP,-0.8593396986391082,600
2024-10-29,GLD,3.2876386324658542,38
2024-10-29,SPY,-0.54201614297344936,2875
2024-10-29,TLT,1.5477694622713765,46
2024-10-29,USO,-0.37656562551134143,747
2024-10-29,UUP,-0.84735378999564925,754
2024-10-30,GLD,3.5801090636174728,37
2024-10-30,SPY,-0.090512087308268846,3033
2024-10-30,TLT,0.31218790673608243,55
2024-10-30,USO,-0.39882257499812734,574
2024-10-30,UUP,-1.2361530558949179,1174
2024-10-31,GLD,2.98858334818208,23
2024-10-31,SPY,-0.1812641801969691,2876
2024-10-31,TLT,0.25771598954462233,63
2024-10-31,USO,-0.26091708586265611,787
2024-10-31,UUP,-1.1136232967087079,1118
2024-11-01,GLD,4.3204411510127843,22
2024-11-01,SPY,-0.41483033253676138,2825
2024-11-01,TLT,0.91678219136069328,75
2024-11-01,USO,-0.34718458666997276,496
2024-11-01,UUP,-1.533228873227106,1257
2024-11-02,GLD,4.3768304907549407,13
2024-11-02,SPY,-0.56303525169557778,1091
2024-11-02,TLT,1.6826432798820736,18
2024-11-02,USO,-0.51859662821213881,222
2024-11-02,UUP,-0.50095206738787545,343
2024-11-03,GLD,6.4451319477831452,10
2024-11-03,SPY,-0.14410763672028409,754
2024-11-03,TLT,1.460390809731352,13
2024-11-03,USO,-1.0050275660199659,184
2024-11-03,UUP,-1.1911399077676024,296
2024-11-04,GLD,3.5510686723827,17
2024-11-04,SPY,-0.5384634772316631,2680
2024-11-04,TLT,-0.31532392147381527,85
2024-11-04,USO,-0.21049205011411037,475
2024-11-04,UUP,-1.111489507149394,1016
2024-11-05,GLD,3.4553533321817684,43
2024-11-05,SPY,-0.69286161683352243,2946
2024-11-05,TLT,0.25544365968099469,75
2024-11-05,USO,0.683283530066392,597
2024-11-05,UUP,-1.2021721215436838,1007
2024-11-06,GLD,2.0865354454809864,34
2024-11-06,SPY,-0.070031851871405093,4265
2024-11-06,TLT,0.74235150249266457,86
2024-11-06,USO,-0.21376256933286403,530
2024-11-06,UUP,-1.3997509636708094,1632
2024-11-07,GLD,3.4271133391595003,22
2024-11-07,SPY,-0.46965804998711452,4172
2024-11-07,TLT,0.62678537347632768,78
2024-11-07,USO,-0.27811809389462006,542
2024-11-07,UUP,-1.7117670230826565,2070
2024-11-08,GLD,5.5497374217765829,29
2024-11-08,SPY,-0.29522442904540563,3339
2024-11-08,TLT,1.15651431827384,65
2024-11-08,USO,0.087455320672253117,457
2024-11-08,UUP,-1.1642932904249153,1472
2024-11-09,GLD,1.2197066051116585,7
2024-11-09,SPY,-0.595201530203455,1219
2024-11-09,TLT,1.1374486677484261,19
2024-11-09,USO,0.10591535439169338,275
2024-11-09,UUP,-1.2261181705997652,431
2024-11-10,GLD,4.9376898416379795,8
2024-11-10,SPY,-0.5500934026920502,916
2024-11-10,TLT,1.1935754602937183,17
2024-11-10,USO,-0.19412752373929831,223
2024-11-10,UUP,-0.894940843514116,330
2024-11-11,GLD,3.2923449389634345,19
2024-11-11,SPY,-0.28599783702880677,2458
2024-11-11,TLT,0.787978354733122,50
2024-11-11,USO,-0.044496540866553,367
2024-11-11,UUP,-0.88991383498934018,923
2024-11-12,GLD,4.9770211998181022,29
2024-11-12,SPY,-0.5330023176056472,3637
2024-11-12,TLT,0.040886138146949344,49
2024-11-12,USO,0.089689155738621226,400
2024-11-12,UUP,-0.64912205339559736,1130
2024-11-13,GLD,3.6279345593583652,28
2024-11-13,SPY,-0.73350462719787524,3342
2024-11-13,TLT,0.80795043193475491,84
2024-11-13,USO,0.15837965103704024,451
2024-11-13,UUP,-1.2512942532757485,1513
2024-11-14,GLD,4.256117125276714,20
2024-11-14,SPY,-0.21787117649310114,3161
2024-11-14,TLT,0.94555995170198415,81
2024-11-14,USO,-0.49189344718697758,544
2024-11-14,UUP,-1.0332455268751521,1166
2024-11-15,GLD,3.754960555558732,18
2024-11-15,SPY,-0.81294751303128987,2924
2024-11-15,TLT,0.78931389613546588,56
2024-11-15,USO,0.404593129413428,516
2024-11-15,UUP,-1.4820055884229892,1007
2024-11-16,GLD,6.0255391307411825,15
2024-11-16,SPY,-0.872999895458672,1405
2024-11-16,TLT,0.38043134839056053,17
2024-11-16,USO,0.30157406816856624,277
2024-11-16,UUP,-0.75470270074586809,396
2024-11-17,GLD,5.943547946977775,7
2024-11-17,SPY,-0.33971309030875119,868
2024-11-17,TLT,0.40928981356402938,17
2024-11-17,USO,0.15466603753336516,200
2024-11-17,UUP,-1.0079210432611161,237
2024-11-18,GLD,4.4388772315181786,22
2024-11-18,SPY,-0.88483709229023022,2908
2024-11-18,TLT,0.42039092152936425,52
2024-11-18,USO,-0.48744604638449379,408
2024-11-18,UUP,-1.3184885901671253,869
2024-11-19,GLD,3.2283798655836953,22
2024-11-19,SPY,-0.45643668016369654,3223
2024-11-19,TLT,-0.37446198762580418,80
2024-11-19,USO,0.17893259416936513,517
2024-11-19,UUP,-0.78527596236251618,671
2024-11-20,GLD,2.0296691242544078,33
2024-11-20,SPY,-0.27345959299687805,4131
2024-11-20,TLT,0.18945884657888962,46
2024-11-20,USO,-0.49055970799587956,477
2024-11-20,UUP,-0.80357277771955027,748
2024-11-21,GLD,3.4058702345877734,27
2024-11-21,SPY,-0.83244530068294387,3554
2024-11-21,TLT,-0.67597768765149591,65
2024-11-21,USO,-0.58208897076335386,475
2024-11-21,UUP,-1.3388696763001797,813
2024-11-22,GLD,2.8696746587825279,45
2024-11-22,SPY,-0.4031099260930896,3107
2024-11-22,TLT,0.10819843136364107,48
2024-11-22,USO,-0.77926535059048374,452
2024-11-22,UUP,-0.80845372836334128,718
2024-11-23,GLD,4.0556803302857114,14
2024-11-23,SPY,-0.52859555943522618,1885
2024-11-23,TLT,0.29545830209372492,20
2024-11-23,USO,-0.53424877652559311,250
2024-11-23,UUP,-1.2238959127451128,753
2024-11-24,GLD,2.1607992058474217,16
2024-11-24,SPY,-0.22736840771879674,821
2024-11-24,TLT,1.6938499673244458,7
2024-11-24,USO,0.2763566347128083,230
2024-11-24,UUP,-1.9796390659881011,242
2024-11-25,GLD,0.88098164634479059,47
2024-11-25,SPY,-0.06401824304579487,2960
2024-11-25,TLT,0.39023575967384422,64
2024-11-25,USO,-0.0893238752264104,406
2024-11-25,UUP,-0.7644114719131534,707
2024-11-26,GLD,3.4191627126515991,20
2024-11-26,SPY,-0.27109964377920631,2973
2024-11-26,TLT,0.40442757573273896,46
2024-11-26,USO,-0.48360000444747253,505
2024-11-26,UUP,-1.2416819304517484,825
2024-11-27,GLD,4.88115859356098,32
2024-11-27,SPY,-0.63883382312041381,2920
2024-11-27,TLT,0.90382271804855985,70
2024-11-27,USO,-0.428637780265943,502
2024-11-27,UUP,-1.27668527527883,1294
2024-11-28,GLD,1.8713178349048052,22
2024-11-28,SPY,-0.3755099760788167,2218
2024-11-28,TLT,0.86341348492015868,74
2024-11-28,USO,0.348357881325046,386
2024-11-28,UUP,-1.617871462959418,493
2024-11-29,GLD,3.4343556005482143,29
2024-11-29,SPY,-0.1973265056207866,2360
2024-11-29,TLT,0.63133670623475424,63
2024-11-29,USO,0.22355454017484744,398
2024-11-29,UUP,-1.1808685606962785,407
2024-11-30,GLD,2.9720183333239647,21
2024-11-30,SPY,0.15043825997944665,692
2024-11-30,TLT,2.4065154840838008,23
2024-11-30,USO,-0.17673772588829764,350
2024-11-30,UUP,-1.357903729909453,220
2024-12-01,GLD,3.5265112117105364,16
2024-12-01,SPY,-0.26434602875409297,825
2024-12-01,TLT,1.4580454006763668,15
2024-12-01,USO,0.13207763939769934,222
2024-12-01,UUP,-0.736601369195939,271
2024-12-02,GLD,3.1995017474590908,17
2024-12-02,SPY,-0.37351059224268668,2812
2024-12-02,TLT,-0.62857150791029814,68
2024-12-02,USO,-0.5154668811217844,558
2024-12-02,UUP,-0.87874259693272938,588
2024-12-03,GLD,3.6531100721663732,41
2024-12-03,SPY,-0.34460647320330212,3031
2024-12-03,TLT,1.1168410933583865,40
2024-12-03,USO,-0.30151872037392008,449
2024-12-03,UUP,-1.3708835573379921,807
2024-12-04,GLD,4.2617917349402967,24
2024-12-04,SPY,-0.99802465498534887,3596
2024-12-04,TLT,-0.7049592642919249,73
2024-12-04,USO,-0.48761597608785479,488
2024-12-04,UUP,-1.2165457297621687,962
2024-12-05,GLD,5.0904990254597706,16
2024-12-05,SPY,-1.0558076935393264,4055
2024-12-05,TLT,1.2306868225164449,81
2024-12-05,USO,-0.039041654528953612,569
2024-12-05,UUP,-0.621330659823724,1129
2024-12-06,GLD,4.2842251109971885,13
2024-12-06,SPY,-0.58386105839738378,2902
2024-12-06,TLT,0.45076848752396004,79
2024-12-06,USO,-0.27563955085286451,459
2024-12-06,UUP,-1.4265617920968887,1176
2024-12-07,GLD,5.1715606861632706,14
2024-12-07,SPY,-0.82097093153626977,1051
2024-12-07,TLT,0.089595383730001976,16
2024-12-07,USO,-1.1467058883515202,306
2024-12-07,UUP,-1.2147928142305773,212
2024-12-08,GLD,8.5114074914428244,14
2024-12-08,SPY,-0.69711435733797855,739
2024-12-08,TLT,0.73444513448514326,8
2024-12-08,USO,0.74690646813257255,218
2024-12-08,UUP,-0.98834303575044191,323
2024-12-09,GLD,3.1384963363792568,18
2024-12-09,SPY,-0.63805467116866288,2508
2024-12-09,TLT,0.64578850903296814,39
2024-12-09,USO,-0.839315692036043,375
2024-12-09,UUP,-1.2533407807201924,931
2024-12-10,GLD,5.5642833752675394,26
2024-12-10,SPY,-0.72241596533463259,2926
2024-12-10,TLT,0.829856756054395,57
2024-12-10,USO,-0.40542856031092123,382
2024-12-10,UUP,-0.92638430608973321,882
2024-12-11,GLD,0.765508143896847,25
2024-12-11,SPY,-0.41167446541720865,4015
2024-12-11,TLT,1.1070047481277268,55
2024-12-11,USO,-0.38677640504762972,431
2024-12-11,UUP,-1.1639919152844644,1031
2024-12-12,GLD,4.2247448306892039,34
2024-12-12,SPY,-0.4596013220589,3949
2024-12-12,TLT,-0.39480115940247673,88
2024-12-12,USO,-0.50497228334364663,359
2024-12-12,UUP,-1.1497987001346537,936
2024-12-13,GLD,1.8355502727928119,15
2024-12-13,SPY,-0.634943090981981,3408
2024-12-13,TLT,0.4416608072235722,60
2024-12-13,USO,-0.39128079566925078,366
2024-12-13,UUP,-1.2007549634778845,836
2024-12-14,GLD,5.3792435789739264,11
2024-12-14,SPY,-0.19058761156410781,1018
2024-12-14,TLT,-0.46698615474007982,15
2024-12-14,USO,-0.28561795266987217,207
2024-12-14,UUP,-1.1504469588431734,229
2024-12-15,GLD,5.6857391547855034,10
2024-12-15,SPY,-0.49398635749226788,781
2024-12-15,TLT,0.67670534966854989,14
2024-12-15,USO,0.17884146971717707,208
2024-12-15,UUP,-1.3788196429255366,273
2024-12-16,GLD,5.7334954115193533,21
2024-12-16,SPY,-0.43155258830007731,2798
2024-12-16,TLT,-0.42842744099607388,37
2024-12-16,USO,-1.3771952877779405,427
2024-12-16,UUP,-1.3848010536470527,993
2024-12-17,GLD,5.3410038365691985,23
2024-12-17,SPY,-0.750343320187741,2954
2024-12-17,TLT,-0.50631892928543409,38
2024-12-17,USO,-0.50592068113930155,463
2024-12-17,UUP,-1.1773754790033097,1105
2024-12-18,GLD,6.3892867427638107,31
2024-12-18,SPY,-0.89353661995124,3499
2024-12-18,TLT,0.34055738412036729,30
2024-12-18,USO,-0.37616910684256522,472
2024-12-18,UUP,-1.9385065807062203,1905
2024-12-19,GLD,5.2140282094786734,31
2024-12-19,SPY,-1.3436337290467515,3861
2024-12-19,TLT,-0.219718933979343,81
2024-12-19,USO,-0.46175667273558646,435
2024-12-19,UUP,-2.1784545571700877,2133
2024-12-20,GLD,3.5455654158573404,17
2024-12-20,SPY,-1.2301891342951554,2961
2024-12-20,TLT,-0.15809678938710786,56
2024-12-20,USO,-0.753174942173264,413
2024-12-20,UUP,-1.9843431924396047,1494
2024-12-21,GLD,6.9377440514213671,13
2024-12-21,SPY,-0.76190473534691161,957
2024-12-21,TLT,-2.4153159156631849,15
2024-12-21,USO,0.071588775713501848,211
2024-12-21,UUP,-1.0208441119963398,331
2024-12-22,GLD,5.9670460133901253,11
2024-12-22,SPY,-0.74647250394677089,750
2024-12-22,TLT,-2.1892944342446103,12
2024-12-22,USO,-0.046464252378054682,153
2024-12-22,UUP,-2.1619013227875992,391
2024-12-23,GLD,5.6178508129470561,15
2024-12-23,SPY,-0.25668899936926,2464
2024-12-23,TLT,0.2552276074336185,49
2024-12-23,USO,0.00757221632151156,359
2024-12-23,UUP,-0.96126314020438852,862
2024-12-24,GLD,4.664001386052357,13
2024-12-24,SPY,-0.26328025037253255,1901
2024-12-24,TLT,0.26065482282897989,9
2024-12-24,USO,-0.21228482422512182,340
2024-12-24,UUP,-1.1315181299358485,526
2024-12-25,GLD,4.8936632935298654,8
2024-12-25,SPY,-0.00027400691358554774,817
2024-12-25,TLT,3.9611781478284502,3
2024-12-25,USO,0.21572880085689283,246
2024-12-25,UUP,-1.1199405483770373,194
2024-12-26,GLD,5.9463948708520942,17
2024-12-26,SPY,-0.43425498913941518,1540
2024-12-26,TLT,0.75996721430171266,10
2024-12-26,USO,0.11577852370986977,408
2024-12-26,UUP,-0.89323141309550691,648
2024-12-27,GLD,5.2536185462427785,12
2024-12-27,SPY,-0.5780969651376181,2113
2024-12-27,TLT,1.1999726672969175,46
2024-12-27,USO,-1.458263672903799,369
2024-12-27,UUP,-1.0603144253049073,577
2024-12-28,GLD,3.3498045418035125,20
2024-12-28,SPY,-0.705379042911755,916
2024-12-28,TLT,0.80451000846077825,5
2024-12-28,USO,-1.2909812786935264,256
2024-12-28,UUP,-1.1749869169930411,294
2024-12-29,GLD,7.2605184110291141,5
2024-12-29,SPY,-0.56461146010462893,715
2024-12-29,TLT,-0.71646413558939148,14
2024-12-29,USO,0.068429535437884756,168
2024-12-29,UUP,-0.89103442529072741,512
2024-12-30,GLD,4.78710043188387,22
2024-12-30,SPY,-1.3568035224936641,2460
2024-12-30,TLT,0.85332625603087164,63
2024-12-30,USO,0.0066771647936867962,377
2024-12-30,UUP,-0.992747564197714,1239
2024-12-31,GLD,5.6759468661232821,22
2024-12-31,SPY,-0.84737290188397729,2235
2024-12-31,TLT,0.39767918127604573,20
2024-12-31,USO,-0.87103804276767083,364
2024-12-31,UUP,-1.072944729730418,932
2025-01-01,GLD,7.6755081139949173,8
2025-01-01,SPY,-0.530606634167295,1023
2025-01-01,TLT,0.6679070310287174,18
2025-01-01,USO,-0.50752153783119192,292
2025-01-01,UUP,-0.5190606848142989,453
2025-01-02,GLD,4.5347226537557637,29
2025-01-02,SPY,-0.33013093201579657,2724
2025-01-02,TLT,0.56163287369428327,84
2025-01-02,USO,0.058660466295241465,428
2025-01-02,UUP,-1.2943669806486673,636
2025-01-03,GLD,5.1238913525890348,17
2025-01-03,SPY,-0.68418776073041088,2777
2025-01-03,TLT,-0.89326832616097618,79
2025-01-03,USO,-0.46926908010231161,393
2025-01-03,UUP,-1.4079119778914653,657
2025-01-04,GLD,4.0550779876292236,7
2025-01-04,SPY,-0.27955896301140232,835
2025-01-04,TLT,-3.3282218985081671,13
2025-01-04,USO,0.32495617566576135,368
2025-01-04,UUP,-1.4159651230611572,273
2025-01-05,GLD,7.1997371529805374,9
2025-01-05,SPY,-0.55632291208702189,745
2025-01-05,TLT,0.5069157819351694,14
2025-01-05,USO,-0.42850730699150497,219
2025-01-05,UUP,-1.97208424753964,237
2025-01-06,GLD,7.1283193594619041,34
2025-01-06,SPY,-0.54415424807256974,2330
2025-01-06,TLT,0.91597929173652659,54
2025-01-06,USO,-0.17144604455918921,482
2025-01-06,UUP,-1.4154570197141427,660
2025-01-07,GLD,4.2872557780791922,22
2025-01-07,SPY,-0.49948690211746444,2767
2025-01-07,TLT,0.72102498223544909,84
2025-01-07,USO,-0.67983316795933368,444
2025-01-07,UUP,-1.4377177705671194,782
2025-01-08,GLD,4.6671336609768321,41
2025-01-08,SPY,-1.2051848523003823,2804
2025-01-08,TLT,0.97483657693529191,76
2025-01-08,USO,-1.5051995736169992,647
2025-01-08,UUP,-1.3881745467717506,918
2025-01-09,GLD,4.9148513098219953,20
2025-01-09,SPY,-0.93196877414440948,2359
2025-01-09,TLT,0.31349943369683897,70
2025-01-09,USO,-1.525981078964336,524
2025-01-09,UUP,-1.6992524848380026,770
2025-01-10,GLD,4.3685948191064723,27
2025-01-10,SPY,-0.93190268172494906,2658
2025-01-10,TLT,0.19001594509885111,102
2025-01-10,USO,-1.9336056876028629,562
2025-01-10,UUP,-1.6488687080960196,1335
2025-01-11,GLD,6.5235039106833561,14
2025-01-11,SPY,-0.6376729240263,875
2025-01-11,TLT,-0.85440063027779156,12
2025-01-11,USO,-3.1436125196007354,423
2025-01-11,UUP,-1.3445161703343982,323
2025-01-12,GLD,2.3797447698055376,5
2025-01-12,SPY,-0.68066994286259064,768
2025-01-12,TLT,0.37003246606961726,12
2025-01-12,USO,-2.0359591326762225,259
2025-01-12,UUP,-1.4864308275541553,210
2025-01-13,GLD,6.16243257228384,20
2025-01-13,SPY,-1.034639681160616,2219
2025-01-13,TLT,0.060203194935165627,87
2025-01-13,USO,-1.7784651475238467,530
2025-01-13,UUP,-1.662712468354679,837
2025-01-14,GLD,3.5797053529489773,23
2025-01-14,SPY,-0.63754345781334865,2710
2025-01-14,TLT,1.5254802694006373,105
2025-01-14,USO,-1.2650625028529081,578
2025-01-14,UUP,-1.1613398656749698,905
2025-01-15,GLD,3.3659573810657624,25
2025-01-15,SPY,-0.44830210241834856,3299
2025-01-15,TLT,1.1446691792936314,101
2025-01-15,USO,-1.2558703688286523,573
2025-01-15,UUP,-1.1817440212856465,1187
2025-01-16,GLD,4.1792343635916209,28
2025-01-16,SPY,-0.34585580337085164,3277
2025-01-16,TLT,2.3342224463115242,75
2025-01-16,USO,-0.12332002177756393,538
2025-01-16,UUP,-0.97355708121353335,1215
2025-01-17,GLD,6.0108439538480232,14
2025-01-17,SPY,-0.4829543765419374,2857
2025-01-17,TLT,2.6622042453334789,137
2025-01-17,USO,-1.1789963034196396,614
2025-01-17,UUP,-1.0426793806612606,1027
2025-01-18,GLD,4.9039365061776765,23
2025-01-18,SPY,-0.89467951290215,1298
2025-01-18,TLT,2.3146766855798067,61
2025-01-18,USO,-0.48111786043877819,314
2025-01-18,UUP,-0.79172011026384792,269
2025-01-19,GLD,1.4384331579966518,7
2025-01-19,SPY,-1.0506374560262044,1427
2025-01-19,TLT,3.1855266818390007,30
2025-01-19,USO,-0.15092847285684066,209
2025-01-19,UUP,-1.5080395694259738,367
2025-01-20,GLD,3.3311977250242517,27
2025-01-20,SPY,-0.82872456770840319,2885
2025-01-20,TLT,2.0032117960016844,44
2025-01-20,USO,-0.28840014136297576,361
2025-01-20,UUP,-1.3894220969086972,625
2025-01-21,GLD,3.5941151847501214,25
2025-01-21,SPY,-0.19709588855875693,3123
2025-01-21,TLT,1.348774075291876,55
2025-01-21,USO,-0.094434715458488971,435
2025-01-21,UUP,-1.1796631383837046,509
2025-01-22,GLD,2.7778839856942756,38
2025-01-22,SPY,-0.000101739669552528,2946
2025-01-22,TLT,1.7589559751572028,75
2025-01-22,USO,-1.9908503706482397,670
2025-01-22,UUP,-0.79610392564367938,474
2025-01-23,GLD,5.6980484057839069,21
2025-01-23,SPY,-0.27127341363218382,3032
2025-01-23,TLT,1.5429516511655261,74
2025-01-23,USO,-1.7891969694747238,645
2025-01-23,UUP,-1.0850899526738571,721
2025-01-24,GLD,2.218155481614172,63
2025-01-24,SPY,-0.50724398670820792,2927
2025-01-24,TLT,1.8993007210931894,85
2025-01-24,USO,-0.3397488154883051,425
2025-01-24,UUP,-1.142795880088195,968
2025-01-25,GLD,2.600517909156574,37
2025-01-25,SPY,-0.21236802238907193,915
2025-01-25,TLT,0.73808039768751987,29
2025-01-25,USO,-0.42769825059941413,225
2025-01-25,UUP,-0.91135243932805177,231
2025-01-26,GLD,9.031195434170419,5
2025-01-26,SPY,-0.14843733358933453,774
2025-01-26,TLT,0.7392394305190213,21
2025-01-26,USO,0.98561002942684817,246
2025-01-26,UUP,-0.98051629594074208,380
2025-01-27,GLD,3.8488319219586264,19
2025-01-27,SPY,-0.57285694023019751,3260
2025-01-27,TLT,1.1676627720909312,62
2025-01-27,USO,-1.0362417691766344,416
2025-01-27,UUP,-1.5003699888583037,984
2025-01-28,GLD,2.1356719655710394,12
2025-01-28,SPY,-0.087083453719444467,4318
2025-01-28,TLT,2.0125489964870917,82
2025-01-28,USO,-1.2905171107952997,385
2025-01-28,UUP,-1.1281268803505657,865
2025-01-29,GLD,2.6705875108190402,18
2025-01-29,SPY,-0.059090216739709565,3336
2025-01-29,TLT,2.1522097883386246,68
2025-01-29,USO,-1.0560144035844616,395
2025-01-29,UUP,-1.4580987810349582,1213
2025-01-30,GLD,2.4247770374037256,46
2025-01-30,SPY,-0.72941796923359781,3718
2025-01-30,TLT,0.63764610239387287,108
2025-01-30,USO,-0.12144188448919513,350
2025-01-30,UUP,-1.5901319051419487,1354
2025-01-31,GLD,1.8032248812138103,42
2025-01-31,SPY,-0.39069277239879879,3142
2025-01-31,TLT,1.6410463360685317,66
2025-01-31,USO,-0.68516132478243108,377
2025-01-31,UUP,-1.0922016288391341,934
2025-02-01,GLD,4.7236420054912314,19
2025-02-01,SPY,-0.7745523243333069,1390
2025-02-01,TLT,1.3112031045102837,19
2025-02-01,USO,1.1688314911207696,312
2025-02-01,UUP,-1.5637645517948831,476
2025-02-02,GLD,3.9111512047612367,10
2025-02-02,SPY,-1.2962998200231139,1267
2025-02-02,TLT,2.3294711875013352,20
2025-02-02,USO,-0.76834662814852672,253
2025-02-02,UUP,-2.1388714861534872,309
2025-02-03,GLD,3.1017031220303957,24
2025-02-03,SPY,-1.5162665092034182,3616
2025-02-03,TLT,0.27420879146101435,55
2025-02-03,USO,-0.41887814539228396,430
2025-02-03,UUP,-1.9574137380392476,995
2025-02-04,GLD,5.653949814736162,43
2025-02-04,SPY,-0.78636387828490562,3390
2025-02-04,TLT,1.3579428909484708,61
2025-02-04,USO,-1.19087026344216,534
2025-02-04,UUP,-2.2543372189860431,623
2025-02-05,GLD,3.60982329651011,39
2025-02-05,SPY,-0.27584073918556412,3706
2025-02-05,TLT,0.58334035250923366,65
2025-02-05,USO,-0.20599275228519973,541
2025-02-05,UUP,-1.6018207710912022,591
2025-02-06,GLD,2.8702010447842388,34
2025-02-06,SPY,-0.061230131643993616,3452
2025-02-06,TLT,1.8602730554696756,73
2025-02-06,USO,-0.662071439006178,491
2025-02-06,UUP,-1.9837324999995849,854
2025-02-07,GLD,3.4838869163163997,20
2025-02-07,SPY,-0.28293172606129013,3575
2025-02-07,TLT,1.4680524004101108,70
2025-02-07,USO,-0.31325588789580217,368
2025-02-07,UUP,-1.2080433106547688,810
2025-02-08,GLD,4.8931881208797812,30
2025-02-08,SPY,-0.21228206988922185,1364
2025-02-08,TLT,2.4462577412560611,35
2025-02-08,USO,0.42699384768143556,378
2025-02-08,UUP,-1.5450822447173462,315
2025-02-09,GLD,1.7932075470408242,9
2025-02-09,SPY,0.17977728715817265,1058
2025-02-09,TLT,-0.49173854016536456,9
2025-02-09,USO,-0.60990137285259516,182
2025-02-09,UUP,-1.6150319112885232,519
2025-02-10,GLD,2.1626569814027339,43
2025-02-10,SPY,-0.35134779880083317,2932
2025-02-10,TLT,2.3527283004222386,86
2025-02-10,USO,-1.2769209924393674,361
2025-02-10,UUP,-1.2972043880203941,832
2025-02-11,GLD,2.4082312623569062,39
2025-02-11,SPY,-0.53634136966893831,3810
2025-02-11,TLT,1.3840460402282586,87
2025-02-11,USO,-0.973077372256369,390
2025-02-11,UUP,-1.6473427581536138,1100
2025-02-12,GLD,0.99456049002081537,23
2025-02-12,SPY,-0.57037689649681511,3524
2025-02-12,TLT,1.0561233498819576,61
2025-02-12,USO,-0.95045702512201147,483
2025-02-12,UUP,-1.7769714231274651,1671
2025-02-13,GLD,3.6488605441983748,29
2025-02-13,SPY,-0.40927697934757223,3475
2025-02-13,TLT,1.0607926049213037,91
2025-02-13,USO,-1.3242080353660992,615
2025-02-13,UUP,-1.8367932437981185,1157
2025-02-14,GLD,4.06888205053318,18
2025-02-14,SPY,-0.564967090287718,3281
2025-02-14,TLT,2.0738693575035709,131
2025-02-14,USO,-1.7640900978741021,460
2025-02-14,UUP,-1.6316988718284129,684
2025-02-15,GLD,3.105116436923304,13
2025-02-15,SPY,-0.93538717572009689,1149
2025-02-15,TLT,2.5147682523658084,30
2025-02-15,USO,-0.10201374682846352,279
2025-02-15,UUP,-1.5204594508913165,322
2025-02-16,GLD,1.6827698693264515,6
2025-02-16,SPY,-0.022768683671346823,830
2025-02-16,TLT,2.7507283118656196,30
2025-02-16,USO,-0.4697578059619919,148
2025-02-16,UUP,-1.132766232096682,202
2025-02-17,GLD,0.27035688309513028,34
2025-02-17,SPY,-0.09841884962054076,1872
2025-02-17,TLT,3.1833234660077054,198
2025-02-17,USO,-0.77475141500416878,331
2025-02-17,UUP,-1.5639594324967243,512
2025-02-18,GLD,3.2948173080821572,29
2025-02-18,SPY,-0.053697444488222557,2332
2025-02-18,TLT,2.8635850316191958,91
2025-02-18,USO,-0.039420237759752466,448
2025-02-18,UUP,-1.3485036349369175,572
2025-02-19,GLD,1.84566559175454,34
2025-02-19,SPY,-0.70595308157477565,2803
2025-02-19,TLT,1.4489859332451989,81
2025-02-19,USO,-0.32811748357880288,380
2025-02-19,UUP,-1.0950662659782864,801
2025-02-20,GLD,3.1578910827264579,40
2025-02-20,SPY,-0.25258441493546263,2852
2025-02-20,TLT,1.8873192670562926,89
2025-02-20,USO,-0.14046630087978093,471
2025-02-20,UUP,-1.4563141861213964,906
2025-02-21,GLD,2.6794638028766768,41
2025-02-21,SPY,-0.54707876962423985,2916
2025-02-21,TLT,1.1666100619593056,195
2025-02-21,USO,-0.041984353866705584,368
2025-02-21,UUP,-1.0178500432769946,912
2025-02-22,GLD,3.8269973686575058,10
2025-02-22,SPY,-0.28530220669926076,958
2025-02-22,TLT,0.80134105718953874,42
2025-02-22,USO,1.0481066308493678,260
2025-02-22,UUP,-1.2941023903224476,215
2025-02-23,GLD,4.0890217968212008,9
2025-02-23,SPY,-0.58932479491395762,810
2025-02-23,TLT,2.3981410894965505,30
2025-02-23,USO,0.34859552274839595,143
2025-02-23,UUP,-1.0493278773993395,351
2025-02-24,GLD,2.128999542259177,22
2025-02-24,SPY,-0.655007594844901,2588
2025-02-24,TLT,1.1721040104506864,72
2025-02-24,USO,-0.58436059456457978,383
2025-02-24,UUP,-1.1961247616181017,605
2025-02-25,GLD,4.9610484697960242,34
2025-02-25,SPY,-0.9674117763932264,2660
2025-02-25,TLT,1.4362075649986816,79
2025-02-25,USO,-1.1563618118160868,416
2025-02-25,UUP,-1.9365594315698094,592
2025-02-26,GLD,2.9538398555784324,23
2025-02-26,SPY,-0.43155180380769453,3161
2025-02-26,TLT,0.79520405665914018,94
2025-02-26,USO,-0.078009847080219116,578
2025-02-26,UUP,-1.6618617551944563,516
2025-02-27,GLD,2.6227739313546232,25
2025-02-27,SPY,-0.45797743256279894,2965
2025-02-27,TLT,-0.36709559282958343,46
2025-02-27,USO,-0.31510096657432374,379
2025-02-27,UUP,-2.1078733619171821,974
2025-02-28,GLD,4.5726233361741553,17
2025-02-28,SPY,-0.8555399684063052,3138
2025-02-28,TLT,-0.23740409591363781,76
2025-02-28,USO,-0.70919432836588792,607
2025-02-28,UUP,-2.0742470249865015,1015
2025-03-01,GLD,4.3510002445713951,8
2025-03-01,SPY,-0.705822204119621,1184
2025-03-01,TLT,4.0993168093378785,23
2025-03-01,USO,0.62754719171300333,270
2025-03-01,UUP,-1.5148252945318541,349
2025-03-02,GLD,3.2993253980361805,7
2025-03-02,SPY,-0.54288810127470677,675
2025-03-02,TLT,1.4014043678287644,17
2025-03-02,USO,-0.12993093205776565,143
2025-03-02,UUP,-2.0549521401813764,125
2025-03-03,GLD,3.0968775951902927,25
2025-03-03,SPY,-0.40919556905069981,2589
2025-03-03,TLT,0.76869536040554842,47
2025-03-03,USO,-0.45302553946405938,365
2025-03-03,UUP,-1.57879031765897,573
2025-03-04,GLD,2.9318637637913429,38
2025-03-04,SPY,-1.4528599563256492,4563
2025-03-04,TLT,1.0480184619070712,54
2025-03-04,USO,-0.52996657842807138,451
2025-03-04,UUP,-1.7587470989947307,871
2025-03-05,GLD,4.0129262434205026,20
2025-03-05,SPY,-1.1139861070026247,3788
2025-03-05,TLT,0.92650779445351072,93
2025-03-05,USO,-0.90508791604568872,411
2025-03-05,UUP,-1.768831746217973,726
2025-03-06,GLD,3.4174033221808093,20
2025-03-06,SPY,-0.80484413384551656,3416
2025-03-06,TLT,0.17853348362929528,100
2025-03-06,USO,-0.12754933934153451,452
2025-03-06,UUP,-2.2210888941007245,747
2025-03-07,GLD,3.6833235569494236,13
2025-03-07,SPY,-1.1725601485469213,3606
2025-03-07,TLT,0.12591582015072103,64
2025-03-07,USO,-1.3833094295449935,566
2025-03-07,UUP,-2.0275651826096612,904
2025-03-08,GLD,6.3823178633989439,12
2025-03-08,SPY,-0.98805799295745877,1070
2025-03-08,TLT,1.0623810408051475,15
2025-03-08,USO,-0.059477730338046875,238
2025-03-08,UUP,-2.0982883000268173,290
2025-03-09,GLD,4.918519956167108,15
2025-03-09,SPY,-0.86915659354007568,1007
2025-03-09,TLT,0.89320688479923882,20
2025-03-09,USO,0.72995815246729823,146
2025-03-09,UUP,-1.6640892324163192,272
2025-03-10,GLD,2.7528482162785326,22
2025-03-10,SPY,-1.7494051988707606,3756
2025-03-10,TLT,-0.67054742301628056,95
2025-03-10,USO,-0.1813106887516468,503
2025-03-10,UUP,-2.8076033930816706,1001
2025-03-11,GLD,2.7841845655651687,28
2025-03-11,SPY,-2.392132424477162,5449
2025-03-11,TLT,0.14486919768321477,106
2025-03-11,USO,-0.96207729751125914,442
2025-03-11,UUP,-3.0858708341245187,998
2025-03-12,GLD,1.874166120479499,23
2025-03-12,SPY,-1.3272785154844167,4224
2025-03-12,TLT,0.92991080721074848,96
2025-03-12,USO,-1.1612130728532635,460
2025-03-12,UUP,-2.252620640213038,1150
2025-03-13,GLD,1.9889217915062549,28
2025-03-13,SPY,-1.1867506270833754,3756
2025-03-13,TLT,0.90173169698451228,89
2025-03-13,USO,-0.68424856321218819,395
2025-03-13,UUP,-2.0579191492075877,888
2025-03-14,GLD,0.84286920641395868,84
2025-03-14,SPY,-0.91090358979964425,3112
2025-03-14,TLT,2.0039339055999403,78
2025-03-14,USO,-0.32218808940843235,329
2025-03-14,UUP,-2.0697980654931323,598
2025-03-15,GLD,3.4483731257498613,20
2025-03-15,SPY,-1.2278879869270916,1035
2025-03-15,TLT,0.94758181613450754,28
2025-03-15,USO,-0.12349820040921901,226
2025-03-15,UUP,-2.0474372868368436,189
2025-03-16,GLD,2.7138589178224497,10
2025-03-16,SPY,-1.1059871788243563,813
2025-03-16,TLT,2.6918487544263634,21
2025-03-16,USO,-0.1497978089358214,259
2025-03-16,UUP,-1.8049701030923413,164
2025-03-17,GLD,3.1007865611182375,45
2025-03-17,SPY,-0.58808688591838276,2519
2025-03-17,TLT,1.5833637094682707,44
2025-03-17,USO,-0.53027327891745768,418
2025-03-17,UUP,-1.8491930239898258,860
2025-03-18,GLD,2.8444898958159239,48
2025-03-18,SPY,-0.49307917983822308,2935
2025-03-18,TLT,0.99769661246432451,63
2025-03-18,USO,-0.53412556791497035,386
2025-03-18,UUP,-1.3827034405475132,902
2025-03-19,GLD,2.6533502334973931,44
2025-03-19,SPY,-1.3372402068939064,3431
2025-03-19,TLT,0.17035600582021232,52
2025-03-19,USO,0.67743917140741217,433
2025-03-19,UUP,-2.17983991826582,1773
2025-03-20,GLD,3.7249978955346457,31
2025-03-20,SPY,-0.95529239258307319,3045
2025-03-20,TLT,1.8317851215377621,55
2025-03-20,USO,0.021982606212941541,432
2025-03-20,UUP,-1.4009216598166279,1558
2025-03-21,GLD,3.47503175961448,23
2025-03-21,SPY,-1.441451736549398,2893
2025-03-21,TLT,0.063731898345478447,77
2025-03-21,USO,-1.1575112124929852,425
2025-03-21,UUP,-1.7286229793068151,877
2025-03-22,GLD,3.3717208676145751,14
2025-03-22,SPY,-1.0454966055651422,848
2025-03-22,TLT,2.1603433842331228,12
2025-03-22,USO,-0.33927166207338633,196
2025-03-22,UUP,-1.5369180007829903,221
2025-03-23,GLD,4.2497367735496852,11
2025-03-23,SPY,-0.69406760826252334,865
2025-03-23,TLT,1.2460571500640427,17
2025-03-23,USO,0.16028039348847867,243
2025-03-23,UUP,-1.3283551194200636,205
2025-03-24,GLD,3.5733548978450553,23
2025-03-24,SPY,-1.0541494591420237,2979
2025-03-24,TLT,1.0714103228867047,69
2025-03-24,USO,-0.023534527561657831,386
2025-03-24,UUP,-1.5521690516750217,580
2025-03-25,GLD,4.368682142408546,25
2025-03-25,SPY,-0.66446837253171176,3023
2025-03-25,TLT,0.65386047279568538,40
2025-03-25,USO,-0.57984375536838706,394
2025-03-25,UUP,-1.1693265151803789,633
2025-03-26,GLD,4.5374720487248705,24
2025-03-26,SPY,-0.53105011596595719,2926
2025-03-26,TLT,0.844398675729069,64
2025-03-26,USO,-1.0138082658006879,460
2025-03-26,UUP,-1.5491940233265284,627
2025-03-27,GLD,3.3873256607413778,35
2025-03-27,SPY,-1.1138723377343775,3518
2025-03-27,TLT,-0.88525380570424006,45
2025-03-27,USO,-1.1904177625205459,467
2025-03-27,UUP,-1.5924722472779462,597
2025-03-28,GLD,0.19124905839949685,48
2025-03-28,SPY,-1.09138472535529,3110
2025-03-28,TLT,0.581698505365414,50
2025-03-28,USO,-0.61888432379871516,413
2025-03-28,UUP,-2.2916735655129346,1080
2025-03-29,GLD,5.0820115521382148,17
2025-03-29,SPY,-1.433443585026182,1644
2025-03-29,TLT,2.8919201877910319,27
2025-03-29,USO,-0.46780231242233317,219
2025-03-29,UUP,-2.223344558462248,264
2025-03-30,GLD,3.3063418515375749,10
2025-03-30,SPY,-0.79898041420154575,874
2025-03-30,TLT,2.5485399456491002,21
2025-03-30,USO,-0.10819498899815504,217
2025-03-30,UUP,-2.0715785998236083,117
2025-03-31,GLD,1.7892401792589896,54
2025-03-31,SPY,-1.5645899889783506,3146
2025-03-31,TLT,0.3913054603209386,69
2025-03-31,USO,-1.5924207374765802,405
2025-03-31,UUP,-2.3286480018041908,439
2025-04-01,GLD,1.7361513615295774,79
2025-04-01,SPY,-0.95904755465489444,3084
2025-04-01,TLT,1.2704448854695984,79
2025-04-01,USO,-0.66711631502134672,406
2025-04-01,UUP,-1.6698207614681035,426
2025-04-02,GLD,2.8767186392207345,29
2025-04-02,SPY,-0.970916814804158,3848
2025-04-02,TLT,0.30935769771479044,85
2025-04-02,USO,-0.87129625013932233,563
2025-04-02,UUP,-1.4781387934012304,707
2025-04-03,GLD,0.8110568069641102,99
2025-04-03,SPY,-2.0342110499660175,5656
2025-04-03,TLT,-1.1025622599170282,101
2025-04-03,USO,-0.37793726102747938,514
2025-04-03,UUP,-2.2429845523042826,1193
2025-04-04,GLD,3.2413505460934422,35
2025-04-04,SPY,-2.6769777850196967,7291
2025-04-04,TLT,-1.8141212434119416,117
2025-04-04,USO,-1.8852670068429054,780
2025-04-04,UUP,-2.8873040182743455,1768
2025-04-05,GLD,1.7740153953936046,11
2025-04-05,SPY,-2.6699910589491376,3047
2025-04-05,TLT,-1.537294201935492,37
2025-04-05,USO,-1.7393291451929449,298
2025-04-05,UUP,-2.3784293088975872,550
2025-04-06,GLD,3.9629617586836705,11
2025-04-06,SPY,-1.9217148215964193,1644
2025-04-06,TLT,0.82460190320190874,21
2025-04-06,USO,-0.51008311470612611,208
2025-04-06,UUP,-1.8063291021111181,253
2025-04-07,GLD,2.4644418365808747,42
2025-04-07,SPY,-2.9745921436962779,8254
2025-04-07,TLT,-1.4512157556985441,141
2025-04-07,USO,-2.19765780476038,645
2025-04-07,UUP,-2.9891426979434685,1764
2025-04-08,GLD,2.36766092754721,41
2025-04-08,SPY,-1.9461313070214972,6321
2025-04-08,TLT,0.014566149447347077,101
2025-04-08,USO,-0.81737290386233563,750
2025-04-08,UUP,-2.4831936427250607,885
2025-04-09,GLD,4.2753001059715352,28
2025-04-09,SPY,-1.8588379070070802,6692
2025-04-09,TLT,-1.3146526057419281,138
2025-04-09,USO,-1.6428204001380808,952
2025-04-09,UUP,-2.5878095488738815,622
2025-04-10,GLD,3.1865668771036955,44
2025-04-10,SPY,-1.4524704857623849,7396
2025-04-10,TLT,-0.008321434471158129,146
2025-04-10,USO,-0.65321081891530519,602
2025-04-10,UUP,-2.1487307655681658,967
2025-04-11,GLD,1.6348595179376884,69
2025-04-11,SPY,-1.7603943925731838,5098
2025-04-11,TLT,0.29726174809459965,141
2025-04-11,USO,-0.83123245573176,477
2025-04-11,UUP,-1.8965220470381492,675
2025-04-12,GLD,3.6173617205472381,37
2025-04-12,SPY,-1.3889467356639431,2163
2025-04-12,TLT,-0.45932494000214774,51
2025-04-12,USO,-0.56284174675657439,263
2025-04-12,UUP,-1.7535352375372546,257
2025-04-13,GLD,1.4546815904931907,16
2025-04-13,SPY,-1.2439994828975276,1222
2025-04-13,TLT,0.39737762276434241,27
2025-04-13,USO,-0.3306222453200236,208
2025-04-13,UUP,-1.3296777366527022,178
2025-04-14,GLD,3.0045934021112068,35
2025-04-14,SPY,-1.0568810163310813,3571
2025-04-14,TLT,1.2324728176589907,69
2025-04-14,USO,-0.68716328299934348,515
2025-04-14,UUP,-1.3834625417582724,607
2025-04-15,GLD,3.4222004272566711,35
2025-04-15,SPY,-0.87510776682733415,3578
2025-04-15,TLT,0.75549609610588586,81
2025-04-15,USO,-0.83276399249355049,589
2025-04-15,UUP,-1.1938402488032869,448
2025-04-16,GLD,2.8492184194077055,75
2025-04-16,SPY,-1.3198265650347325,3854
2025-04-16,TLT,0.74299488611809228,50
2025-04-16,USO,-0.37530136466470448,496
2025-04-16,UUP,-1.8963781879134971,860
2025-04-17,GLD,1.7542526461022818,35
2025-04-17,SPY,-1.286633179209262,3546
2025-04-17,TLT,-1.7910514323849003,88
2025-04-17,USO,-1.1335497897308149,529
2025-04-17,UUP,-2.5779191850104373,1761
2025-04-18,GLD,3.4216814481403506,27
2025-04-18,SPY,-0.97841122871070063,2093
2025-04-18,TLT,1.3470963244019754,28
2025-04-18,USO,0.31506778194459195,345
2025-04-18,UUP,-2.3252178533262415,1270
2025-04-19,GLD,4.0936636061310017,11
2025-04-19,SPY,-0.8430864002380517,904
2025-04-19,TLT,0.70954191312571291,5
2025-04-19,USO,0.60026290587108888,194
2025-04-19,UUP,-2.2046158887599709,271
2025-04-20,GLD,7.7915948829062787,9
2025-04-20,SPY,-0.96639487749142916,554
2025-04-20,TLT,0.49960448070418256,10
2025-04-20,USO,-0.26027705169321147,208
2025-04-20,UUP,-1.6444848998394421,155
2025-04-21,GLD,2.0223792733090993,48
2025-04-21,SPY,-1.7787018478979202,2485
2025-04-21,TLT,-0.88594139826030061,37
2025-04-21,USO,-1.0455005532154331,405
2025-04-21,UUP,-2.0472581593082149,1278
2025-04-22,GLD,1.1229417873798389,110
2025-04-22,SPY,-1.1143500236017836,3928
2025-04-22,TLT,-0.38964992022412631,86
2025-04-22,USO,-0.33788623670870055,465
2025-04-22,UUP,-2.3111481732830845,1977
2025-04-23,GLD,2.1179084983358294,76
2025-04-23,SPY,-1.9750882955309934,4971
2025-04-23,TLT,1.7416648179797711,88
2025-04-23,USO,-0.6482023585177169,464
2025-04-23,UUP,-1.8035985870857449,2039
2025-04-24,GLD,3.2391525209818823,31
2025-04-24,SPY,-1.137015328848185,3751
2025-04-24,TLT,0.36905643518855563,108
2025-04-24,USO,-0.32585326711490592,403
2025-04-24,UUP,-1.6069432036528308,1228
2025-04-25,GLD,4.0321477934177734,29
2025-04-25,SPY,-1.0962071298394485,3573
2025-04-25,TLT,0.71205361367513076,71
2025-04-25,USO,-0.67673360578109487,410
2025-04-25,UUP,-1.5013547957117563,948
2025-04-26,GLD,2.408528849953512,18
2025-04-26,SPY,-0.68345974589301051,1030
2025-04-26,TLT,-0.10131565601975631,20
2025-04-26,USO,0.020219907539061582,226
2025-04-26,UUP,-1.5222571634100752,243
2025-04-27,GLD,2.9692330152715884,9
2025-04-27,SPY,-1.1063677862497805,879
2025-04-27,TLT,0.49186594812892059,20
2025-04-27,USO,-0.054870836264744385,224
2025-04-27,UUP,-1.5307592836916879,172
2025-04-28,GLD,4.3429528475712189,24
2025-04-28,SPY,-0.48118772361568551,2970
2025-04-28,TLT,1.238587711817883,76
2025-04-28,USO,-0.36672470519399281,394
2025-04-28,UUP,-1.4243740105770601,692
2025-04-29,GLD,4.0343865197594218,34
2025-04-29,SPY,-0.29821803946057746,4464
2025-04-29,TLT,1.1231203867932771,55
2025-04-29,USO,-0.48754461804871585,494
2025-04-29,UUP,-1.2597563254840944,833
2025-04-30,GLD,4.3317071666237528,47
2025-04-30,SPY,-0.96285682295355457,4492
2025-04-30,TLT,-1.456756201612571,112
2025-04-30,USO,-1.1851206448988802,562
2025-04-30,UUP,-2.0714330811462665,1415
2025-05-01,GLD,3.2744559612503243,30
2025-05-01,SPY,-0.86310985738332446,3536
2025-05-01,TLT,0.15185600162673063,20
2025-05-01,USO,-0.7018984105270295,364
2025-05-01,UUP,-1.3040809655345584,654
2025-05-02,GLD,2.0928961116459792,24
2025-05-02,SPY,-0.8771580613060177,3581
2025-05-02,TLT,-0.23523606243919543,71
2025-05-02,USO,-0.65596649767606785,467
2025-05-02,UUP,-1.6407873910054389,883
2025-05-03,GLD,8.12807665865458,13
2025-05-03,SPY,-0.90027286630799364,1541
2025-05-03,TLT,-0.51604482658027484,12
2025-05-03,USO,-1.0742613213752636,214
2025-05-03,UUP,-1.785670838891078,277
2025-05-04,GLD,3.7442421390817446,14
2025-05-04,SPY,-1.1010385401583678,1594
2025-05-04,TLT,-0.80668544202904979,10
2025-05-04,USO,-0.41638099788623162,233
2025-05-04,UUP,-1.35671005570008,378
2025-05-05,GLD,3.1717982081505816,37
2025-05-05,SPY,-0.61353179634664345,3044
2025-05-05,TLT,0.14786129711266782,43
2025-05-05,USO,-0.507781400639536,496
2025-05-05,UUP,-1.549734794731066,802
2025-05-06,GLD,3.1981441791977967,54
2025-05-06,SPY,-0.52871858462260146,3351
2025-05-06,TLT,-0.29160705717225688,57
2025-05-06,USO,-0.48492855962295711,450
2025-05-06,UUP,-1.1956125928978161,1115
2025-05-07,GLD,1.6794537766989539,48
2025-05-07,SPY,-0.43217364750914222,3768
2025-05-07,TLT,0.20264821308806308,91
2025-05-07,USO,-0.20160193151933908,465
2025-05-07,UUP,-2.0091666803120405,1543
2025-05-08,GLD,3.5046568172832222,33
2025-05-08,SPY,-0.41937117939203494,3271
2025-05-08,TLT,0.73513121004739546,68
2025-05-08,USO,0.56966957701518239,488
2025-05-08,UUP,-1.8638112789209347,1473
2025-05-09,GLD,4.5444103090375121,33
2025-05-09,SPY,-0.14796669294406706,2654
2025-05-09,TLT,1.8382210649942774,45
2025-05-09,USO,0.075525501522215932,433
2025-05-09,UUP,-1.5041715674854172,791
2025-05-10,GLD,3.9750814871738327,20
2025-05-10,SPY,-0.542441774030522,764
2025-05-10,TLT,0.20188858961243655,11
2025-05-10,USO,-0.068430167008822068,322
2025-05-10,UUP,-1.5175361582071787,162
2025-05-11,GLD,6.3382106184217308,15
2025-05-11,SPY,-0.40775143916274048,681
2025-05-11,TLT,-0.3420109073327734,7
2025-05-11,USO,-0.41181929684988128,198
2025-05-11,UUP,-1.400037677422465,129
2025-05-12,GLD,3.5763263572788246,58
2025-05-12,SPY,-0.26782358839329407,3835
2025-05-12,TLT,0.54072767046015335,84
2025-05-12,USO,0.047221910858924659,446
2025-05-12,UUP,-1.2621786802065271,653
2025-05-13,GLD,4.1595380659642132,28
2025-05-13,SPY,-0.28285948720636916,3327
2025-05-13,TLT,0.78418128855618852,51
2025-05-13,USO,0.0045858055365134848,423
2025-05-13,UUP,-1.5618129011379058,1183
2025-05-14,GLD,5.3935126514794218,49
2025-05-14,SPY,-0.057347946500700714,3001
2025-05-14,TLT,0.50975823149738453,84
2025-05-14,USO,0.10199980194884919,557
2025-05-14,UUP,-1.3082959736713202,641
2025-05-15,GLD,3.0981583945522213,42
2025-05-15,SPY,-0.47149148373705746,2889
2025-05-15,TLT,-0.783891139795079,75
2025-05-15,USO,0.0801648574187355,501
2025-05-15,UUP,-1.6325970167967159,750
2025-05-16,GLD,2.8093951995767292,51
2025-05-16,SPY,-0.94739616673417526,2898
2025-05-16,TLT,0.19207073334679045,64
2025-05-16,USO,0.24246951957734245,391
2025-05-16,UUP,-1.7904768390650021,789
2025-05-17,GLD,2.6502246190655292,18
2025-05-17,SPY,-0.62868013759726027,915
2025-05-17,TLT,-0.62415736124390664,30
2025-05-17,USO,-0.99608403171858373,261
2025-05-17,UUP,-2.1334384782009286,226
2025-05-18,GLD,2.0595570029348158,14
2025-05-18,SPY,-0.71846789295688973,560
2025-05-18,TLT,-0.3948849521469488,11
2025-05-18,USO,1.3519141073634164,237
2025-05-18,UUP,-2.1631914199152229,163
2025-05-19,GLD,4.3356143094512749,27
2025-05-19,SPY,-1.1612361336150065,2395
2025-05-19,TLT,-0.65649341880617018,54
2025-05-19,USO,0.75956808201319159,539
2025-05-19,UUP,-1.8002385538064651,555
2025-05-20,GLD,4.9146657645417831,21
2025-05-20,SPY,-0.97713832986715787,2842
2025-05-20,TLT,0.36905366082741531,60
2025-05-20,USO,0.3511449535673985,477
2025-05-20,UUP,-2.0569184040682753,531
2025-05-21,GLD,3.4607897095244837,24
2025-05-21,SPY,-0.96424600497682345,2936
2025-05-21,TLT,-0.42153462487652005,76
2025-05-21,USO,-0.93085273824941916,566
2025-05-21,UUP,-1.9147421221129537,559
2025-05-22,GLD,2.8712224742179808,28
2025-05-22,SPY,-1.0778535057878973,3643
2025-05-22,TLT,-1.9252870009303982,70
2025-05-22,USO,-1.0297529693408298,373
2025-05-22,UUP,-1.5057298311789264,709
2025-05-23,GLD,2.6764895747547524,23
2025-05-23,SPY,-1.062723501817735,3513
2025-05-23,TLT,-0.46777158200404806,112
2025-05-23,USO,-1.0320822264644902,462
2025-05-23,UUP,-1.6730056540408857,672
2025-05-24,GLD,6.83912039651166,13
2025-05-24,SPY,-1.1942840704132793,1109
2025-05-24,TLT,1.1859599385122759,23
2025-05-24,USO,-1.3865716560830574,297
2025-05-24,UUP,-0.34911152808671014,173
2025-05-25,GLD,5.9533897284817119,9
2025-05-25,SPY,-0.45563507511850521,755
2025-05-25,TLT,0.65732603738898376,38
2025-05-25,USO,-0.33224117032961015,378
2025-05-25,UUP,-1.0774427289526969,169
2025-05-26,GLD,1.1502214389680481,39
2025-05-26,SPY,-0.47115571141920221,1880
2025-05-26,TLT,1.7640065825852167,174
2025-05-26,USO,-1.0690730378412234,502
2025-05-26,UUP,-2.1385790553597617,310
2025-05-27,GLD,3.3875194537419184,31
2025-05-27,SPY,-0.51604571631098417,2847
2025-05-27,TLT,2.4146634830528941,184
2025-05-27,USO,-0.58872554324404935,366
2025-05-27,UUP,-1.2750157386328662,504
2025-05-28,GLD,3.0705960582800511,32
2025-05-28,SPY,-1.0859493481421443,3648
2025-05-28,TLT,1.4619079912932427,97
2025-05-28,USO,0.15039997308631886,416
2025-05-28,UUP,-1.1622264502153583,621
2025-05-29,GLD,3.6352986312187112,34
2025-05-29,SPY,-0.90077541169559,3805
2025-05-29,TLT,0.97749036527206434,116
2025-05-29,USO,-0.46353964869413988,398
2025-05-29,UUP,-1.574502695215239,1004
2025-05-30,GLD,4.4886883936112172,24
2025-05-30,SPY,-1.0833658286278121,3057
2025-05-30,TLT,1.4991352962369151,113
2025-05-30,USO,-0.47828051834071977,414
2025-05-30,UUP,-0.87936130415541558,834
2025-05-31,GLD,5.7003652836987388,11
2025-05-31,SPY,-0.92983470633924914,1007
2025-05-31,TLT,1.0640153674787836,31
2025-05-31,USO,-0.47277606329859106,238
2025-05-31,UUP,-0.78825672092514465,212
2025-06-01,GLD,1.3761935773445442,17
2025-06-01,SPY,-0.37317521273228393,806
2025-06-01,TLT,-0.75491297588881556,25
2025-06-01,USO,-0.60519407441223128,259
2025-06-01,UUP,-0.7029358139945503,138
2025-06-02,GLD,3.8366695567626867,25
2025-06-02,SPY,-0.93529778144655662,2598
2025-06-02,TLT,-1.0588498432040045,68
2025-06-02,USO,-1.0519263063242685,420
2025-06-02,UUP,-1.5417233520309417,504
2025-06-03,GLD,2.7630949315423412,34
2025-06-03,SPY,-0.82816040933254231,2812
2025-06-03,TLT,-0.32797407948226132,81
2025-06-03,USO,0.01401593513775159,497
2025-06-03,UUP,-1.7995037972084011,595
2025-06-04,GLD,2.9681867704775189,33
2025-06-04,SPY,-0.45752444046266322,3037
2025-06-04,TLT,0.71155491046837882,82
2025-06-04,USO,0.10164522573503641,420
2025-06-04,UUP,-1.5485544454008913,728
2025-06-05,GLD,4.3721569081009743,22
2025-06-05,SPY,-0.78289761299294169,2829
2025-06-05,TLT,-0.032603184030472923,87
2025-06-05,USO,-0.045299304017091008,368
2025-06-05,UUP,-1.5952136148458214,853
2025-06-06,GLD,4.9626155519247783,21
2025-06-06,SPY,-1.0997692321736987,2773
2025-06-06,TLT,0.65231807783631712,98
2025-06-06,USO,-0.25606203431139585,358
2025-06-06,UUP,-1.8386686288493486,994
2025-06-07,GLD,4.1776658465646612,19
2025-06-07,SPY,-0.774647254647825,869
2025-06-07,TLT,0.95613917092730438,20
2025-06-07,USO,-0.28952106110070952,248
2025-06-07,UUP,-0.96413491259556838,214
2025-06-08,GLD,3.2826452323648878,19
2025-06-08,SPY,-0.86448714258214676,733
2025-06-08,TLT,0.51420006165777876,23
2025-06-08,USO,-0.15191516676594724,176
2025-06-08,UUP,-1.030668124161469,117
2025-06-09,GLD,4.6267159544536041,37
2025-06-09,SPY,-0.31183761406547106,2396
2025-06-09,TLT,0.52500601278138559,75
2025-06-09,USO,-0.41895675674830873,340
2025-06-09,UUP,-1.1988489808144158,427
2025-06-10,GLD,2.93718075089523,28
2025-06-10,SPY,-0.39684085285797382,3359
2025-06-10,TLT,0.663154382759011,81
2025-06-10,USO,0.066432827565054864,407
2025-06-10,UUP,-1.1862324401574671,456
2025-06-11,GLD,3.6685215433107516,31
2025-06-11,SPY,-0.28455919287205467,3142
2025-06-11,TLT,0.45832903450398677,76
2025-06-11,USO,-0.3779593718209423,459
2025-06-11,UUP,-1.0130281724410362,950
2025-06-12,GLD,3.2508379718837657,31
2025-06-12,SPY,-1.249077288814582,2249
2025-06-12,TLT,0.08306048997770954,64
2025-06-12,USO,-0.7405465950220198,472
2025-06-12,UUP,-1.8160615882553228,693
2025-06-13,GLD,1.6813315911405442,54
2025-06-13,SPY,-1.8873458858072236,3113
2025-06-13,TLT,-0.88238480902056116,79
2025-06-13,USO,-2.3903029707563817,924
2025-06-13,UUP,-2.1772780168392414,635
2025-06-14,GLD,0.4121898906721409,19
2025-06-14,SPY,-1.4692862240747324,820
2025-06-14,TLT,1.4532463859151736,28
2025-06-14,USO,-2.4556811918509656,320
2025-06-14,UUP,-1.5249079608352756,128
2025-07-02,GLD,4.0196061212162055,24
2025-07-02,SPY,-0.42030547353231335,3141
2025-07-02,TLT,1.2771456789467679,90
2025-07-02,USO,-1.2555588665856718,554
2025-07-02,UUP,-1.8401287191435995,913
2025-07-03,GLD,4.2088719235247316,25
2025-07-03,SPY,-0.25284116512523408,2788
2025-07-03,TLT,1.3814817184914274,93
2025-07-03,USO,-0.63733818433291212,518
2025-07-03,UUP,-2.0219262843240378,1229
2025-07-04,GLD,3.9348835205669888,15
2025-07-04,SPY,-0.49538818936135265,2007
2025-07-04,TLT,-0.14398890471638456,57
2025-07-04,USO,-0.79408914800752561,438
2025-07-04,UUP,-1.0626367760338324,410
2025-07-05,GLD,5.0951909996791995,17
2025-07-05,SPY,-0.16969539580693804,815
2025-07-05,TLT,-0.13505605180234975,23
2025-07-05,USO,-0.45617524542398913,237
2025-07-05,UUP,0.041330690192341424,233
2025-07-06,GLD,1.1183863416024071,47
2025-07-06,SPY,-0.14084175053213302,694
2025-07-06,TLT,0.99538012168156564,23
2025-07-06,USO,0.13140773660753896,191
2025-07-06,UUP,-1.377407462507739,208
2025-07-07,GLD,1.895314704708023,37
2025-07-07,SPY,-0.59103686978911651,2660
2025-07-07,TLT,0.33424778688700779,59
2025-07-07,USO,-1.3233822520742675,495
2025-07-07,UUP,-1.4814294798018999,533
2025-07-08,GLD,2.8955732303119177,23
2025-07-08,SPY,-0.95589852069225612,3652
2025-07-08,TLT,1.1193088524118779,61
2025-07-08,USO,-0.6927754738166968,442
2025-07-08,UUP,-1.4485417145392521,498
2025-07-09,GLD,4.1192031800130318,23
2025-07-09,SPY,-0.52761824884162534,3171
2025-07-09,TLT,0.58131374065747354,48
2025-07-09,USO,-0.19772308840267527,558
2025-07-09,UUP,-1.542256051181397,568
2025-07-10,GLD,2.9108792714091507,21
2025-07-10,SPY,-0.110356379217646,2984
2025-07-10,TLT,0.0698564643701057,70
2025-07-10,USO,-0.12414519791616128,551
2025-07-10,UUP,-1.6608153235401675,759
2025-07-11,GLD,4.379154646651215,14
2025-07-11,SPY,-0.71706296217865562,2904
2025-07-11,TLT,-0.31223420162893645,68
2025-07-11,USO,-0.39272745808231552,484
2025-07-11,UUP,-2.20449113960578,661
2025-07-12,GLD,7.9537396224382864,8
2025-07-12,SPY,-0.52367157696546762,944
2025-07-12,TLT,0.45404557943543727,13
2025-07-12,USO,-0.69789187867374747,181
2025-07-12,UUP,-1.7547210699631968,204
2025-07-13,GLD,1.4783874597632716,7
2025-07-13,SPY,-0.46333477530137224,838
2025-07-13,TLT,-0.076210935851345307,14
2025-07-13,USO,-0.051986485400715418,177
2025-07-13,UUP,-1.4586717387750594,310
2025-07-14,GLD,3.5336806725654704,29
2025-07-14,SPY,-0.88039622568295339,2429
2025-07-14,TLT,-0.3878597315671341,85
2025-07-14,USO,-0.31519732521662142,469
2025-07-14,UUP,-1.8408790818749032,862
2025-07-15,GLD,3.1465053080142678,36
2025-07-15,SPY,-0.24942698820351844,2703
2025-07-15,TLT,-0.25542231002531407,71
2025-07-15,USO,0.1335395607687711,609
2025-07-15,UUP,-1.6410399322763618,1585
2025-07-16,GLD,3.0114219411158274,17
2025-07-16,SPY,-0.30226392963023607,3136
2025-07-16,TLT,0.90448130674213634,59
2025-07-16,USO,-0.4154586765387141,571
2025-07-16,UUP,-1.8751383155488075,2084
2025-07-17,GLD,3.0615681951091127,25
2025-07-17,SPY,-0.387614081632341,3282
2025-07-17,TLT,1.1779085113571093,57
2025-07-17,USO,-0.22356320589615136,395
2025-07-17,UUP,-1.7333362194011352,1649
2025-07-18,GLD,4.3935494358679508,16
2025-07-18,SPY,-1.3321204992764317,4967
2025-07-18,TLT,0.75266442999422378,63
2025-07-18,USO,-0.99447058337022576,566
2025-07-18,UUP,-0.73482259019563656,1468
2025-07-19,GLD,2.6992836577117534,12
2025-07-19,SPY,-1.8311677341732042,2442
2025-07-19,TLT,1.7845465706162418,19
2025-07-19,USO,0.28723387204834561,202
2025-07-19,UUP,-1.0011418134711463,445
2025-07-20,GLD,5.69927544827774,15
2025-07-20,SPY,-1.0613246614660949,941
2025-07-20,TLT,1.12860737014665,8
2025-07-20,USO,0.1537570383918187,169
2025-07-20,UUP,-1.4844333598305977,246
2025-07-21,GLD,4.0056086302736356,17
2025-07-21,SPY,-0.81508304145529065,3281
2025-07-21,TLT,-0.610032662005617,71
2025-07-21,USO,0.064269879688754139,443
2025-07-21,UUP,-1.6969554934148712,688
2025-07-22,GLD,4.6172277149232563,21
2025-07-22,SPY,-0.62053976586822646,3938
2025-07-22,TLT,0.1314381002370543,58
2025-07-22,USO,0.10961727732947485,589
2025-07-22,UUP,-1.5038002296741924,888
2025-07-23,GLD,2.1183493148814452,31
2025-07-23,SPY,-0.092008017681979568,3755
2025-07-23,TLT,1.5277589393466218,89
2025-07-23,USO,0.26801385590655746,517
2025-07-23,UUP,-0.78637058429753415,716
2025-07-24,GLD,3.0341741938908919,27
2025-07-24,SPY,-0.59988602194827656,4924
2025-07-24,TLT,1.3843905239091185,73
2025-07-24,USO,-0.92611464487870987,594
2025-07-24,UUP,-1.8952660575300253,1649
2025-07-25,GLD,3.7576334977693389,27
2025-07-25,SPY,-0.71549114432346217,4120
2025-07-25,TLT,0.948725827193425,74
2025-07-25,USO,-1.5660418036898354,548
2025-07-25,UUP,-1.5373951768564822,1532
2025-07-26,GLD,4.9328781783166313,5
2025-07-26,SPY,-0.36511611607514632,1298
2025-07-26,TLT,1.9176087126365948,20
2025-07-26,USO,0.28934906843277008,176
2025-07-26,UUP,-1.0708208737196339,341
2025-07-27,GLD,2.5095055910788964,6
2025-07-27,SPY,-0.32079944499235624,1135
2025-07-27,TLT,2.8538486906969127,19
2025-07-27,USO,-0.37116548351605894,176
2025-07-27,UUP,-1.6179885771098486,319
2025-07-28,GLD,3.9473675802523993,15
2025-07-28,SPY,-0.29149771538154479,3161
2025-07-28,TLT,1.3091283284095305,52
2025-07-28,USO,0.32104449874375984,422
2025-07-28,UUP,-0.76061734123247016,968
2025-07-29,GLD,2.4164377847301437,26
2025-07-29,SPY,-0.20736019604690617,3765
2025-07-29,TLT,0.54604781401033353,68
2025-07-29,USO,-0.22129347165352914,489
2025-07-29,UUP,-1.0861762508625952,1198
2025-07-30,GLD,2.8522795405210597,22
2025-07-30,SPY,-0.22744889506928789,3782
2025-07-30,TLT,0.40866561920370642,73
2025-07-30,USO,-0.50526263969703178,506
2025-07-30,UUP,-1.7428696768046954,1967
2025-07-31,GLD,3.3103128298456261,27
2025-07-31,SPY,0.1677875757696283,3842
2025-07-31,TLT,0.21514689040836973,45
2025-07-31,USO,-0.0475191639132787,475
2025-07-31,UUP,-1.6734247172812209,1606
2025-08-01,GLD,2.982846773960564,21
2025-08-01,SPY,-1.0079503500545475,3914
2025-08-01,TLT,-1.5255382799751087,41
2025-08-01,USO,-0.81865385171989913,521
2025-08-01,UUP,-2.219443242527277,2105
2025-08-02,GLD,2.9934142197802176,5
2025-08-02,SPY,-1.0498260605679435,1071
2025-08-02,TLT,-2.527178000015541,17
2025-08-02,USO,-0.79528961170274171,278
2025-08-02,UUP,-2.280974347075388,695
2025-08-03,GLD,4.0454787282921059,8
2025-08-03,SPY,0.051020405183125228,840
2025-08-03,TLT,0.15075265295512663,8
2025-08-03,USO,-0.31732023533354548,231
2025-08-03,UUP,-1.9482035044824564,242
2025-08-04,GLD,2.7560362567143142,26
2025-08-04,SPY,-0.54145276147634858,2897
2025-08-04,TLT,0.093768252537408836,28
2025-08-04,USO,-0.051185972997872919,448
2025-08-04,UUP,-2.223789678399021,1006
2025-08-05,GLD,3.972903214788909,29
2025-08-05,SPY,-0.41986963511244652,3593
2025-08-05,TLT,-0.0053317448752072671,95
2025-08-05,USO,-0.32304992999418242,504
2025-08-05,UUP,-1.2238118165652989,1310
2025-08-06,GLD,2.2127009818654635,45
2025-08-06,SPY,0.0714160706043634,3248
2025-08-06,TLT,1.0780872982184335,46
2025-08-06,USO,-0.77477377291468619,423
2025-08-06,UUP,-1.0517687129914159,894
2025-08-07,GLD,3.2673143938982743,35
2025-08-07,SPY,-0.29381119338333611,3410
2025-08-07,TLT,0.61937704030935248,72
2025-08-07,USO,0.34600580464315017,488
2025-08-07,UUP,-1.2845903306879287,1099
2025-08-08,GLD,0.025773897319710137,53
2025-08-08,SPY,-0.39194155775492562,2645
2025-08-08,TLT,0.19041455525719914,60
2025-08-08,USO,-0.41782597974248359,416
2025-08-08,UUP,-0.97588034858568828,1126
2025-08-09,GLD,5.4359165900621926,14
2025-08-09,SPY,-0.94381905505513253,1143
2025-08-09,TLT,-0.031782690663364588,8
2025-08-09,USO,0.69256403008480472,166
2025-08-09,UUP,-1.451869472281017,388
2025-08-10,GLD,5.751791378608563,9
2025-08-10,SPY,-0.96364868219723265,1062
2025-08-10,TLT,1.202413321028559,15
2025-08-10,USO,-0.20064163641402363,132
2025-08-10,UUP,-2.4432634625574461,309
2025-08-11,GLD,2.0624316653067307,36
2025-08-11,SPY,-0.4386348971937124,2434
2025-08-11,TLT,0.27520541158260176,57
2025-08-11,USO,-0.80448534517035686,342
2025-08-11,UUP,-1.3380513237733238,866
2025-08-12,GLD,2.2920805764127636,31
2025-08-12,SPY,-0.85698489500513453,3112
2025-08-12,TLT,0.87514119038432137,72
2025-08-12,USO,-0.32186078739407342,455
2025-08-12,UUP,-1.267229265513991,1424
2025-08-13,GLD,3.6391989912256557,34
2025-08-13,SPY,-0.23109247570138766,2955
2025-08-13,TLT,0.41863637910455292,63
2025-08-13,USO,-1.1327603918559708,558
2025-08-13,UUP,-0.85265548934500546,1337
2025-08-14,GLD,2.2723112937507968,32
2025-08-14,SPY,-0.22373955581920552,2961
2025-08-14,TLT,-0.062679071720388044,92
2025-08-14,USO,-0.29927737888293759,550
2025-08-14,UUP,-1.2352393245729387,1285
2025-08-15,GLD,3.04322415723986,13
2025-08-15,SPY,-0.46926986557304695,2424
2025-08-15,TLT,-1.3629077064230721,21
2025-08-15,USO,-0.55830925093576445,418
2025-08-15,UUP,-1.3653566733851235,1111
2025-08-16,GLD,5.7963568943105281,6
2025-08-16,SPY,-0.31958968568669593,809
2025-08-16,TLT,-0.300059910504487,18
2025-08-16,USO,0.31224215541618494,197
2025-08-16,UUP,-1.4531855404845135,294
2025-08-17,GLD,3.1682351022367472,4
2025-08-17,SPY,0.24033054433237622,788
2025-08-17,TLT,-1.053772272643368,10
2025-08-17,USO,0.48042760415156766,245
2025-08-17,UUP,-1.3858147856258345,231
2025-08-18,GLD,4.9340441722332491,32
2025-08-18,SPY,-0.35309182856018739,2384
2025-08-18,TLT,0.07624625145079289,49
2025-08-18,USO,0.14409089320488053,439
2025-08-18,UUP,-1.2931790037573325,816
2025-08-19,GLD,3.0965510219295456,25
2025-08-19,SPY,-0.47478518603983172,2754
2025-08-19,TLT,0.3187056216733376,82
2025-08-19,USO,-0.917573689067831,527
2025-08-19,UUP,-1.049233598061962,797
2025-08-20,GLD,3.3957790840953681,24
2025-08-20,SPY,-0.6217957900064458,3043
2025-08-20,TLT,-0.9115563695278629,74
2025-08-20,USO,-0.24137801523212504,524
2025-08-20,UUP,-1.8871549441552926,1469
2025-08-21,GLD,3.8493414560906896,29
2025-08-21,SPY,-0.69827713204452269,2932
2025-08-21,TLT,-0.33644809691986188,66
2025-08-21,USO,-0.95633991680375829,805
2025-08-21,UUP,-2.1274648708497583,1566
2025-08-22,GLD,3.0711066585445659,28
2025-08-22,SPY,-1.2263527645019729,3138
2025-08-22,TLT,0.13161158422319424,79
2025-08-22,USO,-0.86730695687029424,669
2025-08-22,UUP,-2.6759880709546788,1892
2025-08-23,GLD,3.9552002842589959,9
2025-08-23,SPY,-0.79219187790584977,1050
2025-08-23,TLT,0.21968863039390807,12
2025-08-23,USO,0.091722399387863973,259
2025-08-23,UUP,-2.3951697518611277,533
2025-08-24,GLD,-3.5403468500628104,2
2025-08-24,SPY,-0.8406218549902551,1061
2025-08-24,TLT,0.3581546706928892,14
2025-08-24,USO,-0.030727202112011118,201
2025-08-24,UUP,-2.0010633530988757,350
2025-08-25,GLD,4.58625507038895,21
2025-08-25,SPY,-0.6108531852727358,2716
2025-08-25,TLT,0.65248157434114118,66
2025-08-25,USO,-0.33470885890162888,433
2025-08-25,UUP,-1.4771737320982818,860
2025-08-26,GLD,2.3986745483111616,23
2025-08-26,SPY,-1.2210115257453367,3359
2025-08-26,TLT,-1.2682634884874278,79
2025-08-26,USO,-1.0493275972542626,437
2025-08-26,UUP,-2.9092731013386186,3232
2025-08-27,GLD,2.7579201842623449,16
2025-08-27,SPY,-0.55051784770329093,3116
2025-08-27,TLT,-1.0425108138537027,94
2025-08-27,USO,-0.92273666224645257,571
2025-08-27,UUP,-2.5180104887357584,1670
2025-08-28,GLD,4.1305380698220189,29
2025-08-28,SPY,-0.78704595165559976,3007
2025-08-28,TLT,0.16752095221643917,74
2025-08-28,USO,-0.55168294379883831,503
2025-08-28,UUP,-2.4003146590806708,1566
2025-08-29,GLD,5.5063099915653995,24
2025-08-29,SPY,-0.45701112618387157,2689
2025-08-29,TLT,0.4436221244901124,40
2025-08-29,USO,0.61732891722274785,562
2025-08-29,UUP,-2.4606837972886111,1957
2025-08-30,GLD,4.1157756351969033,9
2025-08-30,SPY,-0.42509555952860711,1014
2025-08-30,TLT,-1.2458912424342512,9
2025-08-30,USO,0.11256970640368667,298
2025-08-30,UUP,-2.2240393268588243,411
2025-08-31,GLD,5.3600041625336328,7
2025-08-31,SPY,-0.36829129326925608,715
2025-08-31,TLT,-2.0229973505824144,8
2025-08-31,USO,0.048134794944551251,234
2025-08-31,UUP,-2.1596535262711356,396
2025-09-01,GLD,4.354959049111315,21
2025-09-01,SPY,-0.14894334614519983,1921
2025-09-01,TLT,1.0402994485526427,51
2025-09-01,USO,-0.63224325654320568,359
2025-09-01,UUP,-2.1486196318755275,771
2025-09-02,GLD,1.6411317020521086,77
2025-09-02,SPY,-0.69958761366486966,3175
2025-09-02,TLT,0.46734556124058296,83
2025-09-02,USO,-0.38651398425800682,453
2025-09-02,UUP,-1.9499558728424002,1058
2025-09-03,GLD,2.76720807987711,54
2025-09-03,SPY,-0.4042681021454449,3024
2025-09-03,TLT,-0.10216314350426739,75
2025-09-03,USO,-0.39237603535922533,443
2025-09-03,UUP,-1.5309002111485637,1193
2025-09-04,GLD,2.966511560066091,30
2025-09-04,SPY,-0.69495742323529,3761
2025-09-04,TLT,0.25393975377085248,48
2025-09-04,USO,-0.9625922460905223,604
2025-09-04,UUP,-2.0640021956599996,1944
2025-09-05,GLD,4.4805529479521509,24
2025-09-05,SPY,-0.64677242216773345,3238
2025-09-05,TLT,-1.38105961964909,54
2025-09-05,USO,-0.66553224832775282,511
2025-09-05,UUP,-2.2635733776669,2575
2025-09-06,GLD,4.3124083465277421,17
2025-09-06,SPY,-0.77378778120000324,1210
2025-09-06,TLT,-1.6481973590592776,15
2025-09-06,USO,-0.034401695809754662,174
2025-09-06,UUP,-1.9810763426697842,705
2025-09-07,GLD,4.2694094358714478,9
2025-09-07,SPY,-0.72930606939375964,639
2025-09-07,TLT,-1.4840018122440868,9
2025-09-07,USO,-1.0406949693601031,218
2025-09-07,UUP,-1.5875665910141543,237
2025-09-08,GLD,3.3218154835577751,38
2025-09-08,SPY,-0.92171874582830926,3304
2025-09-08,TLT,0.35652349595255683,92
2025-09-08,USO,-0.63402708463903634,449
2025-09-08,UUP,-1.6633319601335737,1193
2025-09-09,GLD,2.7812026086440733,37
2025-09-09,SPY,-0.945017990860172,4435
2025-09-09,TLT,-0.2873033680517324,99
2025-09-09,USO,-0.68009466822007325,578
2025-09-09,UUP,-1.6529104603382503,1520
2025-09-10,GLD,2.9333785014142544,59
2025-09-10,SPY,-0.44515598783406496,3122
2025-09-10,TLT,-0.21336972964338596,91
2025-09-10,USO,-0.73797636812272971,415
2025-09-10,UUP,-2.0677188062559084,1959
2025-09-11,GLD,2.6644955068571345,34
2025-09-11,SPY,-0.5617186845829254,3540
2025-09-11,TLT,1.1801337523532147,62
2025-09-11,USO,-0.39679415889070296,492
2025-09-11,UUP,-1.7524395398099373,1975
2025-09-12,GLD,4.2766303794458915,14
2025-09-12,SPY,-0.55270811138520293,2921
2025-09-12,TLT,0.854644441530208,79
2025-09-12,USO,-1.4531587525340806,596
2025-09-12,UUP,-1.3839538679886876,1162
2025-09-13,GLD,3.4352033968416151,19
2025-09-13,SPY,-0.5471731209984555,1007
2025-09-13,TLT,0.27351012863132929,28
2025-09-13,USO,-0.966193691689222,384
2025-09-13,UUP,-1.998493656196197,589
2025-09-14,GLD,4.024304174886165,16
2025-09-14,SPY,-1.3196670810265418,813
2025-09-14,TLT,2.3716343845214229,19
2025-09-14,USO,-0.96883729342964153,299
2025-09-14,UUP,-2.5888654194886622,516
2025-09-15,GLD,4.85132567141064,44
2025-09-15,SPY,-0.42297437325175047,2571
2025-09-15,TLT,0.46791116401715566,78
2025-09-15,USO,-0.5056761029084893,597
2025-09-15,UUP,-1.8083116522877893,1408
2025-09-16,GLD,4.4593270707966441,39
2025-09-16,SPY,-1.002737600647531,3668
2025-09-16,TLT,-0.010855159914511803,72
2025-09-16,USO,-0.49206342133745606,583
2025-09-16,UUP,-1.899024959459243,2423
2025-09-17,GLD,4.6913890424922808,48
2025-09-17,SPY,-0.91615312248184744,3798
2025-09-17,TLT,0.070623880982991938,67
2025-09-17,USO,-0.59028358299642925,712
2025-09-17,UUP,-2.2384274397162129,2664
2025-09-18,GLD,3.2047690519450609,29
2025-09-18,SPY,-0.79320723605342847,3044
2025-09-18,TLT,-0.038527189675799656,78
2025-09-18,USO,-0.97595784458412971,494
2025-09-18,UUP,-2.1571284078501227,2499
2025-09-19,GLD,3.9799321442767681,24
2025-09-19,SPY,-0.75665231843601433,3176
2025-09-19,TLT,1.2353034867640613,111
2025-09-19,USO,-0.68710458069674574,421
2025-09-19,UUP,-1.5615181101387809,1376
2025-09-20,GLD,3.4943938955498721,17
2025-09-20,SPY,-0.77427196226380035,1154
2025-09-20,TLT,-0.18346521532693649,46
2025-09-20,USO,-0.7443535868715726,232
2025-09-20,UUP,-1.5376928066649027,391
2025-09-21,GLD,4.0868773655484825,27
2025-09-21,SPY,-0.95191750722657553,875
2025-09-21,TLT,0.55599453598619553,22
2025-09-21,USO,-1.0562068883210098,181
2025-09-21,UUP,-1.3901204062742256,212
2025-09-22,GLD,4.1960784581252986,39
2025-09-22,SPY,-0.64860506682406593,3177
2025-09-22,TLT,0.043498323097971081,52
2025-09-22,USO,-0.405142514077616,342
2025-09-22,UUP,-1.3993567812497061,1059
2025-09-23,GLD,3.6631013982950411,52
2025-09-23,SPY,-0.6971647871086506,3138
2025-09-23,TLT,0.34858928344478263,63
2025-09-23,USO,-1.6605819103824961,623
2025-09-23,UUP,-1.6315098602405851,1254
2025-09-24,GLD,3.4492761317217266,38
2025-09-24,SPY,-0.887301610308477,2966
2025-09-24,TLT,0.50498846122398966,62
2025-09-24,USO,-1.1094840600680735,574
2025-09-24,UUP,-1.18587725901821,1094
2025-09-25,GLD,3.4962781704063404,30
2025-09-25,SPY,-0.59946686743610622,2837
2025-09-25,TLT,0.253459861044276,80
2025-09-25,USO,-0.56240501315778169,511
2025-09-25,UUP,-1.4697657165448219,1476
2025-09-26,GLD,3.7128233547170959,26
2025-09-26,SPY,-0.79822664434570956,2917
2025-09-26,TLT,0.37285029783841717,61
2025-09-26,USO,-1.0512860154169492,521
2025-09-26,UUP,-2.2145311929261262,1463
2025-09-27,GLD,4.0623728010968065,9
2025-09-27,SPY,-0.888184352183471,1178
2025-09-27,TLT,1.07408051140318,12
2025-09-27,USO,-0.4068854440661881,255
2025-09-27,UUP,-1.6025713447316323,318
2025-09-28,GLD,1.5116320278328161,16
2025-09-28,SPY,-0.6517713225939592,841
2025-09-28,TLT,0.6757841588984943,17
2025-09-28,USO,-0.414205098793934,267
2025-09-28,UUP,-1.7056949565135238,190
2025-09-29,GLD,3.1889869031247065,58
2025-09-29,SPY,-0.21424948866880095,2515
2025-09-29,TLT,0.97536195372083589,52
2025-09-29,USO,-0.95935320340392993,464
2025-09-29,UUP,-1.2531010596703327,866
2025-09-30,GLD,2.1377377751351516,62
2025-09-30,SPY,-0.56666435803173165,2730
2025-09-30,TLT,1.209584725626569,53
2025-09-30,USO,-0.6737018150328008,429
2025-09-30,UUP,-1.6863876451798743,925
2025-10-01,GLD,2.2539776720388573,78
2025-10-01,SPY,-0.53779439157225528,2605
2025-10-01,TLT,-0.25336874006472709,50
2025-10-01,USO,-1.4897027095932225,495
2025-10-01,UUP,-2.3510381528550663,1642
2025-10-02,GLD,4.1495377737138,32
2025-10-02,SPY,-0.21764606193271824,2738
2025-10-02,TLT,1.2785245411844948,45
2025-10-02,USO,-0.651411160441524,445
2025-10-02,UUP,-1.2722246614153707,1055
2025-10-03,GLD,4.9125333852828641,16
2025-10-03,SPY,-0.18899805531731118,2672
2025-10-03,TLT,0.73885575828782624,70
2025-10-03,USO,-0.74471843794476889,440
2025-10-03,UUP,-1.4608493193815466,945
2025-10-04,GLD,5.6324689907397723,10
2025-10-04,SPY,-0.19578869681745159,843
2025-10-04,TLT,1.4043504533005562,13
2025-10-04,USO,-0.684141411498052,152
2025-10-04,UUP,-1.6759871164099351,333
2025-10-05,GLD,5.35955296831204,13
2025-10-05,SPY,0.027716651731770802,866
2025-10-05,TLT,3.02958924394958,12
2025-10-05,USO,-1.0199679512921105,224
2025-10-05,UUP,-1.8819797635245368,253
2025-10-06,GLD,3.7692014413016057,44
2025-10-06,SPY,-0.55402144979203971,3018
2025-10-06,TLT,-0.622384198420166,79
2025-10-06,USO,-1.5548519132615133,382
2025-10-06,UUP,-1.3316754928581289,1101
2025-10-07,GLD,2.7808448008934028,67
2025-10-07,SPY,-0.2588283029695515,2816
2025-10-07,TLT,1.0764701622788337,77
2025-10-07,USO,-1.4635723176823754,569
2025-10-07,UUP,-0.448908816438395,952
2025-10-08,GLD,2.4118398977314874,92
2025-10-08,SPY,-0.16540162135774267,2810
2025-10-08,TLT,0.37678136560676778,66
2025-10-08,USO,-0.37305446409127352,360
2025-10-08,UUP,-0.80967992850235759,981
2025-10-09,GLD,3.4640124571582827,56
2025-10-09,SPY,-0.11521983869488242,2524
2025-10-09,TLT,-0.49785063300675042,65
2025-10-09,USO,-0.712136122586216,427
2025-10-09,UUP,-1.4382219829674756,1033
2025-10-10,GLD,3.2043024545888423,48
2025-10-10,SPY,-1.0586187646762892,2738
2025-10-10,TLT,0.19588577780391794,46
2025-10-10,USO,-1.1572602617571857,433
2025-10-10,UUP,-2.2701532110798435,851
2025-10-11,GLD,3.647703946881232,31
2025-10-11,SPY,-1.2624401686809275,1012
2025-10-11,TLT,-0.28839094571033536,16
2025-10-11,USO,-0.56093613842848966,214
2025-10-11,UUP,-1.7633067935761135,244
2025-10-12,GLD,3.95695363311794,13
2025-10-12,SPY,-1.1115209838125255,899
2025-10-12,TLT,1.2761978606719708,16
2025-10-12,USO,-0.55293457424915271,238
2025-10-12,UUP,-2.0168938488074146,226
2025-10-13,GLD,3.4297173038544768,43
2025-10-13,SPY,-0.71208441078962159,2634
2025-10-13,TLT,1.1297933638592002,45
2025-10-13,USO,-0.7970879829887707,327
2025-10-13,UUP,-0.79795722082885889,569
2025-10-14,GLD,3.1281286797521703,55
2025-10-14,SPY,-0.70866029186525681,2932
2025-10-14,TLT,-0.30869094117629,72
2025-10-14,USO,-0.55806931967517037,418
2025-10-14,UUP,-1.1547804254215426,976
2025-10-15,GLD,2.9863442714312232,59
2025-10-15,SPY,-0.36678021184149395,2827
2025-10-15,TLT,1.2090039151215395,75
2025-10-15,USO,-0.64036846928975444,379
2025-10-15,UUP,-1.1281302789386387,994
2025-10-16,GLD,2.3259347813123377,68
2025-10-16,SPY,-0.2675086183068911,2753
2025-10-16,TLT,0.5549252921368184,58
2025-10-16,USO,-0.59869616931364544,423
2025-10-16,UUP,-1.0301358733958821,1021
2025-10-17,GLD,2.3671106726574882,78
2025-10-17,SPY,-1.3268634243198498,2825
2025-10-17,TLT,0.4980085342522802,95
2025-10-17,USO,-0.59641191505818159,400
2025-10-17,UUP,-2.0189087475272629,804
2025-10-18,GLD,3.4124177169369911,23
2025-10-18,SPY,-1.4813537774069399,1196
2025-10-18,TLT,0.37134960333746569,40
2025-10-18,USO,-0.56260056240063772,167
2025-10-18,UUP,-1.1791601476508404,210
2025-10-19,GLD,2.4975530369713912,16
2025-10-19,SPY,-0.973409060908559,770
2025-10-19,TLT,1.5157369384201917,23
2025-10-19,USO,0.49024364712369956,173
2025-10-19,UUP,-0.78702385260356678,138
2025-10-20,GLD,3.2908685122105146,38
2025-10-20,SPY,-0.096063855919861774,2280
2025-10-20,TLT,1.8848662642600515,115
2025-10-20,USO,-0.22175303881857944,274
2025-10-20,UUP,0.13575991437899429,536
2025-10-21,GLD,2.0508481597592523,78
2025-10-21,SPY,0.14243136173159687,3185
2025-10-21,TLT,1.566472814002914,97
2025-10-21,USO,-0.12330965217632314,429
2025-10-21,UUP,-0.7103695986048264,669
2025-10-22,GLD,3.0035151908985038,69
2025-10-22,SPY,-0.27860113262851516,3257
2025-10-22,TLT,0.88833523030989681,83
2025-10-22,USO,-0.77873613621253424,514
2025-10-22,UUP,-0.48555030750798572,707
2025-10-23,GLD,3.4882551882720079,28
2025-10-23,SPY,-0.54290760561614748,3326
2025-10-23,TLT,1.2709654357753482,63
2025-10-23,USO,-0.98750776196392276,639
2025-10-23,UUP,-0.55390650319437007,644
2025-10-24,GLD,3.5870839395891627,32
2025-10-24,SPY,-0.54303437768760376,3156
2025-10-24,TLT,1.7035319894239178,90
2025-10-24,USO,-1.3322165943339803,392
2025-10-24,UUP,-1.7259199414900723,1498
2025-10-25,GLD,4.3880550428458385,23
2025-10-25,SPY,-0.25085815026164932,830
2025-10-25,TLT,-1.6101314650082963,23
2025-10-25,USO,-0.044258525691338563,350
2025-10-25,UUP,-1.1438993322344473,337
2025-10-26,GLD,2.5715903938611859,7
2025-10-26,SPY,-0.025823732828721833,628
2025-10-26,TLT,-0.13676599752719376,12
2025-10-26,USO,-0.91827507159402011,246
2025-10-26,UUP,-0.99954578323960708,171
2025-10-27,GLD,3.6134567861126943,25
2025-10-27,SPY,0.31402603875386481,2661
2025-10-27,TLT,0.7547290763213903,64
2025-10-27,USO,0.042629611475078738,314
2025-10-27,UUP,-0.029796023127402746,959
2025-10-28,GLD,2.7524010134479244,39
2025-10-28,SPY,0.50762920819133928,3393
2025-10-28,TLT,1.1100831454073032,55
2025-10-28,USO,-0.52157350761661048,463
2025-10-28,UUP,-0.39081327645204028,1071
2025-10-29,GLD,3.2396209445359618,33
2025-10-29,SPY,0.28147678285575484,3272
2025-10-29,TLT,0.824117137647672,46
2025-10-29,USO,-0.4269528808545423,435
2025-10-29,UUP,-1.6414635025549622,1830
2025-10-30,GLD,4.0262987226197469,18
2025-10-30,SPY,0.18986004615437313,3412
2025-10-30,TLT,0.14896610721133818,63
2025-10-30,USO,0.070636211343737432,525
2025-10-30,UUP,-1.4057167057039528,1395
2025-10-31,GLD,3.8182643430008039,19
2025-10-31,SPY,0.141261974809944,3091
2025-10-31,TLT,0.464456514395454,73
2025-10-31,USO,-0.39281675094146878,430
2025-10-31,UUP,-0.697664370977507,850
2025-11-01,GLD,4.120052347431046,19
2025-11-01,SPY,-0.893150158236582,1107
2025-11-01,TLT,-0.26685929090721766,23
2025-11-01,USO,0.21788484502417355,199
2025-11-01,UUP,-1.0301345997496836,275
2025-11-02,GLD,4.1723173355589509,18
2025-11-02,SPY,0.042269381688275633,901
2025-11-02,TLT,-4.4426794037572082,27
2025-11-02,USO,-1.2626335902526438,180
2025-11-02,UUP,-1.5858534275663996,315
2025-11-03,GLD,1.2106464717524918,48
2025-11-03,SPY,-0.0020178272676747433,2825
2025-11-03,TLT,0.54643505919130675,47
2025-11-03,USO,-0.27819039877864071,365
2025-11-03,UUP,-1.0381432355037545,602
2025-11-04,GLD,1.9898951909020486,41
2025-11-04,SPY,-0.1682878899947518,3130
2025-11-04,TLT,-0.1909134322311356,65
2025-11-04,USO,0.46784601560724726,432
2025-11-04,UUP,-1.1445404858012507,709
2025-11-05,GLD,2.5417866119596662,38
2025-11-05,SPY,-0.35155372115161904,3876
2025-11-05,TLT,0.66785803346446759,37
2025-11-05,USO,-0.22060299553984755,400
2025-11-05,UUP,-1.5982056335453314,969
2025-11-06,GLD,3.2721060678436085,29
2025-11-06,SPY,-0.35710825556190817,3656
2025-11-06,TLT,0.47497860059240227,56
2025-11-06,USO,-0.677078451189674,428
2025-11-06,UUP,-1.4952837604187967,811
2025-11-07,GLD,3.3744434621828869,26
2025-11-07,SPY,-0.69344595936888864,3212
2025-11-07,TLT,-0.15590999538594691,62
2025-11-07,USO,-2.5083976955842773,474
2025-11-07,UUP,-2.0328456460938544,825
2025-11-08,GLD,4.47357340414117,12
2025-11-08,SPY,0.032503594641497838,1293
2025-11-08,TLT,2.0758035174749119,29
2025-11-08,USO,-0.7451361583820264,243
2025-11-08,UUP,-1.2940115986738525,215
2025-11-09,GLD,6.2697799168860495,6
2025-11-09,SPY,0.2671982481841183,1344
2025-11-09,TLT,1.6126558406471456,17
2025-11-09,USO,-0.6167325537138526,182
2025-11-09,UUP,-1.090061729201985,187
2025-11-10,GLD,3.0890292230200669,60
2025-11-10,SPY,-0.13680086956792784,2666
2025-11-10,TLT,1.5411406454080485,50
2025-11-10,USO,-0.317710836855993,363
2025-11-10,UUP,-0.63947898405320436,734
2025-11-11,GLD,2.1833847557359327,35
2025-11-11,SPY,-0.29784134985667809,3323
2025-11-11,TLT,1.7612509258558946,56
2025-11-11,USO,0.0906535593012691,316
2025-11-11,UUP,-0.91333966794391863,959
2025-11-12,GLD,4.1122105256931558,28
2025-11-12,SPY,-0.19555545882068454,3051
2025-11-12,TLT,1.1197341777499734,63
2025-11-12,USO,0.20183492014123922,434
2025-11-12,UUP,-0.624389120757323,1205
2025-11-13,GLD,3.3582534765121204,35
2025-11-13,SPY,-0.59537062542165176,2849
2025-11-13,TLT,-0.11393871597277269,71
2025-11-13,USO,-0.56682694420278257,478
2025-11-13,UUP,-1.547269286993983,1118
2025-11-14,GLD,2.2313271078050185,43
2025-11-14,SPY,-1.4022473966446338,3132
2025-11-14,TLT,-0.29286134679559184,64
2025-11-14,USO,-0.84796774342629466,476
2025-11-14,UUP,-2.4345225433724274,1024
2025-11-15,GLD,6.0504510520802244,11
2025-11-15,SPY,-0.60378286226784328,1108
2025-11-15,TLT,0.23099262246807192,46
2025-11-15,USO,-1.4774748195108476,193
2025-11-15,UUP,-2.5252508308523121,546
2025-11-16,GLD,6.0826763049693584,6
2025-11-16,SPY,-0.18165225689476966,930
2025-11-16,TLT,-0.4152723203838416,56
2025-11-16,USO,-0.56346969604107877,175
2025-11-16,UUP,-1.3434481495186053,324
2025-11-17,GLD,3.8707972445599319,23
2025-11-17,SPY,-0.59900926235696361,2549
2025-11-17,TLT,-0.24228683078975732,78
2025-11-17,USO,-0.29319724541628944,496
2025-11-17,UUP,-1.8263669192583409,1053
2025-11-18,GLD,3.6760995603738551,31
2025-11-18,SPY,-1.3746459504958837,3577
2025-11-18,TLT,-0.9479321033500937,60
2025-11-18,USO,-0.65895865544082655,485
2025-11-18,UUP,-2.1476933695935356,1103
2025-11-19,GLD,3.6181973843724959,23
2025-11-19,SPY,-0.73337801945120618,3568
2025-11-19,TLT,-0.03304127583977326,63
2025-11-19,USO,-0.94475449103994258,516
2025-11-19,UUP,-1.8667006295984354,1391
2025-11-20,GLD,3.4902179912160642,30
2025-11-20,SPY,-0.26728861715623964,3585
2025-11-20,TLT,0.20855183804182567,55
2025-11-20,USO,-0.153180701746983,398
2025-11-20,UUP,-1.9791470782742024,1483
2025-11-21,GLD,2.3214247428728014,21
2025-11-21,SPY,-1.2167305025246757,3219
2025-11-21,TLT,-0.86836102413017824,54
2025-11-21,USO,-0.44529709571008308,376
2025-11-21,UUP,-2.0959135901940558,1069
2025-11-22,GLD,2.6734851112481341,20
2025-11-22,SPY,-0.51813771206080428,1177
2025-11-22,TLT,-0.12122539446841928,33
2025-11-22,USO,0.091873196373526686,211
2025-11-22,UUP,-1.399178554346904,287
2025-11-23,GLD,2.4428569630165526,4
2025-11-23,SPY,-0.48858334825968608,923
2025-11-23,TLT,0.8065490736687686,25
2025-11-23,USO,-0.96649006030880691,167
2025-11-23,UUP,-1.8172604879823373,176
2025-11-24,GLD,2.8232430589171393,36
2025-11-24,SPY,-0.29790183378730062,2223
2025-11-24,TLT,-0.11986500074647427,78
2025-11-24,USO,-0.6299474920366257,354
2025-11-24,UUP,-1.3260637273593909,887
2025-11-25,GLD,2.7274476382885906,37
2025-11-25,SPY,-0.16537983845686405,2847
2025-11-25,TLT,1.3187886799033752,69
2025-11-25,USO,0.21215680912929127,396
2025-11-25,UUP,-1.0223635821981152,964
2025-11-26,GLD,2.9146660652613252,16
2025-11-26,SPY,-0.023425341998567668,2630
2025-11-26,TLT,0.30989478766953682,67
2025-11-26,USO,0.079243344649162217,428
2025-11-26,UUP,-1.02172352456572,1118
2025-11-27,GLD,5.9822887878184394,42
2025-11-27,SPY,-0.13734635738146259,2137
2025-11-27,TLT,0.47559683849578044,96
2025-11-27,USO,-0.4223843975892968,384
2025-11-27,UUP,-0.35949954847692178,532
2025-11-28,GLD,3.4933240504367244,20
2025-11-28,SPY,-0.89662963279191754,2155
2025-11-28,TLT,0.80497128821019137,47
2025-11-28,USO,-2.0249628485122657,557
2025-11-28,UUP,-0.79932783125329343,612
2025-11-29,GLD,3.4559690770286497,3
2025-11-29,SPY,-0.29310679222811553,860
2025-11-29,TLT,-0.34664553293338352,18
2025-11-29,USO,-0.043644408389966083,173
2025-11-29,UUP,-1.3124285367340396,202
2025-11-30,GLD,4.9061260788605843,9
2025-11-30,SPY,-0.715630286791948,835
2025-11-30,TLT,-1.1761989940366318,6
2025-11-30,USO,-3.6783792985739141,886
2025-11-30,UUP,-0.41860175748704037,252
2025-12-01,GLD,3.8678840375766628,32
2025-12-01,SPY,-0.76165024664772341,2484
2025-12-01,TLT,0.19447958046272468,68
2025-12-01,USO,-2.4897311164016043,648
2025-12-01,UUP,-1.36364166632858,830
2025-12-02,GLD,2.1324608188309595,29
2025-12-02,SPY,-0.45075331239328309,2872
2025-12-02,TLT,0.84055062844089956,45
2025-12-02,USO,-1.899174640490731,507
2025-12-02,UUP,-1.0976202836116975,785
2025-12-03,GLD,2.6372412437910695,24
2025-12-03,SPY,-0.47732184655867288,2768
2025-12-03,TLT,1.3523412834190836,73
2025-12-03,USO,-0.38779888111741323,730
2025-12-03,UUP,-0.96531543808149134,1092
2025-12-04,GLD,3.2631230976621248,16
2025-12-04,SPY,-0.33476070465228985,2600
2025-12-04,TLT,0.70961232567529253,68
2025-12-04,USO,0.43123892470787512,522
2025-12-04,UUP,-1.1862267278506005,1035
2025-12-05,GLD,2.8053966471115475,15
2025-12-05,SPY,-0.42730560406574203,2732
2025-12-05,TLT,-0.090856379821361,76
2025-12-05,USO,-0.40335786154731557,343
2025-12-05,UUP,-1.4704382742967788,1252
2025-12-06,GLD,1.076127670285185,22
2025-12-06,SPY,-0.31154733835794879,927
2025-12-06,TLT,-0.1479511760704747,18
2025-12-06,USO,-0.019460438140288319,161
2025-12-06,UUP,-1.7090763278871897,339
2025-12-07,GLD,2.0624646301070078,4
2025-12-07,SPY,-0.018794732776811721,798
2025-12-07,TLT,1.6621140659100138,20
2025-12-07,USO,0.9103838749408979,175
2025-12-07,UUP,-0.99890203875189942,286
2025-12-08,GLD,2.3489890849154125,31
2025-12-08,SPY,-0.2133472673851628,2171
2025-12-08,TLT,-0.61776182275114178,56
2025-12-08,USO,-0.55832885092529916,278
2025-12-08,UUP,-1.9447580955268005,1468
2025-12-09,GLD,3.1925878838552357,25
2025-12-09,SPY,-0.22277226108985512,2738
2025-12-09,TLT,0.49157940552598312,44
2025-12-09,USO,0.71606312374525638,425
2025-12-09,UUP,-1.5553777741855936,1600
2025-12-10,GLD,2.6484013431241245,22
2025-12-10,SPY,-0.45999899533822347,2565
2025-12-10,TLT,-0.0027374583758856819,41
2025-12-10,USO,-1.1238290057097355,500
2025-12-10,UUP,-2.0759491909108068,2226
2025-12-11,GLD,4.3903800195290161,18
2025-12-11,SPY,-0.48882632762957928,3231
2025-12-11,TLT,0.53857502112204,52
2025-12-11,USO,-1.5425844265976303,593
2025-12-11,UUP,-1.8569067556737726,1757
2025-12-12,GLD,4.1247043896244175,22
2025-12-12,SPY,-0.17425342936789495,2598
2025-12-12,TLT,-0.21337621118793879,67
2025-12-12,USO,-0.23574415820304678,494
2025-12-12,UUP,-0.95563876522443136,1310
2025-12-13,GLD,6.369208007292082,27
2025-12-13,SPY,-0.32550886748551866,1124
2025-12-13,TLT,-1.8301522828296362,29
2025-12-13,USO,-0.89293470594309254,203
2025-12-13,UUP,-0.98094160077419246,395
2025-12-14,GLD,1.3963952144494836,12
2025-12-14,SPY,-0.31883209801955453,928
2025-12-14,TLT,-1.2250689061808553,15
2025-12-14,USO,-1.8275113681953923,208
2025-12-14,UUP,-0.026656527406220383,332
2025-12-15,GLD,3.4690503462774109,32
2025-12-15,SPY,-0.50019448682212542,3327
2025-12-15,TLT,0.35186067783251662,63
2025-12-15,USO,-0.87165076486680448,404
2025-12-15,UUP,-1.1553494387318994,676
2025-12-16,GLD,4.5657653160095828,22
2025-12-16,SPY,-1.3418596124311473,3813
2025-12-16,TLT,-0.56698881404552481,47
2025-12-16,USO,-1.1884032755017337,514
2025-12-16,UUP,-2.2844815923671615,1135
2025-12-17,GLD,2.3839220105565158,31
2025-12-17,SPY,-0.574757225651478,2771
2025-12-17,TLT,0.357060286175542,60
2025-12-17,USO,-1.1784460448878626,543
2025-12-17,UUP,-2.1006528110583957,1047
2025-12-18,GLD,2.6781932016655432,27
2025-12-18,SPY,-0.15303297942584451,2820
2025-12-18,TLT,0.84438547198528224,52
2025-12-18,USO,-0.11850635946294161,478
2025-12-18,UUP,-1.9254479730744958,1943
2025-12-19,GLD,3.001129586786492,21
2025-12-19,SPY,-0.17804678754676997,2567
2025-12-19,TLT,1.1647839512193672,60
2025-12-19,USO,-0.22681027605820875,381
2025-12-19,UUP,-0.99316916961943125,739
2025-12-20,GLD,3.0320579722703602,13
2025-12-20,SPY,-0.5315579649548221,1010
2025-12-20,TLT,-0.68950152685967914,19
2025-12-20,USO,-0.11071352724558296,198
2025-12-20,UUP,-0.7926846474457544,191
2025-12-21,GLD,0.43847286376962324,8
2025-12-21,SPY,0.018266577055941272,705
2025-12-21,TLT,0.1537091818929722,14
2025-12-21,USO,-0.51507848374862808,152
2025-12-21,UUP,-1.2411728879208992,142
2025-12-22,GLD,2.50275092919984,128
2025-12-22,SPY,-0.42833736229365377,2269
2025-12-22,TLT,0.1108733020156548,50
2025-12-22,USO,-1.1668110905843583,471
2025-12-22,UUP,-0.77439866278951486,598
2025-12-23,GLD,3.017628065600078,74
2025-12-23,SPY,-0.16422645380574047,2494
2025-12-23,TLT,0.3691590523491895,52
2025-12-23,USO,-0.52991243670875987,509
2025-12-23,UUP,-1.0596713369634931,1162
2025-12-24,GLD,2.0047249584615607,71
2025-12-24,SPY,-0.16580411438502918,2003
2025-12-24,TLT,0.27101551142062319,25
2025-12-24,USO,-0.45829329511535566,270
2025-12-24,UUP,-0.82455807097249423,898
2025-12-25,GLD,3.9534675072339005,23
2025-12-25,SPY,0.054972277193795993,995
2025-12-25,TLT,2.8823119856650541,7
2025-12-25,USO,-0.23193318291457998,187
2025-12-25,UUP,-1.2657750284944593,377
2025-12-26,GLD,2.1258932932868988,30
2025-12-26,SPY,-0.71748881762857364,1685
2025-12-26,TLT,-1.2315046981132669,16
2025-12-26,USO,-0.2772631987503193,225
2025-12-26,UUP,-0.48177470813943396,493
2025-12-27,GLD,2.961667649268624,18
2025-12-27,SPY,-0.063485059685962519,672
2025-12-27,TLT,-1.2195424831013149,20
2025-12-27,USO,0.16308169467592959,175
2025-12-27,UUP,-0.50990628078445033,124
2025-12-28,GLD,1.7187535904908162,13
2025-12-28,SPY,0.27382807746772553,658
2025-12-28,TLT,1.5525086575727318,32
2025-12-28,USO,0.23051807118772014,115
2025-12-28,UUP,-0.58002835529079433,227
2025-12-29,GLD,2.2406336328057184,52
2025-12-29,SPY,-0.17279572351495728,1957
2025-12-29,TLT,0.46655627392319321,51
2025-12-29,USO,-1.3563943628476316,433
2025-12-29,UUP,-0.62506811763249659,612
2025-12-30,GLD,2.4121888146957846,40
2025-12-30,SPY,-0.38428317593489725,2198
2025-12-30,TLT,-0.29847633054537087,75
2025-12-30,USO,-1.2053664129049653,410
2025-12-30,UUP,-1.8590308409893073,1017
2025-12-31,GLD,2.0412309990648696,34
2025-12-31,SPY,-0.66822279759266978,2408
2025-12-31,TLT,1.6196385921472909,31
2025-12-31,USO,-0.90116478035015812,390
2025-12-31,UUP,-1.5820496688198948,811
2026-01-01,GLD,4.8060787876489162,24
2026-01-01,SPY,-0.66951981474526479,1452
2026-01-01,TLT,1.8592734788823591,16
2026-01-01,USO,-0.783790692125098,193
2026-01-01,UUP,-1.6626152598430877,363
2026-01-02,GLD,3.1678294044806612,19
2026-01-02,SPY,0.051852024411329994,2496
2026-01-02,TLT,0.95531106690167977,52
2026-01-02,USO,-0.65217823046841472,364
2026-01-02,UUP,-1.03458785490609,681
2026-01-03,GLD,2.889924142483141,15
2026-01-03,SPY,-0.41902451983216243,998
2026-01-03,TLT,-0.21046218955752405,23
2026-01-03,USO,-1.38824345766659,154
2026-01-03,UUP,-1.179397779332362,244
2026-01-04,GLD,5.2384590178708761,13
2026-01-04,SPY,-0.99029204210173294,828
2026-01-04,TLT,-2.1809068738493127,4
2026-01-04,USO,-0.3736279812287791,260
2026-01-04,UUP,-1.2546023183778907,210
2026-01-05,GLD,1.1847341193769148,37
2026-01-05,SPY,-0.43788821182050991,2463
2026-01-05,TLT,1.6305435793651655,50
2026-01-05,USO,-0.77453950752962741,715
2026-01-05,UUP,-1.2849261765351099,520
2026-01-06,GLD,1.31323992351204,26
2026-01-06,SPY,-0.31398305266260712,2607
2026-01-06,TLT,0.718531033329473,38
2026-01-06,USO,-0.21902190361410534,599
2026-01-06,UUP,-1.1554539911584747,774
2026-01-07,GLD,2.2125048435435342,28
2026-01-07,SPY,-0.71614863572268883,3167
2026-01-07,TLT,0.1033367307737878,55
2026-01-07,USO,-1.1380949013576072,740
2026-01-07,UUP,-1.3900595636168629,602
2026-01-08,GLD,1.9114481286269607,30
2026-01-08,SPY,-0.78044804494152709,2645
2026-01-08,TLT,0.90712823678868537,67
2026-01-08,USO,-0.8896462402319153,554
2026-01-08,UUP,-1.0718358370934136,874
2026-01-09,GLD,2.3323813117948693,21
2026-01-09,SPY,-0.76860073042827182,2621
2026-01-09,TLT,0.419419946237464,65
2026-01-09,USO,0.30900095640382669,585
2026-01-09,UUP,-1.8391157882255975,996
2026-01-10,GLD,3.4389709974748337,15
2026-01-10,SPY,-0.1554413175848334,900
2026-01-10,TLT,1.01057022940041,15
2026-01-10,USO,0.130224635820068,266
2026-01-10,UUP,0.090533943627775212,342
2026-01-11,GLD,2.9588739073832224,8
2026-01-11,SPY,-2.5800393066733154,1583
2026-01-11,TLT,2.3690259084091769,13
2026-01-11,USO,-0.14600986888391654,264
2026-01-11,UUP,-0.080147555097867293,254
2026-01-12,GLD,1.4183164652428766,59
2026-01-12,SPY,-1.1307859436554744,3182
2026-01-12,TLT,0.60906916532307676,70
2026-01-12,USO,-0.67271230612936928,366
2026-01-12,UUP,-3.3194830319512785,2805
2026-01-13,GLD,1.0687356719919092,45
2026-01-13,SPY,-0.52304258516129964,2926
2026-01-13,TLT,-0.011843367734394372,56
2026-01-13,USO,-0.46861024514284855,398
2026-01-13,UUP,-2.0748405661071345,2585
2026-01-14,GLD,1.4589007718774993,32
2026-01-14,SPY,-0.60414696678917923,3269
2026-01-14,TLT,0.514390509346375,64
2026-01-14,USO,-0.69575372180972916,468
2026-01-14,UUP,-1.9087296303864894,1537
2026-01-15,GLD,1.513059104179916,35
2026-01-15,SPY,-0.35042745808306691,2394
2026-01-15,TLT,-0.12293160416517579,79
2026-01-15,USO,-0.63828012572542447,440
2026-01-15,UUP,-1.5216850830061046,872
2026-01-16,GLD,2.4399965683448164,25
2026-01-16,SPY,-0.41342332074223526,3034
2026-01-16,TLT,0.0256877181072519,61
2026-01-16,USO,-0.45540778561837031,501
2026-01-16,UUP,-1.2917166657628982,1012
2026-01-17,GLD,2.8472957475848877,20
2026-01-17,SPY,-0.84485917676217159,951
2026-01-17,TLT,0.91515830879558546,18
2026-01-17,USO,0.24099025184880152,235
2026-01-17,UUP,-1.9096705603584969,401
2026-01-18,GLD,2.1135921307347929,9
2026-01-18,SPY,-0.83940527821810507,843
2026-01-18,TLT,-0.1456246841635099,18
2026-01-18,USO,-0.039298677619890782,173
2026-01-18,UUP,-1.7270433229321562,307
2026-01-19,GLD,1.1233017476862353,45
2026-01-19,SPY,-0.793056512169082,1968
2026-01-19,TLT,-0.43461933646159945,56
2026-01-19,USO,-0.41661735808553363,413
2026-01-19,UUP,-1.4211094946509024,812
2026-01-20,GLD,1.0538915011921328,53
2026-01-20,SPY,-0.72022249218209633,3497
2026-01-20,TLT,-0.23417303689815094,74
2026-01-20,USO,-0.041674478463316594,387
2026-01-20,UUP,-2.0541185212743387,805
2026-01-21,GLD,1.2948543487399695,57
2026-01-21,SPY,-1.5012219147907933,3845
2026-01-21,TLT,-0.014004887276206371,55
2026-01-21,USO,-0.082961731704408265,431
2026-01-21,UUP,-2.6431475007243104,1550
2026-01-22,GLD,1.9333240898783546,43
2026-01-22,SPY,-0.80133212902195972,3304
2026-01-22,TLT,0.924460870565989,58
2026-01-22,USO,-0.33862114741702914,578
2026-01-22,UUP,-1.6397375282785764,1043
2026-01-23,GLD,2.5837028566668976,45
2026-01-23,SPY,-0.45842372580754054,2831
2026-01-23,TLT,0.31683716413429619,56
2026-01-23,USO,-0.29924465338324457,452
2026-01-23,UUP,-0.98524643051225236,753
2026-01-24,GLD,0.68220044022045079,20
2026-01-24,SPY,-0.28682432572464528,961
2026-01-24,TLT,0.13870585907366115,25
2026-01-24,USO,-0.29461554769880904,179
2026-01-24,UUP,-1.3255969264514966,321
2026-01-25,GLD,0.45187224488013372,20
2026-01-25,SPY,-0.68693670669272044,760
2026-01-25,TLT,-0.94112923903548018,17
2026-01-25,USO,1.0406422907135597,175
2026-01-25,UUP,-1.5095135916219506,260
2026-01-26,GLD,1.3874548015863166,192
2026-01-26,SPY,-1.9818852220116434,3195
2026-01-26,TLT,-0.03025492152817108,52
2026-01-26,USO,-0.10240336516090214,287
2026-01-26,UUP,-1.1541375782715257,876
2026-01-27,GLD,2.3402825225977892,92
2026-01-27,SPY,-0.56310671692983727,3159
2026-01-27,TLT,0.91147553062747488,70
2026-01-27,USO,-0.29395552643165468,347
2026-01-27,UUP,-0.847416328148566,867
2026-01-28,GLD,0.72623487506815754,101
2026-01-28,SPY,-0.52755313939166038,3320
2026-01-28,TLT,-0.43983008478080732,61
2026-01-28,USO,0.35590735216058855,460
2026-01-28,UUP,-1.5172454731994067,1577
2026-01-29,GLD,1.3776265407560844,106
2026-01-29,SPY,-0.16281175082708521,3116
2026-01-29,TLT,0.66535124453432992,65
2026-01-29,USO,-0.88870029711541687,967
2026-01-29,UUP,-0.93817082905726312,1385
2026-01-30,GLD,1.575258671835241,86
2026-01-30,SPY,-0.59250233011787079,4307
2026-01-30,TLT,0.40609795211035649,52
2026-01-30,USO,-1.3807318171290419,507
2026-01-30,UUP,-0.92055001662948532,2788
2026-01-31,GLD,2.3497541321952236,33
2026-01-31,SPY,-0.64505076753464841,1454
2026-01-31,TLT,1.1377986654384751,34
2026-01-31,USO,-0.013700714147410312,316
2026-01-31,UUP,-1.6198924448687337,784
2026-02-01,GLD,1.6560671526514952,20
2026-02-01,SPY,-0.59183484055064,1317
2026-02-01,TLT,0.40259803843380215,15
2026-02-01,USO,-0.17807818579058865,180
2026-02-01,UUP,-1.3475478751323051,594
2026-02-02,GLD,1.3096637950553511,82
2026-02-02,SPY,-0.44212297374121462,3176
2026-02-02,TLT,0.0042500062694352247,90
2026-02-02,USO,-0.52493847537434368,352
2026-02-02,UUP,-1.7967348577928461,1273
2026-02-03,GLD,1.9353548856707958,99
2026-02-03,SPY,-0.067232407205133612,3404
2026-02-03,TLT,1.434946404952723,79
2026-02-03,USO,-0.42190920519961528,499
2026-02-03,UUP,-1.1281514250996485,1145
2026-02-04,GLD,0.99149297721657059,58
2026-02-04,SPY,-0.37922153555767274,3488
2026-02-04,TLT,0.8138529970944417,102
2026-02-04,USO,-1.0939857817850578,433
2026-02-04,UUP,-1.3364625969676207,872
2026-02-05,GLD,2.2162773907032287,65
2026-02-05,SPY,-0.68096339201614287,3276
2026-02-05,TLT,0.99229835304893088,85
2026-02-05,USO,-0.52648261216280723,397
2026-02-05,UUP,-1.6784133370969747,926
2026-02-06,GLD,0.94904757016856267,43
2026-02-06,SPY,-0.67069229095821714,3352
2026-02-06,TLT,0.836591080294321,73
2026-02-06,USO,-1.28804378572383,453
2026-02-06,UUP,-1.8544927466011725,561
2026-02-07,GLD,1.8506065179238438,16
2026-02-07,SPY,-0.3552080232581003,1293
2026-02-07,TLT,1.6730509478239686,29
2026-02-07,USO,0.057207380763999838,209
2026-02-07,UUP,-1.6829522554543435,264
2026-02-08,GLD,2.3734213281915308,6
2026-02-08,SPY,-0.82299566300980265,1191
2026-02-08,TLT,1.0343067235433336,27
2026-02-08,USO,-0.64615251752637526,231
2026-02-08,UUP,-0.9101785196170763,213
2026-02-09,GLD,3.507097921112607,38
2026-02-09,SPY,0.35611441509796271,3136
2026-02-09,TLT,1.0548312982853671,49
2026-02-09,USO,-1.00179040311275,410
2026-02-09,UUP,-0.74559272618937167,511
2026-02-10,GLD,2.8250610056840038,41
2026-02-10,SPY,-0.07988173176658292,3309
2026-02-10,TLT,0.88683929805319739,52
2026-02-10,USO,-1.4738195174832747,470
2026-02-10,UUP,-0.680570932810871,785
2026-02-11,GLD,3.229781370725322,32
2026-02-11,SPY,-0.38601190083239717,3478
2026-02-11,TLT,0.82891528435947692,52
2026-02-11,USO,0.2764986015053118,521
2026-02-11,UUP,-2.21971707632901,1342
2026-02-12,GLD,1.6639147548735489,41
2026-02-12,SPY,-0.3612753138713013,3332
2026-02-12,TLT,0.22020112497526645,48
2026-02-12,USO,-0.58227895371445326,393
2026-02-12,UUP,-1.1577473795868274,807
2026-02-13,GLD,3.0221927036182268,29
2026-02-13,SPY,-0.720210063962594,3570
2026-02-13,TLT,-0.96066053389013439,56
2026-02-13,USO,0.51177934388453661,702
2026-02-13,UUP,-1.3848027343681857,1075
2026-02-14,GLD,4.5204359919744812,15
2026-02-14,SPY,-0.62077079596205842,1010
2026-02-14,TLT,-0.67549938590865,15
2026-02-14,USO,-1.7395881109828211,321
2026-02-14,UUP,-1.2761493766404719,216
2026-02-15,GLD,2.4978635921150758,13
2026-02-15,SPY,-0.14231212111389735,772
2026-02-15,TLT,-0.32293503972912652,18
2026-02-15,USO,-0.058234452806668419,126
2026-02-15,UUP,-0.94889511401095139,153
2026-02-16,GLD,2.9890680795989404,36
2026-02-16,SPY,-0.1511197324036089,1678
2026-02-16,TLT,-0.53901944949756142,40
2026-02-16,USO,-1.1708290327392572,259
2026-02-16,UUP,-0.58693039868912633,433
2026-02-17,GLD,2.5606936931916642,44
2026-02-17,SPY,-0.2971281267407484,2491
2026-02-17,TLT,0.67302612748642454,54
2026-02-17,USO,-0.91288576737742877,426
2026-02-17,UUP,-0.86742274927714857,478
2026-02-18,GLD,1.9140597395367887,52
2026-02-18,SPY,0.11533927290278617,2634
2026-02-18,TLT,0.16672050675674366,57
2026-02-18,USO,-0.9624785070787627,439
2026-02-18,UUP,-0.62573592541102374,650
2026-02-19,GLD,2.8170875045471067,52
2026-02-19,SPY,-0.19855931471993368,2910
2026-02-19,TLT,-0.46382097011797652,51
2026-02-19,USO,-0.51254256706487511,659
2026-02-19,UUP,-0.85079506996632437,1113
2026-02-20,GLD,1.9002799342712535,112
2026-02-20,SPY,-0.79926931418616021,3016
2026-02-20,TLT,1.7983086468268228,80
2026-02-20,USO,-1.1496009430034195,553
2026-02-20,UUP,-1.163435400805791,1104
2026-02-21,GLD,2.7872469545787655,14
2026-02-21,SPY,-1.4105374357650211,1185
2026-02-21,TLT,1.5311582426363675,19
2026-02-21,USO,-1.0849199833957592,187
2026-02-21,UUP,-0.60889694600647715,241
2026-02-22,GLD,1.1470381551289317,15
2026-02-22,SPY,-0.91977255061318175,976
2026-02-22,TLT,1.7239296633893064,16
2026-02-22,USO,-0.16128362923530398,120
2026-02-22,UUP,-1.5723718199708052,181
2026-02-23,GLD,2.3150794997076258,47
2026-02-23,SPY,-1.0718572983918786,2699
2026-02-23,TLT,1.1488646802939484,61
2026-02-23,USO,-1.4949342897826763,422
2026-02-23,UUP,-1.2731483373808388,486
2026-02-24,GLD,2.0140660678314286,39
2026-02-24,SPY,-0.95530328703041945,4134
2026-02-24,TLT,1.2884503487451735,63
2026-02-24,USO,-0.77208837345414627,630
2026-02-24,UUP,-1.8127794021323909,502
2026-02-25,GLD,3.5046016339794126,40
2026-02-25,SPY,-0.32173200976835881,4113
2026-02-25,TLT,1.0989677668139946,36
2026-02-25,USO,-1.4997446342309542,518
2026-02-25,UUP,-1.6420234662981692,717
2026-02-26,GLD,3.06263871873404,19
2026-02-26,SPY,-0.14842766071097011,3317
2026-02-26,TLT,1.0874927181936069,74
2026-02-26,USO,-1.896312344332995,503
2026-02-26,UUP,-1.3382502054079333,600
2026-02-27,GLD,1.9529459872174946,31
2026-02-27,SPY,-0.82109650221252,3175
2026-02-27,TLT,1.0902953926101222,108
2026-02-27,USO,-0.51907515257551418,480
2026-02-27,UUP,-1.0578988855513582,735
2026-02-28,GLD,3.7416508687322034,16
2026-02-28,SPY,-1.2716862777075055,1290
2026-02-28,TLT,1.015307672068904,24
2026-02-28,USO,-1.1618597169235645,366
2026-02-28,UUP,-1.382735917133497,149
2026-03-01,GLD,2.730951231688072,11
2026-03-01,SPY,-1.5471281674077284,1022
2026-03-01,TLT,1.0430451403994574,23
2026-03-01,USO,-3.0109700326887854,574
2026-03-01,UUP,-1.7600910407966839,123
2026-03-02,GLD,0.33940987405201628,79
2026-03-02,SPY,-2.1318367221912444,3690
2026-03-02,TLT,1.312450298445667,110
2026-03-02,USO,-2.7259856852151811,1599
2026-03-02,UUP,-2.735585110882174,731
2026-03-03,GLD,1.3998604090197717,43
2026-03-03,SPY,-2.0750243063778551,3944
2026-03-03,TLT,-0.29518741117798181,106
2026-03-03,USO,-2.7594567355365132,1452
2026-03-03,UUP,-2.7478144384014294,822
2026-03-04,GLD,2.2335585783450549,40
2026-03-04,SPY,-1.8087311369084487,3408
2026-03-04,TLT,0.0036685265114366206,74
2026-03-04,USO,-2.5298103701920005,1167
2026-03-04,UUP,-2.1859218902004525,757
2026-03-05,GLD,2.0078411659384159,27
2026-03-05,SPY,-1.3817912982488183,3708
2026-03-05,TLT,0.086264160562313952,55
2026-03-05,USO,-2.6154847737569824,1023
2026-03-05,UUP,-2.1236036356273766,854
2026-03-06,GLD,1.4880625149044009,25
2026-03-06,SPY,-1.7217316184163445,3725
2026-03-06,TLT,0.33116419921462625,136
2026-03-06,USO,-2.693295401346175,1136
2026-03-06,UUP,-3.3504522007430264,1135
2026-03-07,GLD,1.5790780905843362,18
2026-03-07,SPY,-2.1133891547678267,1213
2026-03-07,TLT,0.067454316952294313,43
2026-03-07,USO,-3.1750919240132438,658
2026-03-07,UUP,-3.2766521449476769,464
2026-03-08,GLD,3.8599733883215412,7
2026-03-08,SPY,-1.5921593740723734,976
2026-03-08,TLT,-0.88394731049634068,17
2026-03-08,USO,-2.5365603145392051,620
2026-03-08,UUP,-2.5428276447744538,204
2026-03-09,GLD,1.5053722493073236,27
2026-03-09,SPY,-2.3840109335447086,3497
2026-03-09,TLT,-0.68775071729736159,87
2026-03-09,USO,-3.247720150752782,3042
2026-03-09,UUP,-3.0324665054741575,767
2026-03-10,GLD,1.2052765462423491,40
2026-03-10,SPY,-1.528590334925735,3330
2026-03-10,TLT,-0.33016352483935046,93
2026-03-10,USO,-2.5240996791229735,1456
2026-03-10,UUP,-2.6374917475139821,477
2026-03-11,GLD,1.7955494318616396,20
2026-03-11,SPY,-1.6456994597740098,3390
2026-03-11,TLT,0.10103470476487,81
2026-03-11,USO,-2.3893944466428976,1562
2026-03-11,UUP,-2.4658015823323618,777
2026-03-12,GLD,1.7821421858879203,50
2026-03-12,SPY,-1.5637634036467516,3044
2026-03-12,TLT,-0.56028460501509492,62
2026-03-12,USO,-2.553174865053609,1616
2026-03-12,UUP,-2.2237355188748982,1011
2026-03-13,GLD,2.0565467752960216,24
2026-03-13,SPY,-1.731321294613966,2835
2026-03-13,TLT,-1.2983417347688413,63
2026-03-13,USO,-2.559006858389941,1312
2026-03-13,UUP,-3.5209805057172505,1253
2026-03-14,GLD,1.0160068005000482,9
2026-03-14,SPY,-2.8662772384938444,1942
2026-03-14,TLT,1.9898993814926493,44
2026-03-14,USO,-2.629449811671619,568
2026-03-14,UUP,-4.0270880039559165,578
2026-03-15,GLD,3.153945623208791,13
2026-03-15,SPY,-2.0716579929400809,1167
2026-03-15,TLT,-0.74768692673999659,13
2026-03-15,USO,-2.3577336703429905,485
2026-03-15,UUP,-2.3299741422496427,149
2026-03-16,GLD,2.766553279305608,30
2026-03-16,SPY,-1.2854546741369881,2895
2026-03-16,TLT,-0.51674943832104114,57
2026-03-16,USO,-2.0851460110696425,1323
2026-03-16,UUP,-2.4959682009342576,736
2026-03-17,GLD,2.5162179371987254,33
2026-03-17,SPY,-0.84445467259942508,2903
2026-03-17,TLT,0.36004413648624517,56
2026-03-17,USO,-2.3149248824123956,1106
2026-03-17,UUP,-2.4983672066064906,758
2026-03-18,GLD,1.825511667194478,34
2026-03-18,SPY,-1.2621198472227557,2880
2026-03-18,TLT,-0.15126389782186456,55
2026-03-18,USO,-1.9895351027938593,997
2026-03-18,UUP,-2.5930386918897188,1717
2026-03-19,GLD,1.3599458252635446,45
2026-03-19,SPY,-1.9002518322221396,2965
2026-03-19,TLT,-1.9374091204661268,90
2026-03-19,USO,-2.9707568849273081,1495
2026-03-19,UUP,-2.6509557547520752,1244
2026-03-20,GLD,0.97958319916530756,27
2026-03-20,SPY,-1.4929706668349241,2894
2026-03-20,TLT,-0.77456455782626565,80
2026-03-20,USO,-3.0517812878664179,1183
2026-03-20,UUP,-2.5657809309115356,659
2026-03-21,GLD,1.4693173671140642,26
2026-03-21,SPY,-2.4080471292527048,1820
2026-03-21,TLT,0.15478423093640103,34
2026-03-21,USO,-2.86658604039353,724
2026-03-21,UUP,-2.007944864060887,386
2026-03-22,GLD,1.5838254790606081,6
2026-03-22,SPY,-2.2991322664916147,1269
2026-03-22,TLT,-2.0765474014038703,21
2026-03-22,USO,-3.0565688200803809,476
2026-03-22,UUP,-2.025556696378116,205
2026-03-23,GLD,0.20944095589154871,69
2026-03-23,SPY,-1.6666670379176092,2904
2026-03-23,TLT,-1.21615037994648,74
2026-03-23,USO,-2.7982850461139108,1367
2026-03-23,UUP,-3.0488874798635566,594
2026-03-24,GLD,2.3181027874706048,33
2026-03-24,SPY,-1.6187813075391515,2955
2026-03-24,TLT,-0.94158981409419007,63
2026-03-24,USO,-2.3702963999914295,1216
2026-03-24,UUP,-2.2601726040078942,504
2026-03-25,GLD,2.1410412013023117,44
2026-03-25,SPY,-1.2501768170451033,2874
2026-03-25,TLT,0.00794907568444625,97
2026-03-25,USO,-1.9476055639282992,1009
2026-03-25,UUP,-2.1790482724495508,506
2026-03-26,GLD,2.7283464828950224,26
2026-03-26,SPY,-1.8721559191509143,3015
2026-03-26,TLT,-0.79027125733043879,64
2026-03-26,USO,-1.2185980678897357,1010
2026-03-26,UUP,-2.3767177013400231,627
2026-03-27,GLD,2.6312726522235179,31
2026-03-27,SPY,-2.6060758255572689,4013
2026-03-27,TLT,-0.74912255170615261,63
2026-03-27,USO,-2.4200679253233441,806
2026-03-27,UUP,-1.3477846108357805,541
2026-03-28,GLD,2.0153885235108007,21
2026-03-28,SPY,-2.7836331203269244,1500
2026-03-28,TLT,-0.52537071791227707,36
2026-03-28,USO,-1.8946127776408226,464
2026-03-28,UUP,-1.6049089309659497,136
2026-03-29,GLD,2.4407397602250169,10
2026-03-29,SPY,-1.4251339649537171,1027
2026-03-29,TLT,-1.1587714930826085,15
2026-03-29,USO,-0.54587055264340023,350
2026-03-29,UUP,-2.2666729739608709,182
2026-03-30,GLD,0.976042734122479,23
2026-03-30,SPY,-1.6993119224094448,2570
2026-03-30,TLT,-0.068483451837815873,70
2026-03-30,USO,-2.5597789195795566,906
2026-03-30,UUP,-2.2594417438230088,589
2026-03-31,GLD,2.7738912065928147,28
2026-03-31,SPY,-1.6097916703399628,3662
2026-03-31,TLT,0.3633953544074876,61
2026-03-31,USO,-2.1958919717294041,1106
2026-03-31,UUP,-1.8679761753524089,596
2026-04-01,GLD,2.6772843203945533,36
2026-04-01,SPY,-1.0427398288807588,3666
2026-04-01,TLT,0.91921352302350945,54
2026-04-01,USO,-2.1321251097045884,1009
2026-04-01,UUP,-1.2798597100282321,419
2026-04-02,GLD,1.0379072946977241,27
2026-04-02,SPY,-1.5008505098034193,3179
2026-04-02,TLT,-0.34706092344397016,87
2026-04-02,USO,-2.6068337228718272,1448
2026-04-02,UUP,-2.7695792936449455,1222
2026-04-03,GLD,3.980399003003197,12
2026-04-03,SPY,-1.090650398955064,1962
2026-04-03,TLT,-1.1109251208104041,41
2026-04-03,USO,-2.16532105022446,1290
2026-04-03,UUP,-2.6170625750802254,745
2026-04-04,GLD,3.779867009194648,10
2026-04-04,SPY,-1.872200906758291,947
2026-04-04,TLT,-0.33212004367465736,23
2026-04-04,USO,-1.6262446558222583,394
2026-04-04,UUP,-1.8543405674897893,249
2026-04-05,GLD,7.4978060552874046,2
2026-04-05,SPY,-2.0469882265008712,1276
2026-04-05,TLT,-1.7582377464782881,13
2026-04-05,USO,-1.7392638361636736,300
2026-04-05,UUP,-2.3880457608464165,105
2026-04-06,GLD,3.7125576926382431,22
2026-04-06,SPY,-1.7928066287618176,2495
2026-04-06,TLT,-0.027353445281231459,20
2026-04-06,USO,-2.8881941370220705,982
2026-04-06,UUP,-2.8507771035206013,645
2026-04-07,GLD,1.891504485491196,28
2026-04-07,SPY,-1.6743031324970123,3552
2026-04-07,TLT,-0.56897465269675584,53
2026-04-07,USO,-2.9554324568048114,1231
2026-04-07,UUP,-2.4674801369661088,446
2026-04-08,GLD,2.7411108435999552,57
2026-04-08,SPY,-1.4370749083042871,3336
2026-04-08,TLT,0.40299538111570715,98
2026-04-08,USO,-1.9693040686162591,1399
2026-04-08,UUP,-2.18870683155292,618
2026-04-09,GLD,1.1635634728751891,34
2026-04-09,SPY,-1.2685444451237571,3496
2026-04-09,TLT,0.12586959508178605,79
2026-04-09,USO,-2.1345662547046707,1122
2026-04-09,UUP,-2.0969189770827268,772
2026-04-10,GLD,2.30722075200528,28
2026-04-10,SPY,-1.0849322617015211,2641
2026-04-10,TLT,0.87716552273330106,79
2026-04-10,USO,-1.5084715756147271,868
2026-04-10,UUP,-2.3116385895767904,1138
2026-04-11,GLD,4.8788439592764563,12
2026-04-11,SPY,-1.1670176993363675,1054
2026-04-11,TLT,0.54840088455033631,28
2026-04-11,USO,-1.8375905245358708,352
2026-04-11,UUP,-1.9574431189166863,343
2026-04-12,GLD,3.0429656907225962,5
2026-04-12,SPY,-1.2045009865784471,963
2026-04-12,TLT,-0.39870512345531672,14
2026-04-12,USO,-0.89309663344349011,333
2026-04-12,UUP,-2.3574619976255207,147
2026-04-13,GLD,0.15419145690008551,36
2026-04-13,SPY,-2.4551380175708006,3457
2026-04-13,TLT,-0.26955073426373632,58
2026-04-13,USO,-2.7967661436825377,1221
2026-04-13,UUP,-1.6691052118799345,330
2026-04-14,GLD,2.3441373723818462,32
2026-04-14,SPY,-0.97553653480091085,3232
2026-04-14,TLT,0.66827898814979647,71
2026-04-14,USO,-1.9952158728952938,855
2026-04-14,UUP,-1.5065762255864144,593
2026-04-15,GLD,2.234089181369749,24
2026-04-15,SPY,-1.0375974591584107,3379
2026-04-15,TLT,0.85480095357620889,65
2026-04-15,USO,-1.4255551460945333,852
2026-04-15,UUP,-2.4629503569832352,1000
2026-04-16,GLD,2.4995655023870063,28
2026-04-16,SPY,-0.76938387694614363,3168
2026-04-16,TLT,0.19152335083798594,44
2026-04-16,USO,-0.81621451886006569,679
2026-04-16,UUP,-1.8966221060600719,591
2026-04-17,GLD,2.1390557237132368,16
2026-04-17,SPY,-0.7983704302976834,3138
2026-04-17,TLT,0.084415324296680069,73
2026-04-17,USO,-1.6563926997388345,946
2026-04-17,UUP,-1.5563300466925356,416
2026-04-18,GLD,4.7059640294053278,14
2026-04-18,SPY,-1.2405303912054664,1161
2026-04-18,TLT,-0.35570985176000847,24
2026-04-18,USO,-1.4811029890146774,487
2026-04-18,UUP,-1.7343655205422761,288
2026-04-19,GLD,3.3156264462465437,8
2026-04-19,SPY,-1.1687892561328566,990
2026-04-19,TLT,0.14503785281175252,18
2026-04-19,USO,-1.6371601334160959,400
2026-04-19,UUP,-1.5301389671829955,151
2026-04-20,GLD,1.9215244738834998,32
2026-04-20,SPY,-1.7027787140590245,2774
2026-04-20,TLT,-0.71590275086234745,56
2026-04-20,USO,-2.4724202039564558,982
2026-04-20,UUP,-1.8106858091570615,349
2026-04-21,GLD,2.2795347758289397,36
2026-04-21,SPY,-1.0266401139884143,2985
2026-04-21,TLT,0.094156687251509219,64
2026-04-21,USO,-1.9195290400735441,793
2026-04-21,UUP,-2.0792173639559279,1215
2026-04-22,GLD,2.3791328584708773,23
2026-04-22,SPY,-1.3516612975342233,3467
2026-04-22,TLT,-0.33135409630862112,62
2026-04-22,USO,-1.7924320398473448,878
2026-04-22,UUP,-1.9959898122667712,810
2026-04-23,GLD,1.4982313584049867,28
2026-04-23,SPY,-0.68125638745705264,3318
2026-04-23,TLT,-0.5186099683175488,60
2026-04-23,USO,-2.1232613046022011,909
2026-04-23,UUP,-1.9060666278316423,482
2026-04-24,GLD,1.5345206128798159,26
2026-04-24,SPY,-0.62041072897357885,2804
2026-04-24,TLT,-0.66163945317199613,85
2026-04-24,USO,-1.878183468544232,834
2026-04-24,UUP,-2.5282581668084418,1020
2026-04-25,GLD,3.9256808881798047,8
2026-04-25,SPY,-0.45961119617744817,1081
2026-04-25,TLT,0.4057833252627101,20
2026-04-25,USO,-1.9487923674812611,386
2026-04-25,UUP,-2.1538210989147815,344
2026-04-26,GLD,1.0646466727147317,7
2026-04-26,SPY,-1.3053688553007339,1093
2026-04-26,TLT,0.09886091611091341,7
2026-04-26,USO,-0.994063922804477,223
2026-04-26,UUP,-1.9912227130670705,348
2026-04-27,GLD,1.4183137525380047,46
2026-04-27,SPY,-0.42295877601807552,2544
2026-04-27,TLT,0.3673294841368539,70
2026-04-27,USO,-1.2058015702695151,687
2026-04-27,UUP,-2.01145651911954,780
2026-04-28,GLD,0.711897441509534,34
2026-04-28,SPY,-0.7655594550762469,3099
2026-04-28,TLT,0.19552276742218067,64
2026-04-28,USO,-1.9589883470115776,1071
2026-04-28,UUP,-1.6458405336247055,654
2026-04-29,GLD,2.2957996725545109,27
2026-04-29,SPY,-1.7724460616569051,4252
2026-04-29,TLT,-1.1516618209796055,58
2026-04-29,USO,-1.7401231695823955,1169
2026-04-29,UUP,-2.0657885215749276,1800
2026-04-30,GLD,1.3845606823647969,47
2026-04-30,SPY,-0.67008952727644788,3299
2026-04-30,TLT,-0.45088684512850535,49
2026-04-30,USO,-3.2155887891773065,1341
2026-04-30,UUP,-2.3450580937013448,1434
2026-05-01,GLD,1.0417465710712697,13
2026-05-01,SPY,-0.47653495236069843,2338
2026-05-01,TLT,-0.38082614250603619,19
2026-05-01,USO,-2.6467067652546521,760
2026-05-01,UUP,-1.9588764276725512,621
2026-05-02,GLD,3.6736513666160189,9
2026-05-02,SPY,-0.86821555149728158,1224
2026-05-02,TLT,-0.22951606983293016,11
2026-05-02,USO,-1.9266496000481983,396
2026-05-02,UUP,-3.045321254299092,316
2026-05-03,GLD,2.5654602480284221,4
2026-05-03,SPY,-0.70847158611303507,940
2026-05-03,TLT,-4.7681962284012922,5
2026-05-03,USO,-2.6389616849094981,430
2026-05-03,UUP,-2.3549654815870755,166
2026-05-04,GLD,2.6574472504505624,9
2026-05-04,SPY,-0.95923764873417738,2910
2026-05-04,TLT,-0.52173964761013991,39
2026-05-04,USO,-1.9831432763555554,779
2026-05-04,UUP,-1.5436052066183688,402
2026-05-05,GLD,2.5281099867855858,25
2026-05-05,SPY,-0.30410434095174393,2974
2026-05-05,TLT,0.47072007616087491,45
2026-05-05,USO,-1.8599679941310785,748
2026-05-05,UUP,-2.151665900707286,404
2026-05-06,GLD,2.73320346796014,60
2026-05-06,SPY,0.14421060311169995,3415
2026-05-06,TLT,0.94770631432724417,52
2026-05-06,USO,-1.2049290596559525,904
2026-05-06,UUP,-1.2255242760253116,508
2026-05-07,GLD,1.6043481869427587,41
2026-05-07,SPY,0.53472253141324466,4090
2026-05-07,TLT,0.64143039469689611,43
2026-05-07,USO,-0.949757249739993,756
2026-05-07,UUP,-1.4519161911605749,525
2026-05-08,GLD,3.1255256635972488,26
2026-05-08,SPY,-0.75740214649182214,2859
2026-05-08,TLT,-0.3095541673239372,42
2026-05-08,USO,-1.5536990893198517,725
2026-05-08,UUP,-1.861767282930926,445
2026-05-09,GLD,5.9361867478955972,11
2026-05-09,SPY,-0.58441481604180556,1226
2026-05-09,TLT,0.79121613201317831,15
2026-05-09,USO,-0.89696936962926355,301
2026-05-09,UUP,-2.1795792867024977,264
2026-05-10,GLD,5.0187405720569878,8
2026-05-10,SPY,-1.1326204967789384,1144
2026-05-10,TLT,-0.77167245270828611,8
2026-05-10,USO,-0.94886471653076376,241
2026-05-10,UUP,-1.1973027646572141,119
2026-05-11,GLD,1.7836256733835758,25
2026-05-11,SPY,-1.2799380083498497,2835
2026-05-11,TLT,0.39274236863205658,38
2026-05-11,USO,-2.1586703816117674,717
2026-05-11,UUP,-1.2192593218937189,345
2026-05-12,GLD,2.5444706290454819,26
2026-05-12,SPY,-1.3564236572416097,3484
2026-05-12,TLT,-0.38947035888165182,42
2026-05-12,USO,-0.96483059069398958,902
2026-05-12,UUP,-2.3130691717458109,1357
2026-05-13,GLD,2.6893845693279621,28
2026-05-13,SPY,-0.8712676919501593,3177
2026-05-13,TLT,-0.14478193563712127,59
2026-05-13,USO,-1.0739472995032273,683
2026-05-13,UUP,-1.8033271082020261,1230
2026-05-14,GLD,2.9144236269917361,38
2026-05-14,SPY,-0.21219151424609364,2757
2026-05-14,TLT,0.13121155913230287,56
2026-05-14,USO,-0.915183907551983,484
2026-05-14,UUP,-1.5726439338693428,894
2026-05-15,GLD,2.036068673251525,53
2026-05-15,SPY,-0.68256730311437319,2582
2026-05-15,TLT,-0.69475074754293276,86
2026-05-15,USO,-1.1391871516099947,748
2026-05-15,UUP,-0.98032057502347858,764
2026-05-16,GLD,4.6721558925676785,12
2026-05-16,SPY,-0.62846588638870271,983
2026-05-16,TLT,-0.60358926100463228,17
2026-05-16,USO,-0.6298257193853436,334
2026-05-16,UUP,-1.3212872842261514,421
2026-05-17,GLD,1.8010346750810076,6
2026-05-17,SPY,-0.56010072235208175,872
2026-05-17,TLT,-1.4891416271200508,15
2026-05-17,USO,-0.50785684215161275,237
2026-05-17,UUP,-2.1407977759058028,281
2026-05-18,GLD,2.5310320618726223,23
2026-05-18,SPY,-1.2993960711910613,2249
2026-05-18,TLT,-0.95326628731907537,57
2026-05-18,USO,-1.8980843344620058,609
2026-05-18,UUP,-2.0818053412335442,335
2026-05-19,GLD,3.6443927998820835,18
2026-05-19,SPY,-1.1459492435021466,2644
2026-05-19,TLT,-0.93024986370360585,66
2026-05-19,USO,-1.3739245548222807,592
2026-05-19,UUP,-1.3453490245184112,606
2026-05-20,GLD,1.9615587013775686,40
2026-05-20,SPY,-0.65103450680251485,3038
2026-05-20,TLT,0.80414685698741573,137
2026-05-20,USO,-1.7103690213878178,731
2026-05-20,UUP,-1.6666465209866699,657
2026-05-21,GLD,1.4913702847044144,22
2026-05-21,SPY,-0.18404358993957204,3464
2026-05-21,TLT,1.130285553298026,83
2026-05-21,USO,-1.0479994366768197,644
2026-05-21,UUP,-1.3140043016137384,643
2026-05-22,GLD,1.4056443043925253,45
2026-05-22,SPY,-0.4676148880267415,2957
2026-05-22,TLT,0.93128054626537293,46
2026-05-22,USO,-2.372042155526692,588
2026-05-22,UUP,-0.50999169322139559,918
2026-05-23,GLD,5.2369274967279882,13
2026-05-23,SPY,-0.32123752150210089,957
2026-05-23,TLT,3.03502197370911,79
2026-05-23,USO,-0.42707745961148119,343
2026-05-23,UUP,-1.0595004873725251,364
2026-05-24,GLD,2.0601579552184535,8
2026-05-24,SPY,-0.48113071888528774,815
2026-05-24,TLT,-1.6517344127013065,7
2026-05-24,USO,-0.42994748770981284,230
2026-05-24,UUP,-1.8364940501179337,192
2026-05-25,GLD,2.9151026140513019,26
2026-05-25,SPY,-0.18867939132652689,1621
2026-05-25,TLT,0.43143432788232033,68
2026-05-25,USO,-0.62738740853717512,630
2026-05-25,UUP,-1.1867759061842522,218
2026-05-26,GLD,2.0475315287218931,31
2026-05-26,SPY,-0.53607081107043042,2628
2026-05-26,TLT,-0.11819023083767413,71
2026-05-26,USO,-1.46710415937728,640
2026-05-26,UUP,-1.4684176189934961,432
2026-05-27,GLD,3.1704877806071448,13
2026-05-27,SPY,-0.52280875607403376,2823
2026-05-27,TLT,0.38411101809609483,77
2026-05-27,USO,-1.2681934069747085,781
2026-05-27,UUP,-0.92831516794007185,568
2026-05-28,GLD,1.2132671039046692,17
2026-05-28,SPY,-0.65463253287687839,2623
2026-05-28,TLT,-0.049065357541882487,61
2026-05-28,USO,-1.1690519556810526,542
2026-05-28,UUP,-1.6679029155945004,1463
2026-05-29,GLD,1.1798381770647508,39
2026-05-29,SPY,-0.15686871678885153,2363
2026-05-29,TLT,0.36031641051828683,76
2026-05-29,USO,-0.75943117187336984,806
2026-05-29,UUP,-1.3456630507940037,592
2026-05-30,GLD,3.1652493194407789,7
2026-05-30,SPY,-0.70741115578852387,979
2026-05-30,TLT,-0.87330225271479656,27
2026-05-30,USO,-0.35835312193383018,195
2026-05-30,UUP,-2.6949223965564317,241
2026-05-31,GLD,1.99240955777813,10
2026-05-31,SPY,-0.6819351359922462,918
2026-05-31,TLT,-2.8977841739373833,20
2026-05-31,USO,-0.38870341669264036,311
2026-05-31,UUP,-1.1233207973405739,125
2026-06-01,GLD,0.73912782516534592,19
2026-06-01,SPY,-0.5721782028672977,2323
2026-06-01,TLT,-0.35302691969646322,45
2026-06-01,USO,-0.84540446617702636,649
2026-06-01,UUP,-0.95999873201225483,732
2026-06-02,GLD,2.8481368789996684,28
2026-06-02,SPY,-0.66319736939422747,2563
2026-06-02,TLT,0.74598362441646682,44
2026-06-02,USO,-0.73376277226916731,570
2026-06-02,UUP,-1.2707452703017517,993
2026-06-03,GLD,2.0434256190630729,23
2026-06-03,SPY,-0.68923648564178952,3013
2026-06-03,TLT,-0.71971980444978467,42
2026-06-03,USO,-0.9424900826261513,559
2026-06-03,UUP,-0.34981706328368894,794
2026-06-04,GLD,2.3333217314404417,19
2026-06-04,SPY,-0.7008102543302217,2744
2026-06-04,TLT,-0.020689606932499882,47
2026-06-04,USO,-0.98637578620342425,452
2026-06-04,UUP,-1.5681014974866474,724
2026-06-05,GLD,1.7518030640232303,16
2026-06-05,SPY,-0.78094595153289137,3018
2026-06-05,TLT,0.34981452796696089,57
2026-06-05,USO,-1.0924312356833308,382
2026-06-05,UUP,-2.0155830459743513,1136
2026-06-06,GLD,1.7399087422547439,12
2026-06-06,SPY,-0.85358243616766538,1207
2026-06-06,TLT,0.58798461064348928,20
2026-06-06,USO,-1.462933194137443,281
2026-06-06,UUP,-1.7381296519473943,362
2026-06-07,GLD,5.3737203960371129,5
2026-06-07,SPY,-0.50950084873398149,697
2026-06-07,TLT,1.103347447433737,13
2026-06-07,USO,-0.718901199152914,130
2026-06-07,UUP,-1.5110969624237267,251